Datetime;Branch;Gender;Age;NPS;CSI;Loyalty;CES;Account Opening;ATM Service;Mobile Banking;Internet Banking;Customer Service;Loan Application;Complaint Handling;Branch Cleanliness;Staff Friendliness;Transaction Speed;Improvement_Feedback
11/01/2025 20.03;Bogor Selatan;Male;22;7;4;4;4;4;4;5;4;4;4;4;4;4;3;overall good
05/01/2025 05.17;Tanah Sareal;Female;27;4;3;3;3;3;3;4;3;3;3;3;3;3;3;overall good
11/01/2025 14.43;Sukaraja;Male;48;9;4;3;4;4;3;4;3;4;3;3;4;4;4;overall good
27/01/2025 10.54;Cibinong;Female;53;7;4;3;4;4;4;4;3;4;4;3;4;4;4;overall good
01/01/2025 07.34;Gunung Putri;Male;35;8;3;4;4;3;3;3;3;4;4;4;4;4;3;overall good
08/01/2025 13.08;Baranangsiang;Female;65;10;4;4;4;3;4;4;4;4;3;4;4;5;4;overall good
05/01/2025 16.40;Yasmin;Male;42;10;3;4;4;3;4;4;4;3;3;3;3;4;4;overall good
23/01/2025 07.16;Bojonggede;Female;43;7;4;3;4;4;3;4;4;5;4;4;4;3;4;overall good
04/01/2025 19.48;Cijeruk;Male;28;8;5;4;4;4;3;4;4;4;3;5;3;4;5;overall good
18/01/2025 13.20;Cijeruk;Female;39;4;3;4;3;3;4;3;4;3;4;3;3;4;3;overall good
12/01/2025 01.31;Sukaraja;Male;33;7;4;3;4;4;4;3;3;4;4;4;4;4;4;overall good
05/01/2025 21.40;Dramaga;Female;26;6;4;5;4;3;4;3;4;4;3;4;4;4;5;overall good
08/01/2025 21.30;Leuwiliang;Male;38;10;4;3;3;4;4;4;4;4;4;4;5;4;3;overall good
04/01/2025 11.11;Bojonggede;Female;43;10;4;3;4;4;3;3;3;3;4;4;3;4;4;overall good
08/01/2025 22.22;Kemang;Male;61;9;4;4;3;4;4;4;4;3;3;4;4;4;5;overall good
16/01/2025 17.49;Babakan Madang;Female;45;9;4;4;4;4;4;4;4;4;4;5;3;4;3;overall good
16/01/2025 07.31;Bogor Barat;Male;35;6;4;4;3;3;4;3;4;4;3;5;4;3;4;overall good
11/01/2025 07.43;Leuwiliang;Female;38;10;4;3;4;4;4;3;3;3;3;4;4;3;4;overall good
07/01/2025 22.27;Caringin;Male;46;8;5;4;4;5;4;5;5;4;4;3;4;4;4;overall good
29/01/2025 09.05;Cileungsi;Female;29;10;4;4;4;5;4;5;4;4;5;4;4;4;4;overall good
07/01/2025 17.10;Gunung Putri;Male;58;9;4;4;3;5;3;4;4;4;4;4;4;4;4;overall good
06/01/2025 07.45;Ciawi;Female;52;9;4;4;4;4;4;3;4;4;4;4;4;5;4;overall good
29/01/2025 22.52;Tanah Sareal;Male;61;10;4;4;4;4;4;5;4;4;4;4;4;4;4;overall good
26/01/2025 16.27;Bogor Timur;Female;45;10;4;3;3;4;4;4;4;4;3;4;3;4;3;overall good
06/01/2025 13.27;Cileungsi;Male;56;0;3;4;3;3;4;4;3;3;4;3;3;3;3;overall good
06/01/2025 09.58;Cijeruk;Female;38;8;4;4;4;4;3;4;4;4;3;4;5;4;4;overall good
13/01/2025 18.52;Dramaga;Male;48;9;4;4;4;4;4;4;4;5;4;5;4;4;4;overall good
31/01/2025 08.31;Ciawi;Female;32;7;4;4;4;3;4;4;5;5;5;5;4;4;5;overall good
08/01/2025 10.04;Dramaga;Male;61;7;4;4;3;3;4;3;4;3;3;3;3;3;4;overall good
30/01/2025 01.49;Bojonggede;Female;31;7;3;4;4;4;3;3;4;4;3;4;4;4;4;overall good
15/01/2025 22.16;Ciomas;Male;52;10;5;4;5;5;5;4;5;5;4;4;3;4;5;overall good
05/01/2025 03.47;Cibinong;Female;24;9;4;5;4;3;4;4;4;3;4;4;5;4;4;overall good
07/01/2025 02.31;Caringin;Male;25;4;3;4;4;3;4;3;3;4;3;3;3;5;4;overall good
13/01/2025 20.48;Tanah Sareal;Female;63;9;4;4;4;4;4;3;3;3;2;3;4;4;3;improve Loan Application
27/01/2025 04.19;Ciawi;Male;59;9;4;5;4;4;3;3;4;4;3;4;3;5;4;overall good
22/01/2025 06.25;Yasmin;Female;40;10;4;4;3;5;4;3;4;3;3;4;5;3;4;overall good
04/01/2025 02.35;Ciawi;Male;49;9;3;3;3;4;3;4;4;3;3;3;4;4;3;overall good
29/01/2025 13.34;Ciomas;Female;22;7;4;3;4;3;4;3;3;3;4;4;3;4;3;overall good
12/01/2025 02.44;Cibinong;Male;21;9;3;4;4;3;4;4;3;4;3;4;5;3;3;overall good
25/01/2025 23.02;Bogor Timur;Female;23;0;4;4;4;4;4;5;4;4;4;4;4;4;4;overall good
27/01/2025 04.15;Cibinong;Male;38;7;5;4;4;4;4;3;3;3;4;4;5;4;4;overall good
23/01/2025 23.03;Tanah Sareal;Female;57;7;3;4;4;3;5;4;4;4;5;4;4;4;4;overall good
18/01/2025 04.47;Gunung Putri;Male;33;10;4;4;4;4;4;5;4;4;4;4;4;4;4;overall good
05/01/2025 18.39;Gunung Putri;Female;47;9;4;4;5;4;3;3;5;4;4;4;3;5;4;overall good
13/01/2025 01.42;Bogor Barat;Male;46;7;4;4;4;3;4;5;5;5;4;3;4;4;4;overall good
21/01/2025 11.31;Yasmin;Female;33;7;4;3;3;3;2;4;3;3;3;3;4;3;3;improve ATM Service
22/01/2025 12.17;Baranangsiang;Male;38;9;4;3;4;4;4;5;4;4;3;5;4;4;4;overall good
05/01/2025 12.39;Cijeruk;Female;27;9;4;4;4;4;4;4;4;4;5;3;4;4;3;overall good
11/01/2025 09.02;Cibinong;Male;31;10;4;3;3;3;5;4;4;4;3;3;4;3;4;overall good
19/01/2025 22.52;Leuwiliang;Female;24;9;4;4;4;4;4;3;4;4;4;4;3;4;4;overall good
08/01/2025 12.21;Cileungsi;Male;50;10;4;3;3;3;4;3;5;3;4;4;4;3;4;overall good
29/01/2025 02.47;Yasmin;Female;39;9;4;4;4;4;4;4;3;3;4;4;4;4;4;overall good
03/01/2025 10.25;Cijeruk;Male;24;0;3;4;3;4;3;4;4;4;4;4;4;3;3;overall good
03/01/2025 18.16;Sukaraja;Female;51;7;4;4;3;4;3;3;3;3;3;3;4;3;5;overall good
29/01/2025 21.15;Ciawi;Male;26;0;4;4;4;4;4;5;4;5;4;4;5;4;5;overall good
06/01/2025 19.40;Bogor Timur;Female;64;3;4;4;4;4;3;4;4;4;4;4;3;4;4;overall good
31/01/2025 01.37;Sukaraja;Male;36;7;4;4;4;4;3;4;4;4;3;3;4;4;4;overall good
13/01/2025 15.48;Bogor Timur;Female;47;8;4;4;4;4;4;4;4;4;4;4;3;4;4;overall good
13/01/2025 21.27;Yasmin;Male;63;7;4;5;4;4;5;4;5;4;5;5;4;4;5;overall good
23/01/2025 04.42;Leuwiliang;Female;29;8;4;4;4;4;4;4;4;4;4;5;4;5;4;overall good
04/01/2025 13.21;Ciomas;Male;25;9;4;3;4;4;4;4;5;3;4;3;4;3;4;overall good
17/01/2025 22.37;Cijeruk;Female;34;7;4;4;4;4;5;4;3;5;5;4;4;4;4;overall good
22/01/2025 06.31;Bogor Timur;Male;36;9;5;4;4;3;4;4;5;4;4;4;5;5;4;overall good
27/01/2025 22.09;Cijeruk;Female;40;7;4;4;4;4;3;4;4;4;4;4;4;4;4;overall good
13/01/2025 20.07;Dramaga;Male;63;9;4;4;3;4;4;4;4;4;4;3;4;4;5;overall good
14/01/2025 05.18;Bogor Selatan;Female;27;7;4;4;4;4;4;4;4;3;4;4;3;4;3;overall good
10/01/2025 21.12;Dramaga;Male;59;10;4;4;4;5;4;4;5;3;3;4;4;4;5;overall good
05/01/2025 11.32;Cileungsi;Female;53;7;4;3;4;4;4;5;3;3;4;4;4;4;4;overall good
07/01/2025 08.24;Gunung Putri;Male;38;10;4;3;4;4;4;4;4;4;4;4;4;3;4;overall good
28/01/2025 05.30;Cileungsi;Female;31;8;4;4;3;4;3;4;3;3;3;3;2;3;4;improve Branch Cleanliness
27/01/2025 11.39;Bogor Tengah;Male;28;9;4;4;4;4;3;5;4;4;4;4;3;4;4;overall good
21/01/2025 20.44;Bogor Barat;Female;44;7;3;4;4;3;4;4;4;4;3;4;4;4;4;overall good
18/01/2025 08.52;Tanah Sareal;Male;23;9;4;5;4;5;4;5;4;4;4;4;4;4;4;overall good
18/01/2025 04.03;Yasmin;Female;64;9;4;4;4;4;4;4;3;4;3;4;4;4;5;overall good
08/01/2025 12.04;Cijeruk;Male;47;5;3;4;4;4;3;4;3;3;4;4;3;4;4;overall good
09/01/2025 14.16;Cibinong;Female;31;6;4;4;4;3;3;4;4;4;3;4;2;4;3;improve Branch Cleanliness
20/01/2025 23.40;Gunung Putri;Male;22;10;3;3;4;3;4;4;4;4;3;4;3;3;3;overall good
19/01/2025 13.41;Cibinong;Female;38;9;5;4;4;4;5;4;4;5;4;4;4;4;4;overall good
17/01/2025 23.22;Bogor Barat;Male;51;10;4;4;4;4;3;4;4;5;3;5;4;5;3;overall good
20/01/2025 08.14;Dramaga;Female;35;9;4;4;5;4;4;4;4;4;4;5;4;4;5;overall good
14/01/2025 13.12;Ciomas;Male;38;6;4;4;4;5;4;4;4;4;4;4;4;5;4;overall good
02/01/2025 08.09;Bojonggede;Female;62;8;4;4;3;4;4;4;4;4;4;4;4;3;3;overall good
02/01/2025 20.34;Bogor Selatan;Male;37;10;4;4;4;4;4;5;5;4;5;5;4;3;5;overall good
22/01/2025 04.26;Bogor Selatan;Female;59;8;3;4;4;4;4;4;4;4;4;3;3;3;3;overall good
13/01/2025 08.46;Kemang;Male;53;9;3;3;3;3;4;4;3;3;4;3;3;4;3;overall good
18/01/2025 16.20;Bogor Barat;Female;48;9;3;4;4;3;4;4;4;4;5;4;4;4;4;overall good
31/01/2025 06.01;Gunung Putri;Male;25;2;4;4;4;3;5;3;3;3;4;4;4;3;4;overall good
15/01/2025 13.54;Ciomas;Female;63;5;4;3;4;4;4;3;3;4;3;4;5;3;3;overall good
20/01/2025 12.49;Ciawi;Male;40;8;5;3;4;5;3;4;5;4;4;3;3;3;3;overall good
19/01/2025 09.44;Dramaga;Female;56;10;4;4;3;4;4;3;4;4;3;5;4;3;4;overall good
27/01/2025 14.23;Baranangsiang;Male;60;8;4;4;4;4;3;4;4;4;5;5;4;3;4;overall good
29/01/2025 03.43;Bogor Tengah;Female;40;10;4;5;4;4;4;4;4;5;5;4;3;3;4;overall good
22/01/2025 11.09;Kemang;Male;62;10;3;4;4;3;4;4;3;4;3;4;4;3;4;overall good
05/01/2025 02.47;Yasmin;Female;53;9;4;4;3;4;4;4;4;4;4;4;4;4;3;overall good
17/01/2025 06.31;Dramaga;Male;53;4;3;3;3;4;4;3;4;4;2;3;3;3;4;improve Loan Application
10/01/2025 16.00;Bogor Timur;Female;36;7;5;4;5;4;4;4;4;4;4;4;4;4;5;overall good
30/01/2025 16.11;Tanah Sareal;Male;22;10;4;3;4;3;4;3;3;4;4;4;3;4;4;overall good
19/01/2025 15.22;Bogor Timur;Female;50;7;3;3;4;3;3;4;3;3;3;3;3;3;4;overall good
06/01/2025 04.10;Caringin;Male;46;9;3;4;3;3;4;3;4;4;3;4;3;4;4;overall good
03/01/2025 10.30;Gunung Putri;Female;35;10;5;4;4;4;4;5;4;4;4;4;4;5;4;overall good
23/01/2025 03.48;Cijeruk;Male;36;0;4;4;4;4;3;3;4;3;3;4;4;4;5;overall good
22/01/2025 11.38;Tanah Sareal;Female;50;8;4;4;4;4;4;4;4;3;3;3;3;5;3;overall good
08/01/2025 17.25;Kemang;Male;53;10;4;4;4;4;3;4;4;4;5;4;4;4;4;overall good
31/01/2025 22.55;Caringin;Female;49;9;3;4;4;4;4;4;4;4;5;4;5;4;3;overall good
14/01/2025 07.55;Cileungsi;Male;54;7;4;5;4;4;3;4;4;4;4;5;4;3;4;overall good
14/01/2025 04.34;Babakan Madang;Female;25;7;4;4;4;4;4;4;4;4;4;5;4;5;4;overall good
07/01/2025 17.13;Ciomas;Male;41;0;4;3;3;3;4;4;5;4;4;5;5;5;4;overall good
11/01/2025 09.16;Tanah Sareal;Female;35;9;4;4;4;4;4;4;4;4;5;4;5;4;4;overall good
21/01/2025 04.24;Bogor Timur;Male;47;8;3;4;4;4;4;3;5;4;4;3;3;3;4;overall good
29/01/2025 08.30;Bogor Barat;Female;34;8;5;4;4;4;3;5;4;4;4;5;4;4;3;overall good
18/01/2025 01.49;Bogor Tengah;Male;57;9;4;4;4;3;4;3;4;4;4;4;4;3;3;overall good
21/01/2025 08.11;Dramaga;Female;45;6;4;4;3;4;4;4;3;3;4;4;4;4;4;overall good
24/01/2025 16.49;Cijeruk;Male;55;1;3;4;3;3;3;4;3;3;4;3;3;3;4;overall good
19/01/2025 21.03;Cibinong;Female;38;9;4;4;4;4;3;3;4;3;2;4;4;2;3;improve Loan Application, Staff Friendliness
09/01/2025 00.17;Ciomas;Male;63;8;5;4;4;4;5;4;4;4;4;4;5;4;4;overall good
02/01/2025 07.25;Babakan Madang;Female;29;4;3;4;4;4;5;4;3;3;4;4;3;4;3;overall good
05/01/2025 01.48;Leuwiliang;Male;58;9;5;4;5;4;5;5;4;4;5;4;4;4;5;overall good
03/01/2025 10.35;Gunung Putri;Female;29;1;4;4;5;4;5;4;5;4;5;5;5;5;5;overall good
16/01/2025 20.48;Cileungsi;Male;45;10;4;4;4;4;5;3;4;5;4;3;4;5;4;overall good
13/01/2025 05.55;Ciomas;Female;45;10;3;4;4;3;3;3;3;4;3;4;4;4;3;overall good
17/01/2025 23.44;Bogor Timur;Male;51;9;4;4;4;3;5;4;4;4;4;4;4;4;3;overall good
02/01/2025 12.09;Cibinong;Female;62;9;4;3;4;4;4;4;4;4;4;4;4;4;5;overall good
08/01/2025 09.32;Cibinong;Male;33;4;3;4;4;3;4;3;4;4;4;4;4;4;4;overall good
28/01/2025 09.04;Cibinong;Female;29;9;4;4;4;4;4;4;5;4;4;4;4;4;3;overall good
18/01/2025 21.47;Yasmin;Male;50;6;3;4;4;3;3;4;4;3;4;4;4;4;4;overall good
06/01/2025 13.26;Baranangsiang;Female;59;5;3;3;2;3;4;3;3;4;4;4;3;3;2;improve Transaction Speed
16/01/2025 03.27;Baranangsiang;Male;40;9;3;5;4;4;4;4;5;3;4;3;3;3;4;overall good
20/01/2025 06.08;Sukaraja;Female;64;3;3;3;4;3;4;4;3;4;3;4;4;3;4;overall good
05/01/2025 22.43;Yasmin;Male;25;7;4;4;3;4;3;4;4;5;4;3;3;3;3;overall good
28/01/2025 11.21;Dramaga;Female;64;7;4;3;4;4;4;5;4;4;3;3;4;4;3;overall good
04/01/2025 08.20;Bogor Barat;Male;43;8;4;4;4;4;4;3;4;4;4;4;4;4;4;overall good
24/01/2025 19.07;Ciawi;Female;62;10;4;3;4;4;4;4;3;3;4;4;3;4;3;overall good
23/01/2025 07.38;Bogor Selatan;Male;48;5;4;4;5;3;5;5;4;5;4;4;4;4;4;overall good
30/01/2025 21.35;Tanah Sareal;Female;48;10;4;5;3;5;5;3;4;3;4;4;4;5;5;overall good
16/01/2025 15.30;Cijeruk;Male;51;10;4;3;3;4;4;3;3;4;4;3;4;3;4;overall good
12/01/2025 20.07;Cibinong;Female;26;10;4;4;4;4;4;4;5;4;4;4;4;5;4;overall good
17/01/2025 07.55;Babakan Madang;Male;57;8;4;3;3;3;4;5;5;4;4;3;3;3;3;overall good
24/01/2025 16.02;Bogor Tengah;Female;52;1;4;3;4;3;4;5;3;2;4;4;5;3;4;improve Customer Service
14/01/2025 13.49;Yasmin;Male;43;8;4;5;3;4;4;4;4;4;3;4;3;4;3;overall good
01/01/2025 11.49;Kemang;Female;65;4;4;4;4;3;5;3;4;4;5;3;5;4;4;overall good
24/01/2025 17.14;Ciawi;Male;33;10;4;4;4;4;4;4;4;4;4;4;2;4;4;improve Branch Cleanliness
22/01/2025 18.09;Cijeruk;Female;36;8;4;4;4;3;4;3;3;3;4;4;4;4;4;overall good
12/01/2025 19.28;Bogor Tengah;Male;26;10;4;4;4;4;4;4;4;4;3;4;3;3;4;overall good
27/01/2025 20.50;Dramaga;Female;63;8;3;3;4;4;3;4;4;3;3;3;3;4;3;overall good
18/01/2025 01.53;Ciawi;Male;43;8;3;4;3;4;4;4;3;2;4;5;4;4;3;improve Customer Service
06/01/2025 20.34;Babakan Madang;Female;38;9;4;4;4;5;5;4;4;4;3;4;4;4;4;overall good
10/01/2025 07.09;Yasmin;Male;41;9;4;4;4;3;4;4;3;3;3;3;3;3;4;overall good
05/01/2025 21.07;Yasmin;Female;51;10;4;4;4;4;4;4;4;3;4;5;4;4;4;overall good
15/01/2025 16.10;Yasmin;Male;39;9;4;4;4;4;4;4;4;4;4;3;3;4;3;overall good
03/01/2025 15.31;Bogor Tengah;Female;55;9;4;3;4;4;4;4;3;4;4;4;3;3;4;overall good
31/01/2025 23.10;Cijeruk;Male;39;7;4;4;4;3;5;3;4;4;4;4;4;4;3;overall good
14/01/2025 19.16;Caringin;Female;27;4;4;4;4;3;4;5;4;4;4;4;4;3;5;overall good
03/01/2025 11.51;Caringin;Male;51;9;4;4;4;4;4;4;4;4;5;3;3;4;4;overall good
20/01/2025 10.51;Cileungsi;Female;51;9;4;4;4;3;3;4;3;4;5;4;4;3;4;overall good
08/01/2025 08.46;Caringin;Male;25;7;4;4;4;3;4;4;4;4;3;3;3;4;4;overall good
13/01/2025 01.09;Tanah Sareal;Female;57;0;4;4;4;4;5;3;4;5;4;4;4;4;5;overall good
26/01/2025 08.50;Bogor Selatan;Male;56;7;4;3;3;3;3;2;3;4;2;3;3;3;3;improve Mobile Banking, Loan Application
29/01/2025 13.40;Leuwiliang;Female;49;2;4;4;4;4;3;3;4;4;4;3;4;3;4;overall good
30/01/2025 14.16;Gunung Putri;Male;40;7;4;4;4;4;4;5;4;4;4;4;4;4;5;overall good
04/01/2025 22.35;Bogor Selatan;Female;34;8;4;3;5;4;5;3;5;4;5;4;4;4;5;overall good
08/01/2025 14.22;Baranangsiang;Male;36;9;4;5;3;5;4;3;3;4;4;4;5;3;4;overall good
15/01/2025 03.20;Bogor Tengah;Female;47;10;4;4;3;2;4;4;4;4;3;4;4;3;4;improve Account Opening
23/01/2025 00.59;Bogor Barat;Male;35;10;4;4;3;3;4;3;3;4;3;4;4;3;3;overall good
31/01/2025 08.14;Bogor Timur;Female;64;10;4;4;4;5;4;4;5;5;5;4;4;4;4;overall good
21/01/2025 15.19;Sukaraja;Male;63;1;4;4;3;4;3;4;4;5;5;4;4;4;4;overall good
13/01/2025 21.29;Bogor Selatan;Female;55;9;4;4;4;4;4;4;3;3;3;4;4;4;5;overall good
29/01/2025 21.16;Tanah Sareal;Male;25;10;4;3;4;4;4;4;4;3;4;4;4;4;4;overall good
15/01/2025 18.17;Sukaraja;Female;39;10;4;4;4;4;4;3;4;4;3;4;4;4;4;overall good
22/01/2025 06.01;Leuwiliang;Male;38;8;4;4;4;4;4;3;4;3;3;3;5;4;5;overall good
16/01/2025 15.31;Bogor Timur;Female;59;10;3;3;4;4;3;4;4;4;4;3;3;3;4;overall good
28/01/2025 22.09;Kemang;Male;37;9;3;4;3;4;3;3;3;4;4;3;3;3;3;overall good
14/01/2025 02.00;Sukaraja;Female;22;5;3;3;3;4;4;3;4;4;4;5;4;3;4;overall good
23/01/2025 20.10;Sukaraja;Male;23;7;4;4;5;3;4;5;4;4;4;4;3;5;5;overall good
09/01/2025 19.27;Ciawi;Female;62;10;4;3;4;4;4;4;4;4;3;4;4;4;4;overall good
05/01/2025 10.18;Sukaraja;Male;48;8;4;4;3;5;4;3;4;4;4;4;4;3;3;overall good
06/01/2025 01.52;Caringin;Female;43;8;3;3;3;4;4;3;4;4;4;4;4;4;3;overall good
14/01/2025 23.47;Baranangsiang;Male;42;10;4;4;4;4;4;5;5;4;3;4;4;4;5;overall good
16/01/2025 06.26;Leuwiliang;Female;56;9;4;3;4;4;3;3;4;3;3;3;2;3;3;improve Branch Cleanliness
25/01/2025 23.32;Cileungsi;Male;41;10;4;3;4;4;4;4;4;4;4;3;3;3;3;overall good
21/01/2025 01.28;Bogor Tengah;Female;63;8;5;4;4;5;5;5;5;5;5;5;4;5;4;overall good
31/01/2025 08.39;Bogor Barat;Male;33;10;5;4;4;4;4;4;4;5;3;4;3;4;3;overall good
14/01/2025 23.34;Babakan Madang;Female;24;9;4;4;4;3;4;3;3;4;4;5;4;3;3;overall good
31/01/2025 14.01;Babakan Madang;Male;65;9;5;3;3;5;4;4;4;3;4;4;5;4;4;overall good
27/01/2025 17.46;Kemang;Female;36;8;4;3;3;3;4;4;3;4;3;3;3;5;3;overall good
06/01/2025 12.11;Bogor Tengah;Male;56;9;5;4;5;4;4;4;5;5;4;4;4;4;4;overall good
25/01/2025 04.38;Babakan Madang;Female;28;7;4;4;4;5;3;4;4;5;4;3;4;4;4;overall good
24/01/2025 10.09;Dramaga;Male;53;8;4;3;3;4;4;4;3;4;4;4;4;3;4;overall good
19/01/2025 14.54;Caringin;Female;36;9;4;4;4;4;5;4;4;5;4;4;4;4;4;overall good
04/01/2025 09.20;Yasmin;Male;59;7;4;5;4;4;4;3;4;5;4;3;4;3;3;overall good
01/01/2025 02.59;Cileungsi;Female;47;10;3;4;4;3;4;4;4;3;4;3;4;4;4;overall good
24/01/2025 18.28;Dramaga;Male;40;4;3;4;3;4;3;4;3;4;4;3;4;4;3;overall good
17/01/2025 03.19;Tanah Sareal;Female;49;8;3;4;3;4;3;4;3;3;4;4;4;4;3;overall good
10/01/2025 03.47;Cijeruk;Male;55;10;4;4;4;4;4;4;5;5;3;4;5;4;5;overall good
03/01/2025 02.51;Cibinong;Female;57;10;5;5;5;4;4;4;5;4;5;5;4;5;3;overall good
19/01/2025 17.48;Ciomas;Male;51;8;4;4;4;5;4;3;5;5;4;4;5;4;4;overall good
25/01/2025 09.12;Tanah Sareal;Female;52;7;5;4;4;5;4;4;4;5;5;4;4;4;4;overall good
22/01/2025 08.59;Sukaraja;Male;42;6;3;3;3;3;3;4;4;3;3;3;3;3;3;overall good
07/01/2025 23.57;Bogor Selatan;Female;54;0;4;4;3;4;3;4;4;3;4;3;3;3;3;overall good
23/01/2025 18.59;Gunung Putri;Male;62;0;3;4;4;4;4;4;4;4;3;3;3;4;4;overall good
04/01/2025 21.34;Cileungsi;Female;42;3;3;3;4;4;3;3;3;4;3;4;3;3;4;overall good
16/01/2025 08.56;Ciomas;Male;64;8;5;4;4;4;3;4;3;4;4;4;4;5;4;overall good
12/01/2025 09.31;Caringin;Female;55;9;5;5;4;5;3;4;5;4;4;4;5;5;4;overall good
05/01/2025 18.41;Dramaga;Male;35;8;4;3;4;5;4;4;4;5;5;5;4;4;3;overall good
02/01/2025 09.43;Bogor Selatan;Female;49;10;4;4;4;4;4;4;4;4;5;4;4;5;4;overall good
18/01/2025 09.38;Bogor Barat;Male;41;8;4;4;4;3;4;3;4;4;3;3;3;4;4;overall good
28/01/2025 11.21;Bojonggede;Female;48;10;4;3;3;4;3;3;3;4;4;2;3;3;4;improve Complaint Handling
31/01/2025 02.00;Baranangsiang;Male;31;10;3;3;3;3;3;3;2;3;3;3;5;2;4;improve Internet Banking, Staff Friendliness
12/01/2025 06.31;Cibinong;Female;52;1;4;4;4;3;4;3;4;4;3;3;4;3;4;overall good
01/01/2025 10.56;Babakan Madang;Male;61;10;4;4;4;3;4;4;4;3;4;3;4;4;4;overall good
04/01/2025 14.03;Babakan Madang;Female;39;7;4;4;4;4;4;3;4;4;5;3;4;3;4;overall good
21/01/2025 14.21;Babakan Madang;Male;43;2;4;4;4;4;4;4;3;4;3;5;4;4;5;overall good
19/01/2025 16.12;Cileungsi;Female;50;1;4;4;3;4;3;3;3;3;3;4;3;4;3;overall good
28/01/2025 21.42;Caringin;Male;27;10;3;2;3;3;4;4;3;4;3;4;3;3;4;overall good
14/01/2025 07.47;Dramaga;Female;65;10;4;3;4;4;4;3;5;5;4;4;4;4;4;overall good
03/01/2025 09.08;Bogor Tengah;Male;57;6;4;4;4;3;3;4;5;4;3;4;3;4;4;overall good
12/01/2025 04.06;Kemang;Female;52;2;4;3;3;3;4;3;2;4;4;4;4;4;4;improve Internet Banking
31/01/2025 03.23;Kemang;Male;43;9;3;3;3;3;3;2;3;3;3;3;3;3;3;improve Mobile Banking
07/01/2025 15.21;Cileungsi;Female;64;6;3;4;4;3;4;4;2;4;3;4;4;3;3;improve Internet Banking
22/01/2025 09.35;Bogor Selatan;Male;61;2;3;4;3;3;4;3;4;4;4;4;3;3;4;overall good
05/01/2025 09.00;Bogor Barat;Female;58;9;4;4;5;4;5;4;5;4;5;5;5;4;4;overall good
10/01/2025 17.56;Dramaga;Male;41;7;4;3;4;4;4;4;5;3;4;3;5;4;4;overall good
26/01/2025 18.29;Tanah Sareal;Female;55;2;4;4;4;3;4;3;4;4;4;3;4;3;4;overall good
24/01/2025 09.23;Ciawi;Male;38;2;3;3;4;4;3;4;4;4;4;4;5;4;4;overall good
04/01/2025 15.43;Dramaga;Female;42;3;4;4;4;3;5;4;4;4;4;3;5;4;4;overall good
20/01/2025 07.01;Tanah Sareal;Male;35;5;4;4;4;5;3;4;4;4;4;4;4;4;4;overall good
01/01/2025 16.12;Cijeruk;Female;44;10;4;3;4;4;3;3;4;5;4;4;4;4;4;overall good
13/01/2025 17.26;Cileungsi;Male;55;10;3;3;4;3;3;3;4;3;4;3;3;3;3;overall good
06/01/2025 06.13;Sukaraja;Female;45;2;4;4;4;4;4;4;5;3;5;5;5;4;4;overall good
30/01/2025 14.47;Cibinong;Male;51;10;4;4;4;5;4;4;5;5;5;5;5;4;4;overall good
15/01/2025 16.04;Cibinong;Female;62;10;4;4;4;4;3;4;4;4;4;3;3;3;4;overall good
15/01/2025 18.36;Gunung Putri;Male;28;9;4;4;4;4;3;3;4;4;3;3;2;3;4;improve Branch Cleanliness
19/01/2025 20.48;Caringin;Female;28;9;3;4;3;4;4;3;5;3;4;3;4;4;3;overall good
27/01/2025 05.22;Babakan Madang;Male;44;5;3;4;4;4;4;4;4;3;4;4;5;4;4;overall good
21/01/2025 03.22;Gunung Putri;Female;58;7;4;4;4;3;3;4;4;3;3;4;4;3;4;overall good
02/01/2025 14.07;Bogor Selatan;Male;52;8;4;4;4;4;4;3;5;3;5;4;4;4;4;overall good
18/01/2025 14.33;Bojonggede;Female;34;7;3;5;4;4;4;5;4;4;5;4;4;4;4;overall good
03/01/2025 22.32;Bogor Selatan;Male;64;10;4;4;4;5;4;4;4;5;4;4;4;4;4;overall good
23/01/2025 01.47;Leuwiliang;Female;38;9;5;4;4;3;4;5;4;4;4;4;5;5;3;overall good
03/01/2025 10.55;Bogor Timur;Male;63;9;4;5;4;4;4;5;5;5;4;4;5;4;5;overall good
28/01/2025 09.46;Ciomas;Female;36;6;4;4;4;3;4;4;4;3;4;4;3;4;3;overall good
11/01/2025 01.21;Yasmin;Male;25;4;3;3;3;3;4;3;4;4;4;3;3;4;4;overall good
16/01/2025 22.47;Sukaraja;Female;34;1;3;3;3;4;3;4;4;3;4;4;3;3;3;overall good
07/01/2025 07.27;Tanah Sareal;Male;59;9;4;3;4;4;4;5;3;4;5;5;4;4;4;overall good
02/01/2025 06.02;Cijeruk;Female;37;7;4;4;3;4;4;4;5;4;4;5;3;4;4;overall good
29/01/2025 14.03;Tanah Sareal;Male;21;9;4;4;4;4;4;4;4;3;5;4;5;4;5;overall good
07/01/2025 03.41;Ciomas;Female;22;9;4;4;4;5;4;4;3;3;4;4;4;4;5;overall good
24/01/2025 02.52;Gunung Putri;Male;54;9;4;4;4;4;4;4;3;4;4;3;5;5;4;overall good
22/01/2025 22.37;Babakan Madang;Female;44;7;3;4;4;4;4;4;3;4;4;4;4;4;4;overall good
26/01/2025 07.32;Ciawi;Male;35;0;3;4;3;4;3;4;5;4;3;4;4;3;4;overall good
03/01/2025 22.52;Dramaga;Female;50;7;4;4;4;4;4;5;4;5;5;5;4;4;4;overall good
24/01/2025 19.12;Caringin;Male;46;9;4;4;4;4;3;4;4;4;4;5;4;5;3;overall good
30/01/2025 12.43;Babakan Madang;Female;25;2;4;4;4;5;3;4;3;3;5;4;3;4;5;overall good
19/01/2025 11.47;Tanah Sareal;Male;25;10;3;4;4;3;3;4;4;4;3;3;3;3;4;overall good
05/01/2025 19.33;Kemang;Female;54;10;4;5;4;4;5;4;4;4;3;4;5;3;4;overall good
21/01/2025 21.04;Bogor Selatan;Male;62;7;4;4;4;4;4;3;5;4;4;4;5;4;4;overall good
20/01/2025 08.33;Babakan Madang;Female;35;10;4;4;4;3;4;3;3;3;3;5;4;5;3;overall good
13/01/2025 08.58;Gunung Putri;Male;27;10;3;4;4;4;4;4;4;5;3;4;4;3;4;overall good
04/01/2025 06.12;Bojonggede;Female;30;8;4;4;4;5;4;4;4;4;4;3;4;4;4;overall good
19/01/2025 02.09;Bogor Timur;Male;26;9;4;4;4;3;4;4;4;3;4;3;4;5;3;overall good
06/01/2025 22.24;Tanah Sareal;Female;56;10;4;3;3;4;3;3;4;4;4;3;4;3;4;overall good
21/01/2025 12.45;Gunung Putri;Male;43;6;4;3;4;3;3;4;4;4;3;4;4;4;3;overall good
06/01/2025 00.42;Bogor Barat;Female;39;8;4;4;3;4;5;4;3;4;4;4;3;4;4;overall good
11/01/2025 21.15;Sukaraja;Male;53;10;4;4;4;3;4;4;4;4;4;4;4;3;4;overall good
06/01/2025 13.51;Bogor Selatan;Female;43;2;4;4;4;5;4;4;4;4;4;4;4;4;4;overall good
28/01/2025 05.34;Cileungsi;Male;57;10;4;4;4;4;4;3;3;4;4;3;4;4;4;overall good
02/01/2025 06.35;Kemang;Female;60;4;3;3;3;4;3;5;5;3;3;4;4;3;2;improve Transaction Speed
02/01/2025 09.43;Kemang;Male;63;2;4;4;4;3;2;4;3;3;4;4;4;3;4;improve ATM Service
17/01/2025 11.55;Baranangsiang;Female;38;2;3;3;4;4;4;3;4;3;4;4;3;3;4;overall good
28/01/2025 11.48;Bojonggede;Male;21;9;4;4;3;4;5;4;4;4;4;4;5;4;4;overall good
05/01/2025 10.54;Leuwiliang;Female;25;9;4;4;3;4;3;3;3;3;4;3;3;2;3;improve Staff Friendliness
17/01/2025 13.10;Ciawi;Male;34;10;4;3;3;4;3;4;3;4;4;4;4;4;4;overall good
28/01/2025 13.17;Baranangsiang;Female;44;10;4;4;4;3;3;3;3;3;4;3;4;4;3;overall good
08/01/2025 15.23;Kemang;Male;26;1;4;4;4;4;4;3;3;4;4;4;3;4;4;overall good
22/01/2025 12.15;Kemang;Female;24;8;4;4;4;3;4;4;4;4;4;4;3;3;4;overall good
14/01/2025 06.15;Gunung Putri;Male;52;8;4;4;4;4;4;5;3;5;5;5;4;4;3;overall good
06/01/2025 09.11;Yasmin;Female;53;10;4;4;3;3;4;3;4;3;4;3;3;4;4;overall good
26/01/2025 13.55;Dramaga;Male;64;3;3;4;4;4;4;3;4;3;3;3;4;4;4;overall good
01/01/2025 08.57;Dramaga;Female;23;9;3;3;3;2;3;3;4;2;3;3;4;4;4;improve Account Opening, Customer Service
07/01/2025 15.53;Yasmin;Male;40;6;3;3;4;4;4;4;4;3;3;4;3;4;3;overall good
25/01/2025 03.29;Cileungsi;Female;39;9;4;4;4;3;4;5;4;3;4;4;4;5;4;overall good
25/01/2025 06.50;Gunung Putri;Male;32;9;4;4;4;4;4;5;5;4;4;5;5;5;5;overall good
20/01/2025 06.37;Cijeruk;Female;63;0;4;4;3;4;3;4;4;4;3;4;4;4;4;overall good
16/01/2025 04.44;Bogor Barat;Male;48;9;3;4;3;5;4;3;3;4;4;4;4;3;5;overall good
15/01/2025 01.18;Sukaraja;Female;48;8;4;4;4;4;3;5;4;4;3;4;4;4;4;overall good
09/01/2025 08.14;Bogor Selatan;Male;46;10;4;4;4;5;5;5;3;4;3;4;4;5;4;overall good
05/01/2025 06.40;Kemang;Female;50;2;3;3;4;2;3;2;3;4;3;3;3;3;4;improve Account Opening, Mobile Banking
26/01/2025 10.27;Gunung Putri;Male;27;10;4;2;3;3;4;3;3;3;3;3;3;3;4;overall good
17/01/2025 11.33;Bogor Timur;Female;46;5;4;5;3;3;4;3;3;3;4;4;4;4;3;overall good
25/01/2025 18.45;Cibinong;Male;42;0;3;3;4;4;3;3;3;4;4;3;4;4;3;overall good
18/01/2025 01.03;Bogor Selatan;Female;54;10;5;4;4;4;4;4;4;4;4;5;4;4;4;overall good
10/01/2025 13.50;Tanah Sareal;Male;36;10;4;4;4;4;4;4;4;3;5;4;4;3;4;overall good
09/01/2025 14.23;Baranangsiang;Female;59;9;4;4;3;3;4;4;3;5;3;4;4;4;4;overall good
28/01/2025 09.40;Caringin;Male;50;8;4;4;5;4;4;5;4;4;4;4;4;3;4;overall good
16/01/2025 08.19;Kemang;Female;41;5;4;4;4;4;5;4;4;5;4;5;3;5;4;overall good
31/01/2025 15.37;Tanah Sareal;Male;49;10;3;4;3;3;4;4;4;4;3;3;5;3;5;overall good
25/01/2025 15.05;Dramaga;Female;38;8;4;4;4;4;4;4;4;4;4;4;5;4;4;overall good
03/01/2025 18.16;Bogor Timur;Male;40;7;3;3;3;3;3;3;4;3;3;4;3;4;3;overall good
30/01/2025 20.32;Bojonggede;Female;39;9;4;4;4;3;3;3;4;3;3;4;3;3;4;overall good
22/01/2025 19.58;Kemang;Male;53;7;3;4;4;4;4;5;3;4;3;3;3;3;4;overall good
25/01/2025 08.08;Sukaraja;Female;62;10;4;4;4;5;5;5;3;3;4;5;4;3;5;overall good
05/02/2025 02.15;Tanah Sareal;Male;24;10;4;3;4;4;4;4;2;3;3;4;4;4;3;improve Internet Banking
22/02/2025 06.01;Ciawi;Female;62;9;4;5;4;4;3;3;4;4;4;3;4;5;4;overall good
18/02/2025 15.58;Babakan Madang;Male;54;7;4;3;4;4;4;3;3;5;4;5;4;3;4;overall good
03/02/2025 13.00;Bojonggede;Female;39;10;4;4;3;4;5;4;4;4;4;4;3;4;4;overall good
14/02/2025 19.03;Ciomas;Male;25;10;4;4;3;4;3;4;3;4;4;4;3;3;4;overall good
08/02/2025 07.11;Cileungsi;Female;63;4;4;3;3;3;4;3;3;4;4;5;3;4;4;overall good
17/02/2025 23.34;Ciomas;Male;26;7;4;3;4;4;4;4;3;3;3;4;3;3;4;overall good
07/02/2025 06.14;Dramaga;Female;62;3;3;3;3;3;4;3;3;3;4;3;3;4;3;overall good
16/02/2025 22.42;Kemang;Male;26;10;4;4;4;3;5;4;4;4;4;5;3;4;4;overall good
21/02/2025 13.18;Tanah Sareal;Female;63;7;4;4;3;4;3;4;4;4;3;3;4;3;3;overall good
09/02/2025 18.01;Ciawi;Male;44;10;4;5;4;4;4;4;3;4;4;3;4;4;3;overall good
10/02/2025 07.42;Yasmin;Female;42;3;4;4;4;4;4;4;4;4;5;4;5;4;4;overall good
05/02/2025 21.50;Cibinong;Male;29;10;4;3;3;3;4;4;4;2;5;4;3;4;4;improve Customer Service
02/02/2025 19.58;Ciawi;Female;55;4;4;3;3;3;3;4;4;4;4;4;3;4;3;overall good
08/02/2025 11.43;Ciomas;Male;60;10;3;4;4;4;4;3;4;3;4;3;3;4;4;overall good
09/02/2025 00.52;Baranangsiang;Female;32;6;4;3;3;4;4;4;3;3;2;4;3;4;4;improve Loan Application
22/02/2025 13.31;Babakan Madang;Male;23;7;3;4;3;4;3;3;2;4;3;3;4;4;3;improve Internet Banking
12/02/2025 08.37;Kemang;Female;39;8;4;3;4;4;4;3;3;3;4;4;4;3;3;overall good
10/02/2025 10.02;Cijeruk;Male;36;10;4;5;4;4;3;3;4;5;5;5;5;4;4;overall good
23/02/2025 09.53;Bojonggede;Female;64;3;4;4;4;4;5;5;4;4;4;4;4;3;5;overall good
08/02/2025 20.48;Dramaga;Male;45;8;4;3;4;3;3;4;3;4;3;4;3;3;3;overall good
03/02/2025 12.47;Yasmin;Female;59;10;5;4;4;3;3;4;3;3;4;4;4;4;4;overall good
26/02/2025 01.04;Caringin;Male;44;7;4;4;4;4;4;4;4;4;4;4;4;4;5;overall good
14/02/2025 05.49;Bogor Selatan;Female;39;9;5;4;4;3;4;4;4;4;4;4;4;4;4;overall good
05/02/2025 10.51;Babakan Madang;Male;53;10;4;4;4;3;5;3;4;4;4;4;4;4;4;overall good
21/02/2025 03.23;Cibinong;Female;49;0;4;5;4;4;4;4;4;4;5;4;5;4;4;overall good
19/02/2025 17.54;Bogor Barat;Male;46;7;4;4;4;5;4;4;4;4;4;4;4;3;5;overall good
05/02/2025 19.26;Bogor Timur;Female;44;10;4;4;3;4;4;4;4;4;4;3;3;3;4;overall good
23/02/2025 22.26;Ciomas;Male;30;10;3;4;4;4;5;4;5;4;4;5;5;3;4;overall good
04/02/2025 20.18;Tanah Sareal;Female;51;9;4;4;3;4;3;4;3;4;4;4;2;4;4;improve Branch Cleanliness
27/02/2025 15.24;Bogor Tengah;Male;37;9;4;3;4;4;4;3;3;4;4;3;3;4;4;overall good
12/02/2025 12.52;Kemang;Female;54;8;3;4;3;3;2;4;4;3;4;4;4;3;4;improve ATM Service
23/02/2025 04.34;Dramaga;Male;28;10;3;3;4;3;4;4;4;3;3;3;3;4;3;overall good
27/02/2025 00.32;Bogor Timur;Female;28;3;3;4;4;3;4;3;4;4;3;4;3;4;3;overall good
07/02/2025 23.16;Bogor Tengah;Male;61;7;4;4;4;4;4;5;4;3;4;4;4;3;4;overall good
12/02/2025 16.16;Dramaga;Female;48;10;4;4;4;4;4;4;4;4;4;3;3;4;4;overall good
26/02/2025 09.54;Sukaraja;Male;47;9;4;5;4;4;4;4;4;4;4;4;4;5;5;overall good
25/02/2025 15.04;Bojonggede;Female;25;4;4;4;4;4;4;4;2;4;4;5;4;3;4;improve Internet Banking
03/02/2025 02.43;Ciawi;Male;56;10;4;4;4;3;4;3;4;4;4;3;4;4;3;overall good
18/02/2025 08.02;Leuwiliang;Female;44;9;4;3;4;4;4;4;4;4;4;3;4;4;4;overall good
17/02/2025 03.24;Bogor Timur;Male;43;9;4;4;4;3;4;3;3;4;4;3;3;4;3;overall good
09/02/2025 11.59;Tanah Sareal;Female;23;10;3;3;4;3;2;3;3;2;3;4;3;3;3;improve ATM Service, Customer Service
07/02/2025 13.06;Babakan Madang;Male;65;7;3;3;3;3;3;3;3;3;2;2;4;3;3;improve Loan Application, Complaint Handling
03/02/2025 03.02;Bogor Timur;Female;50;9;3;3;3;3;4;4;3;4;2;4;3;4;3;improve Loan Application
26/02/2025 00.27;Yasmin;Male;23;10;4;4;4;4;4;4;4;4;4;4;5;5;4;overall good
10/02/2025 06.39;Leuwiliang;Female;55;9;4;4;4;3;4;4;4;5;4;4;4;4;4;overall good
17/02/2025 02.43;Dramaga;Male;43;0;4;3;4;4;4;3;5;4;4;5;5;5;5;overall good
20/02/2025 10.03;Cileungsi;Female;28;8;4;4;4;3;3;4;3;4;4;4;4;5;5;overall good
25/02/2025 02.07;Babakan Madang;Male;45;9;3;3;3;3;4;3;4;4;4;3;4;4;3;overall good
13/02/2025 22.45;Caringin;Female;44;4;4;4;4;3;3;3;4;3;4;3;3;4;4;overall good
27/02/2025 11.31;Bogor Timur;Male;48;9;3;3;4;4;4;3;3;4;3;3;4;4;4;overall good
15/02/2025 08.26;Dramaga;Female;41;10;3;4;3;4;4;4;4;4;4;4;3;3;4;overall good
09/02/2025 02.09;Dramaga;Male;49;3;3;4;3;4;4;3;4;3;4;4;3;4;3;overall good
22/02/2025 02.44;Babakan Madang;Female;43;10;4;5;4;3;3;4;4;4;4;4;4;4;3;overall good
04/02/2025 15.25;Cileungsi;Male;61;0;4;4;4;4;3;4;4;3;4;3;4;4;4;overall good
02/02/2025 12.16;Leuwiliang;Female;44;7;4;4;4;4;4;5;4;4;3;4;5;4;4;overall good
02/02/2025 16.32;Tanah Sareal;Male;59;8;4;4;4;4;5;3;4;4;4;4;4;4;5;overall good
18/02/2025 13.56;Tanah Sareal;Female;25;10;4;4;4;3;4;4;3;5;4;4;4;5;4;overall good
22/02/2025 20.11;Leuwiliang;Male;57;9;4;4;4;3;5;4;4;4;3;4;3;5;3;overall good
28/02/2025 20.40;Bojonggede;Female;44;7;3;4;3;3;4;4;4;4;5;5;3;4;4;overall good
14/02/2025 12.41;Tanah Sareal;Male;54;8;3;4;4;4;4;3;4;5;4;4;4;4;4;overall good
25/02/2025 05.25;Cibinong;Female;28;9;3;4;3;3;3;3;4;3;3;4;3;3;4;overall good
13/02/2025 16.59;Ciawi;Male;45;0;4;3;4;4;3;4;4;4;4;4;5;3;4;overall good
24/02/2025 20.17;Cileungsi;Female;49;10;4;4;5;4;4;4;3;3;3;3;5;4;4;overall good
22/02/2025 22.40;Yasmin;Male;28;9;4;4;4;5;4;4;4;4;4;4;4;4;4;overall good
16/02/2025 12.20;Baranangsiang;Female;49;6;4;4;3;4;4;4;3;3;4;3;3;4;4;overall good
15/02/2025 13.28;Bojonggede;Male;25;8;4;4;4;4;4;4;4;4;4;3;4;4;4;overall good
18/02/2025 13.10;Baranangsiang;Female;65;6;3;3;4;4;3;4;4;4;3;4;4;5;3;overall good
07/02/2025 17.48;Ciawi;Male;35;9;4;4;4;4;5;4;3;4;3;4;4;4;4;overall good
23/02/2025 16.34;Cibinong;Female;52;10;4;3;3;4;3;3;3;4;5;3;3;4;4;overall good
04/02/2025 04.36;Cijeruk;Male;29;7;4;4;4;4;3;4;4;3;5;4;4;4;4;overall good
24/02/2025 05.41;Dramaga;Female;46;5;3;4;3;3;4;3;3;3;4;4;4;4;3;overall good
07/02/2025 02.00;Ciawi;Male;47;7;4;4;3;3;4;4;4;4;3;3;3;4;3;overall good
26/02/2025 02.46;Ciomas;Female;62;10;3;5;3;4;4;4;4;5;4;3;4;4;5;overall good
27/02/2025 18.18;Bojonggede;Male;29;6;4;3;4;3;3;4;4;4;3;3;3;4;4;overall good
22/02/2025 00.02;Sukaraja;Female;32;1;3;3;3;3;3;3;3;3;5;4;3;4;4;overall good
08/02/2025 10.16;Ciawi;Male;24;4;4;5;4;3;5;5;5;4;5;4;5;3;4;overall good
17/02/2025 19.08;Dramaga;Female;31;9;4;3;4;4;4;4;4;3;4;3;4;4;4;overall good
10/02/2025 12.42;Ciawi;Male;39;2;3;4;3;3;4;4;3;3;3;4;4;3;4;overall good
26/02/2025 21.32;Cijeruk;Female;38;10;4;3;3;4;4;3;4;3;4;3;4;4;4;overall good
09/02/2025 07.27;Bogor Timur;Male;53;7;4;4;4;4;4;4;4;4;3;4;4;4;4;overall good
02/02/2025 09.03;Kemang;Female;59;9;3;3;3;3;4;3;4;3;3;3;4;3;2;improve Transaction Speed
28/02/2025 23.59;Bogor Timur;Male;23;6;3;3;3;3;4;3;4;2;3;2;3;3;3;improve Customer Service, Complaint Handling
02/02/2025 11.17;Cileungsi;Female;62;10;4;4;3;5;4;4;5;3;3;3;4;4;4;overall good
24/02/2025 10.40;Caringin;Male;61;8;4;5;4;4;4;4;5;5;5;5;4;4;3;overall good
04/02/2025 13.01;Cibinong;Female;64;10;4;4;4;3;4;4;4;3;4;3;3;4;4;overall good
23/02/2025 13.06;Bogor Barat;Male;31;10;4;3;4;3;4;3;3;3;4;3;4;3;3;overall good
16/02/2025 12.01;Yasmin;Female;42;2;3;4;3;4;4;4;4;4;4;3;3;3;3;overall good
25/02/2025 23.59;Bojonggede;Male;46;10;4;4;4;4;4;4;4;4;4;3;4;4;4;overall good
06/02/2025 22.44;Cijeruk;Female;27;10;4;4;3;3;3;4;3;4;4;3;3;3;3;overall good
03/02/2025 10.57;Cileungsi;Male;49;9;4;4;4;3;4;4;4;4;4;5;4;4;4;overall good
13/02/2025 01.15;Dramaga;Female;45;3;4;4;4;4;4;5;4;4;4;3;4;4;4;overall good
16/02/2025 04.20;Baranangsiang;Male;41;5;3;3;4;3;5;4;3;4;3;2;4;4;4;improve Complaint Handling
25/02/2025 05.05;Yasmin;Female;31;8;3;4;4;3;3;4;4;4;4;4;4;4;3;overall good
25/02/2025 12.53;Dramaga;Male;52;10;4;3;3;4;4;4;4;4;4;5;4;4;4;overall good
03/02/2025 08.41;Babakan Madang;Female;36;10;4;5;4;4;5;4;4;4;5;5;5;5;4;overall good
14/02/2025 20.55;Bogor Barat;Male;39;8;3;5;4;3;4;3;4;4;4;4;3;4;4;overall good
07/02/2025 12.02;Cijeruk;Female;21;3;4;3;4;3;4;4;4;4;4;4;3;4;4;overall good
03/02/2025 04.42;Cileungsi;Male;44;8;4;3;3;3;4;3;4;5;4;5;4;4;3;overall good
18/02/2025 14.22;Leuwiliang;Female;24;7;3;4;4;3;3;3;4;4;3;4;3;4;4;overall good
27/02/2025 16.37;Cijeruk;Male;39;10;4;4;4;4;4;3;4;4;4;4;5;4;4;overall good
07/02/2025 05.54;Cileungsi;Female;60;0;3;4;4;4;4;3;3;3;4;5;4;4;4;overall good
28/02/2025 01.55;Bogor Selatan;Male;46;10;4;3;4;4;4;3;4;5;3;3;4;4;3;overall good
25/02/2025 06.37;Bojonggede;Female;30;10;3;3;2;3;4;4;3;3;3;3;4;3;3;overall good
23/02/2025 23.57;Bogor Barat;Male;23;10;4;5;4;4;4;4;3;4;3;4;4;3;5;overall good
16/02/2025 22.06;Ciawi;Female;50;9;5;4;5;4;5;5;5;5;4;4;4;4;5;overall good
17/02/2025 07.54;Kemang;Male;41;10;3;4;3;3;4;4;3;4;3;4;4;3;3;overall good
24/02/2025 01.17;Ciawi;Female;53;8;4;4;4;4;3;4;3;4;4;3;5;4;3;overall good
21/02/2025 05.18;Bogor Tengah;Male;44;9;4;4;4;4;4;4;3;4;5;4;4;4;3;overall good
02/02/2025 07.02;Sukaraja;Female;40;5;3;3;3;3;3;4;3;3;3;3;4;3;3;overall good
03/02/2025 11.49;Kemang;Male;51;9;4;4;3;3;4;4;4;4;3;4;3;5;3;overall good
08/02/2025 04.10;Sukaraja;Female;51;10;3;4;4;3;4;4;4;3;3;4;4;4;4;overall good
10/02/2025 06.16;Cibinong;Male;23;7;3;5;4;4;3;4;3;4;4;4;4;3;4;overall good
21/02/2025 01.08;Bogor Tengah;Female;49;9;5;4;4;4;5;3;4;3;3;4;4;4;4;overall good
04/02/2025 00.33;Yasmin;Male;47;10;5;5;5;5;5;5;5;5;5;4;5;5;5;overall good
24/02/2025 05.20;Tanah Sareal;Female;54;10;5;4;4;3;4;4;4;4;4;4;4;4;5;overall good
23/02/2025 07.32;Ciawi;Male;45;9;3;4;4;4;4;4;4;3;4;4;3;3;4;overall good
24/02/2025 12.06;Cijeruk;Female;42;8;3;4;3;3;2;4;3;5;3;3;3;4;3;improve ATM Service
11/02/2025 21.59;Yasmin;Male;36;10;4;3;3;3;4;4;4;5;5;4;3;4;4;overall good
24/02/2025 17.43;Dramaga;Female;39;5;3;3;3;3;4;4;3;4;3;3;4;3;4;overall good
14/02/2025 23.17;Ciomas;Male;51;10;3;3;3;2;4;3;3;2;3;3;3;2;2;improve Account Opening, Customer Service, Staff Friendliness, Transaction Speed
20/02/2025 03.39;Bogor Selatan;Female;57;8;4;3;4;4;4;4;3;4;4;3;4;4;2;improve Transaction Speed
04/02/2025 20.04;Bojonggede;Male;30;10;4;5;4;5;5;4;4;5;3;5;4;5;4;overall good
11/02/2025 09.18;Bojonggede;Female;49;8;4;3;4;4;4;5;4;4;4;4;3;5;4;overall good
07/02/2025 15.56;Yasmin;Male;55;10;4;5;5;4;5;4;3;4;5;4;5;3;3;overall good
12/02/2025 18.29;Bogor Selatan;Female;60;7;4;4;4;4;4;4;4;4;5;3;5;4;3;overall good
12/02/2025 07.16;Bogor Barat;Male;63;1;4;5;5;4;4;5;4;5;3;4;4;5;5;overall good
05/02/2025 21.08;Bogor Barat;Female;27;10;4;3;4;5;4;5;4;3;4;4;4;4;4;overall good
20/02/2025 18.04;Tanah Sareal;Male;21;1;4;4;4;4;3;4;3;3;3;3;3;3;4;overall good
14/02/2025 22.39;Caringin;Female;51;6;3;4;3;4;4;4;4;4;3;5;4;4;4;overall good
28/02/2025 20.54;Ciomas;Male;39;7;4;5;4;4;4;4;3;3;4;3;4;4;3;overall good
02/02/2025 19.27;Cibinong;Female;55;6;3;4;3;4;4;4;4;4;3;3;3;3;4;overall good
02/02/2025 18.20;Baranangsiang;Male;47;1;3;4;4;3;4;4;4;3;4;5;4;3;4;overall good
02/02/2025 19.39;Leuwiliang;Female;52;10;4;4;4;3;4;4;3;4;3;4;4;5;3;overall good
17/02/2025 06.21;Bogor Tengah;Male;40;7;3;3;4;4;4;4;3;3;3;3;3;4;3;overall good
26/02/2025 10.52;Dramaga;Female;50;4;4;4;4;4;4;3;4;4;4;4;4;3;4;overall good
14/02/2025 05.52;Caringin;Male;29;3;4;4;3;4;3;4;3;4;3;3;3;4;3;overall good
13/02/2025 11.44;Yasmin;Female;28;10;4;4;4;4;4;5;4;5;5;4;3;4;4;overall good
28/02/2025 13.30;Baranangsiang;Male;21;8;4;4;4;5;4;4;5;4;4;4;5;5;4;overall good
21/02/2025 18.18;Yasmin;Female;32;8;4;3;4;5;3;3;3;4;4;4;3;4;3;overall good
09/02/2025 23.17;Ciawi;Male;41;9;4;3;3;5;4;4;4;4;4;3;4;4;3;overall good
01/02/2025 07.57;Tanah Sareal;Female;51;9;4;4;3;5;4;4;4;3;5;4;4;4;4;overall good
17/02/2025 00.02;Cileungsi;Male;45;10;4;4;3;3;4;2;4;3;4;4;4;4;3;improve Mobile Banking
13/02/2025 16.43;Dramaga;Female;58;7;5;4;5;4;5;4;4;5;5;4;4;4;4;overall good
23/02/2025 14.13;Bojonggede;Male;65;9;3;4;4;4;4;4;5;4;4;3;4;4;3;overall good
06/02/2025 16.47;Dramaga;Female;31;10;4;4;3;4;4;4;4;4;4;4;3;5;4;overall good
07/02/2025 11.37;Dramaga;Male;44;7;4;4;4;3;4;3;3;5;4;3;3;4;3;overall good
21/02/2025 04.29;Caringin;Female;30;8;3;4;4;3;4;3;4;4;4;4;4;3;4;overall good
11/02/2025 14.28;Cijeruk;Male;51;6;3;4;4;4;4;3;4;4;4;4;4;3;3;overall good
26/02/2025 12.15;Cibinong;Female;64;7;4;4;3;3;4;4;4;3;4;3;3;3;3;overall good
28/02/2025 09.18;Babakan Madang;Male;54;0;3;4;4;3;4;3;4;4;4;4;4;3;4;overall good
10/02/2025 19.31;Bogor Selatan;Female;24;4;4;5;4;5;4;5;4;4;5;4;3;4;4;overall good
26/02/2025 06.14;Sukaraja;Male;55;10;4;5;4;4;4;4;4;5;4;4;4;4;4;overall good
05/02/2025 09.57;Babakan Madang;Female;28;8;4;4;4;4;4;3;3;5;3;3;4;3;4;overall good
07/02/2025 09.43;Ciawi;Male;49;3;4;4;4;5;5;4;5;5;5;4;3;4;4;overall good
28/02/2025 03.02;Ciawi;Female;47;9;4;4;4;4;4;4;4;4;4;5;3;3;4;overall good
02/02/2025 01.21;Babakan Madang;Male;64;5;4;4;3;4;4;3;4;3;4;3;4;4;3;overall good
11/02/2025 13.52;Leuwiliang;Female;37;5;4;4;4;4;4;4;5;4;4;4;4;4;4;overall good
04/02/2025 02.17;Sukaraja;Male;25;10;3;3;3;3;4;4;3;3;3;4;3;3;4;overall good
23/02/2025 22.00;Cijeruk;Female;24;0;4;4;3;3;2;3;3;4;3;3;3;4;4;improve ATM Service
21/02/2025 09.45;Bogor Barat;Male;39;7;3;3;4;4;3;3;3;2;3;3;4;3;3;improve Customer Service
19/02/2025 05.39;Bojonggede;Female;45;8;3;3;4;3;3;3;3;3;4;3;4;3;3;overall good
27/02/2025 04.19;Bogor Timur;Male;64;6;4;4;4;4;3;3;4;4;4;4;4;4;3;overall good
09/02/2025 15.56;Tanah Sareal;Female;62;0;3;4;4;3;3;4;4;4;3;4;4;3;4;overall good
01/02/2025 04.02;Cijeruk;Male;46;7;4;4;4;5;3;4;3;5;4;5;4;3;5;overall good
26/02/2025 19.44;Bogor Tengah;Female;40;10;5;4;4;4;4;5;4;3;4;4;4;4;5;overall good
08/02/2025 12.43;Leuwiliang;Male;35;10;4;4;4;4;4;4;4;5;5;4;5;4;4;overall good
06/02/2025 11.28;Cileungsi;Female;33;5;3;4;3;3;4;4;3;3;3;4;4;4;4;overall good
12/02/2025 16.23;Bogor Barat;Male;63;9;4;4;3;4;4;4;5;4;5;4;5;4;4;overall good
22/02/2025 16.08;Yasmin;Female;25;9;4;4;5;4;4;5;4;4;5;4;4;4;3;overall good
12/02/2025 21.08;Kemang;Male;64;7;4;4;3;5;4;4;4;3;4;4;3;4;3;overall good
03/02/2025 17.45;Bogor Barat;Female;46;9;4;3;3;2;4;3;3;4;3;3;2;3;3;improve Account Opening, Branch Cleanliness
28/02/2025 23.13;Tanah Sareal;Male;53;1;4;4;4;3;5;4;4;4;5;3;3;2;4;improve Staff Friendliness
12/02/2025 12.00;Ciomas;Female;57;8;4;4;3;4;5;4;4;3;4;4;4;4;4;overall good
11/02/2025 17.32;Dramaga;Male;30;4;4;4;4;3;5;3;4;3;5;4;3;4;4;overall good
21/02/2025 17.43;Gunung Putri;Female;40;9;4;4;4;4;5;3;5;4;4;4;4;4;3;overall good
19/02/2025 12.04;Cijeruk;Male;52;10;3;3;4;4;4;4;3;4;4;4;4;4;3;overall good
08/02/2025 05.51;Ciawi;Female;41;3;3;3;4;4;4;4;4;3;3;3;3;4;3;overall good
12/02/2025 16.44;Dramaga;Male;45;10;4;4;3;4;4;3;3;4;4;3;3;4;3;overall good
23/02/2025 11.27;Cibinong;Female;40;1;4;4;4;4;4;4;4;3;4;4;4;5;4;overall good
28/02/2025 01.17;Bogor Barat;Male;56;10;4;4;3;4;5;4;4;3;5;5;4;4;4;overall good
10/02/2025 20.54;Ciawi;Female;29;10;4;4;4;5;3;3;4;3;3;3;4;4;4;overall good
19/02/2025 00.20;Ciomas;Male;62;10;4;4;3;4;4;3;2;4;4;5;4;4;4;improve Internet Banking
03/02/2025 12.02;Bogor Timur;Female;55;7;4;3;4;5;4;5;4;4;4;3;3;3;4;overall good
04/02/2025 12.47;Cileungsi;Male;45;7;4;4;4;5;4;4;4;4;4;5;3;4;4;overall good
24/02/2025 06.32;Yasmin;Female;58;7;4;4;4;4;4;5;5;4;4;3;3;3;5;overall good
11/02/2025 06.46;Yasmin;Male;42;9;4;3;4;3;3;4;3;3;2;3;4;3;3;improve Loan Application
12/02/2025 18.38;Yasmin;Female;28;8;4;5;4;3;4;4;4;3;4;4;4;4;3;overall good
27/02/2025 19.13;Kemang;Male;34;7;3;4;3;4;3;3;3;3;3;4;3;5;4;overall good
15/02/2025 23.20;Ciomas;Female;39;10;4;5;3;3;3;4;3;4;5;4;4;4;4;overall good
23/02/2025 14.56;Cileungsi;Male;44;8;4;4;4;4;4;4;3;3;3;4;4;3;3;overall good
10/02/2025 20.39;Bogor Selatan;Female;51;2;3;4;3;3;3;3;3;3;3;3;3;3;4;overall good
08/02/2025 02.00;Bojonggede;Male;41;9;4;4;5;3;4;3;3;3;3;4;3;4;4;overall good
15/02/2025 07.55;Bogor Tengah;Female;37;8;4;4;4;3;4;3;3;3;5;4;5;4;3;overall good
28/02/2025 15.51;Tanah Sareal;Male;33;10;4;4;3;4;3;4;3;2;3;3;3;3;3;improve Customer Service
13/02/2025 11.48;Cibinong;Female;52;8;4;4;4;4;4;4;3;3;3;3;4;4;4;overall good
09/02/2025 04.00;Caringin;Male;62;8;4;3;4;3;4;3;4;3;3;3;2;3;4;improve Branch Cleanliness
09/02/2025 22.25;Bojonggede;Female;31;10;5;5;5;5;4;5;5;4;5;5;5;4;5;overall good
04/02/2025 14.36;Cijeruk;Male;62;7;5;5;4;5;5;5;3;4;5;4;4;4;4;overall good
04/02/2025 07.11;Bogor Barat;Female;21;9;4;3;3;4;4;4;4;3;3;4;3;3;4;overall good
19/02/2025 02.48;Tanah Sareal;Male;21;10;4;4;4;4;4;5;5;5;5;4;4;4;4;overall good
24/02/2025 16.23;Bogor Barat;Female;60;8;4;4;3;4;4;5;3;3;4;4;4;4;3;overall good
01/02/2025 13.48;Bogor Tengah;Male;21;8;4;3;3;4;3;4;4;3;3;2;3;4;3;improve Complaint Handling
14/02/2025 22.00;Bogor Tengah;Female;54;4;3;4;4;4;4;3;3;4;4;4;4;4;3;overall good
21/02/2025 21.39;Bogor Tengah;Male;53;5;4;5;4;4;4;3;4;4;3;4;4;5;3;overall good
08/02/2025 05.28;Baranangsiang;Female;27;4;4;4;5;5;5;5;5;4;4;4;5;4;4;overall good
18/02/2025 04.57;Cibinong;Male;33;2;3;4;3;4;4;3;5;3;4;4;3;5;4;overall good
23/02/2025 06.46;Cileungsi;Female;46;10;3;3;3;4;3;4;3;3;3;2;4;3;4;improve Complaint Handling
15/02/2025 13.29;Sukaraja;Male;36;1;4;5;4;5;4;4;5;4;4;4;4;5;3;overall good
02/02/2025 12.54;Bogor Timur;Female;62;5;4;4;4;4;4;4;4;4;4;3;4;4;4;overall good
03/02/2025 17.22;Bogor Timur;Male;46;8;3;3;2;3;3;3;2;4;2;3;3;2;3;improve Internet Banking, Loan Application, Staff Friendliness
22/02/2025 01.32;Bogor Tengah;Female;65;10;3;4;3;3;3;4;4;4;3;3;4;5;4;overall good
26/02/2025 15.21;Ciomas;Male;57;0;4;4;4;4;4;5;4;5;4;4;4;4;4;overall good
14/02/2025 03.50;Bogor Barat;Female;35;10;4;4;4;3;5;4;3;4;4;4;5;4;4;overall good
27/02/2025 08.40;Bogor Barat;Male;25;8;4;5;3;4;4;4;4;3;4;4;5;3;5;overall good
01/02/2025 18.14;Sukaraja;Female;63;10;4;4;4;5;5;4;5;4;4;5;3;4;5;overall good
04/02/2025 17.38;Yasmin;Male;58;10;3;4;4;4;4;3;5;4;4;3;4;4;4;overall good
27/02/2025 05.48;Dramaga;Female;31;8;3;4;3;3;3;4;3;3;4;3;3;4;3;overall good
04/02/2025 19.22;Ciomas;Male;45;7;4;4;5;4;4;4;5;5;4;4;5;4;4;overall good
12/02/2025 06.28;Ciawi;Female;43;10;4;4;4;3;4;5;4;5;4;4;4;4;4;overall good
16/02/2025 20.15;Bogor Timur;Male;42;8;4;4;4;4;3;4;4;4;4;2;3;3;3;improve Complaint Handling
24/02/2025 19.35;Bogor Tengah;Female;61;10;4;4;3;3;4;4;4;4;4;4;2;4;5;improve Branch Cleanliness
21/02/2025 23.08;Cibinong;Male;43;8;3;3;3;4;3;3;4;3;4;4;3;4;3;overall good
05/02/2025 03.50;Baranangsiang;Female;64;8;4;4;4;4;4;3;3;5;4;5;4;4;4;overall good
04/02/2025 13.38;Kemang;Male;39;5;3;4;4;3;4;4;3;4;3;3;3;3;4;overall good
19/02/2025 21.56;Bogor Timur;Female;38;9;4;3;4;4;4;4;3;3;4;3;4;4;3;overall good
15/02/2025 23.09;Ciomas;Male;44;9;4;5;4;3;4;4;4;4;3;4;5;4;4;overall good
07/02/2025 10.22;Babakan Madang;Female;44;7;4;4;4;4;4;4;4;4;4;4;4;5;4;overall good
06/02/2025 00.20;Bogor Timur;Male;32;8;3;3;3;4;3;4;4;3;4;3;3;3;4;overall good
16/02/2025 17.59;Bogor Tengah;Female;26;9;4;3;4;4;4;4;4;5;3;4;3;4;4;overall good
05/02/2025 02.40;Leuwiliang;Male;21;10;4;3;4;3;4;4;3;4;3;4;3;4;3;overall good
19/02/2025 11.35;Cijeruk;Female;36;7;4;3;4;3;4;5;5;4;4;3;4;4;3;overall good
24/02/2025 22.31;Baranangsiang;Male;29;10;4;4;4;4;5;4;4;4;5;4;3;4;4;overall good
21/02/2025 10.37;Tanah Sareal;Female;25;10;3;4;3;3;3;3;4;4;3;3;4;3;4;overall good
13/02/2025 05.15;Dramaga;Male;51;2;3;4;3;3;3;3;3;3;3;4;3;3;4;overall good
23/02/2025 05.26;Cibinong;Female;61;7;3;3;4;3;3;3;5;2;4;5;4;4;4;improve Customer Service
17/02/2025 03.03;Bogor Selatan;Male;29;10;3;4;3;3;3;4;5;4;3;3;4;4;3;overall good
22/02/2025 08.53;Kemang;Female;45;2;3;3;3;3;3;3;3;4;3;2;2;4;3;improve Complaint Handling, Branch Cleanliness
07/02/2025 14.35;Ciomas;Male;48;6;4;4;3;4;3;3;4;4;4;4;5;4;4;overall good
24/02/2025 06.05;Dramaga;Female;41;7;4;4;4;4;5;3;3;4;4;4;4;3;4;overall good
15/02/2025 03.33;Ciomas;Male;32;2;3;4;4;4;2;3;3;4;3;3;3;3;4;improve ATM Service
19/02/2025 06.08;Caringin;Female;57;2;3;3;4;3;3;4;4;4;4;4;3;3;4;overall good
27/02/2025 11.42;Cileungsi;Male;46;9;4;4;4;4;4;5;4;3;3;4;4;4;4;overall good
23/02/2025 09.49;Baranangsiang;Female;64;7;4;4;4;3;4;4;4;4;2;4;4;5;3;improve Loan Application
20/02/2025 20.41;Yasmin;Male;49;7;4;3;4;3;4;3;3;5;4;4;4;3;4;overall good
13/02/2025 06.23;Caringin;Female;29;7;4;5;4;5;4;4;4;5;3;3;4;4;4;overall good
22/02/2025 19.12;Tanah Sareal;Male;48;7;4;3;5;4;4;5;4;4;4;5;4;5;3;overall good
27/02/2025 09.23;Kemang;Female;51;8;4;5;4;4;4;4;4;4;4;4;4;4;3;overall good
06/02/2025 07.25;Bogor Barat;Male;44;7;4;4;4;4;2;4;3;4;3;4;5;4;4;improve ATM Service
03/02/2025 03.36;Cibinong;Female;63;7;4;4;4;4;3;4;4;4;4;4;3;4;4;overall good
17/02/2025 02.20;Sukaraja;Male;62;8;4;4;4;4;4;5;4;4;4;4;3;4;4;overall good
11/02/2025 18.39;Gunung Putri;Female;27;10;4;4;5;4;4;4;5;4;4;5;3;4;3;overall good
22/02/2025 15.22;Ciawi;Male;54;7;4;5;4;4;4;4;3;5;4;4;4;4;4;overall good
17/02/2025 17.54;Bojonggede;Female;46;9;4;4;3;4;4;4;4;4;4;4;3;4;4;overall good
05/02/2025 04.01;Bogor Tengah;Male;51;10;4;3;3;4;4;3;4;4;3;5;3;4;4;overall good
23/02/2025 02.30;Bogor Selatan;Female;30;10;4;4;4;4;4;5;4;4;4;4;5;4;5;overall good
05/02/2025 17.44;Yasmin;Male;54;8;4;4;4;4;4;4;3;3;4;4;4;3;4;overall good
15/02/2025 13.49;Babakan Madang;Female;65;7;3;4;4;3;4;4;4;4;5;5;3;4;4;overall good
06/02/2025 07.25;Bogor Barat;Male;28;10;4;4;4;4;3;4;4;4;4;4;4;4;4;overall good
17/02/2025 01.37;Baranangsiang;Female;36;7;4;4;3;4;4;4;4;4;3;4;4;4;4;overall good
20/02/2025 15.54;Cijeruk;Male;48;1;4;4;4;5;5;3;4;3;4;5;4;4;4;overall good
20/02/2025 04.53;Baranangsiang;Female;32;3;3;3;3;2;4;5;4;3;3;3;3;4;4;improve Account Opening
21/02/2025 20.27;Bogor Tengah;Male;60;3;4;4;4;5;3;5;3;3;4;3;4;3;3;overall good
14/02/2025 12.17;Leuwiliang;Female;21;7;4;4;4;5;3;4;4;4;5;4;4;3;4;overall good
18/02/2025 18.10;Bogor Timur;Male;57;9;4;4;4;3;4;4;4;5;4;4;4;5;5;overall good
24/02/2025 18.17;Ciomas;Female;33;10;4;4;4;4;4;4;4;4;4;5;4;3;5;overall good
20/02/2025 01.20;Ciawi;Male;61;10;4;3;4;4;3;4;4;4;4;4;4;3;5;overall good
09/02/2025 09.00;Sukaraja;Female;28;10;4;3;4;4;4;4;4;5;5;5;4;4;5;overall good
16/02/2025 04.53;Dramaga;Male;60;7;3;4;4;4;5;4;4;3;5;3;4;3;3;overall good
19/02/2025 02.55;Bogor Selatan;Female;36;9;4;4;5;5;4;4;4;4;4;4;4;4;3;overall good
28/02/2025 21.41;Tanah Sareal;Male;53;7;3;3;4;4;3;4;3;4;4;4;4;4;4;overall good
27/02/2025 22.31;Leuwiliang;Female;48;9;4;4;3;4;5;4;3;4;4;4;4;4;4;overall good
16/02/2025 06.30;Baranangsiang;Male;52;9;4;4;4;4;4;4;4;3;3;5;4;3;3;overall good
01/02/2025 11.09;Babakan Madang;Female;60;10;3;2;3;3;3;2;3;3;4;4;4;3;4;improve Mobile Banking
28/02/2025 06.17;Caringin;Male;29;10;3;3;4;3;3;3;4;4;4;3;3;3;3;overall good
21/02/2025 04.14;Ciawi;Female;62;8;3;3;3;3;4;4;3;4;3;4;4;3;4;overall good
11/02/2025 16.56;Babakan Madang;Male;52;9;4;4;4;4;3;4;4;3;3;2;4;3;4;improve Complaint Handling
09/02/2025 03.58;Dramaga;Female;23;10;4;4;4;4;4;3;4;3;4;4;4;3;4;overall good
27/02/2025 16.28;Babakan Madang;Male;57;8;4;4;5;4;4;4;4;3;3;4;3;3;3;overall good
27/02/2025 08.45;Ciawi;Female;28;8;4;4;4;3;3;3;3;3;4;3;4;4;4;overall good
22/02/2025 10.13;Bojonggede;Male;55;0;4;4;4;4;5;5;4;4;4;4;4;4;5;overall good
13/02/2025 00.23;Cijeruk;Female;34;0;3;3;4;3;4;3;3;3;3;4;3;4;4;overall good
05/02/2025 05.20;Dramaga;Male;23;10;4;4;4;4;3;4;4;4;3;4;3;4;4;overall good
11/02/2025 04.31;Babakan Madang;Female;28;7;4;3;5;5;4;4;4;4;5;4;4;4;5;overall good
09/02/2025 01.22;Sukaraja;Male;65;10;5;5;4;3;4;4;4;4;4;5;5;5;5;overall good
03/02/2025 21.09;Kemang;Female;29;7;4;4;4;4;4;4;5;5;4;2;5;4;4;improve Complaint Handling
16/02/2025 17.05;Sukaraja;Male;43;7;4;4;3;3;4;4;4;3;3;3;4;4;3;overall good
07/02/2025 13.58;Dramaga;Female;39;7;3;3;4;4;4;4;3;4;5;4;4;4;3;overall good
07/02/2025 03.50;Gunung Putri;Male;24;6;3;4;3;4;3;4;3;3;3;3;4;3;3;overall good
13/02/2025 00.25;Tanah Sareal;Female;36;10;4;5;4;4;3;3;3;4;5;4;4;4;4;overall good
21/02/2025 02.36;Leuwiliang;Male;52;10;4;4;4;3;4;4;3;3;4;3;4;3;3;overall good
20/02/2025 13.21;Leuwiliang;Female;49;9;4;4;4;3;4;3;4;4;2;3;4;4;3;improve Loan Application
23/02/2025 01.45;Ciawi;Male;38;2;3;4;4;4;5;4;4;5;4;4;4;4;3;overall good
23/02/2025 06.07;Caringin;Female;41;7;4;4;4;3;5;3;3;3;5;4;3;4;4;overall good
11/02/2025 13.47;Bojonggede;Male;25;8;4;3;4;3;3;5;5;4;5;4;4;4;4;overall good
14/02/2025 18.24;Gunung Putri;Female;34;8;4;4;4;4;4;3;3;4;4;4;4;5;3;overall good
17/02/2025 16.29;Ciomas;Male;56;8;3;3;3;3;4;2;3;3;4;4;4;3;3;improve Mobile Banking
01/02/2025 18.58;Bogor Barat;Female;23;10;3;4;4;3;3;4;4;4;4;4;4;3;3;overall good
21/02/2025 18.25;Bogor Selatan;Male;31;7;3;4;4;3;3;4;4;4;4;4;4;4;3;overall good
15/02/2025 15.41;Yasmin;Female;65;5;4;4;4;4;4;5;4;4;5;5;4;5;4;overall good
13/03/2025 03.43;Baranangsiang;Male;38;10;4;4;4;5;3;5;3;4;4;4;4;3;4;overall good
03/03/2025 12.20;Bogor Timur;Female;44;7;4;4;4;3;3;4;4;3;3;4;4;4;3;overall good
21/03/2025 20.05;Leuwiliang;Male;61;9;3;3;3;3;4;3;3;3;3;3;4;3;4;overall good
04/03/2025 18.48;Bogor Timur;Female;27;10;3;4;3;4;5;3;4;3;4;3;3;3;4;overall good
01/03/2025 10.49;Tanah Sareal;Male;58;10;4;4;5;4;3;4;4;5;4;4;5;3;4;overall good
21/03/2025 12.01;Bogor Tengah;Female;65;9;4;4;4;4;3;4;3;5;3;4;4;5;3;overall good
05/03/2025 08.04;Tanah Sareal;Male;51;10;5;5;4;5;4;5;4;4;4;4;5;5;5;overall good
07/03/2025 15.46;Bogor Selatan;Female;27;10;4;4;3;4;3;3;3;4;3;3;4;3;4;overall good
04/03/2025 07.42;Leuwiliang;Male;29;7;4;4;4;3;5;4;4;4;4;4;3;3;3;overall good
22/03/2025 08.45;Ciawi;Female;57;9;4;4;4;3;3;4;4;4;4;4;5;4;4;overall good
20/03/2025 23.40;Bojonggede;Male;34;1;3;3;4;4;5;4;4;3;4;3;3;4;4;overall good
05/03/2025 04.59;Kemang;Female;64;9;4;4;5;4;5;4;4;5;4;3;4;5;4;overall good
19/03/2025 15.25;Bogor Selatan;Male;29;4;3;4;4;4;5;4;4;4;3;3;4;4;4;overall good
13/03/2025 00.41;Bojonggede;Female;48;9;4;3;4;4;2;3;3;4;2;4;3;3;3;improve ATM Service, Loan Application
02/03/2025 07.15;Cileungsi;Male;62;10;4;3;4;3;3;5;4;4;4;3;5;2;3;improve Staff Friendliness
20/03/2025 00.25;Dramaga;Female;34;7;4;4;4;4;3;3;4;4;4;3;4;4;4;overall good
25/03/2025 00.35;Dramaga;Male;62;9;4;4;4;4;4;3;4;5;5;4;4;5;4;overall good
26/03/2025 15.29;Leuwiliang;Female;28;9;4;5;4;5;4;4;3;3;4;4;3;3;4;overall good
19/03/2025 18.41;Bogor Tengah;Male;44;1;4;4;4;4;5;4;4;5;3;4;5;4;4;overall good
23/03/2025 20.46;Sukaraja;Female;47;7;3;4;4;4;4;3;4;3;4;4;4;4;3;overall good
13/03/2025 17.28;Bogor Timur;Male;22;7;3;3;4;4;4;3;4;4;4;4;4;4;3;overall good
20/03/2025 07.40;Yasmin;Female;23;6;4;5;3;4;3;5;3;3;4;5;4;4;4;overall good
21/03/2025 13.30;Ciawi;Male;39;8;4;4;4;4;4;5;5;5;4;4;4;4;4;overall good
14/03/2025 11.16;Leuwiliang;Female;26;7;4;4;4;5;4;4;4;4;4;4;3;3;4;overall good
08/03/2025 13.01;Bogor Timur;Male;40;9;4;4;3;3;5;4;4;5;4;4;4;3;4;overall good
16/03/2025 01.22;Cijeruk;Female;41;9;4;4;4;4;5;4;4;4;5;5;3;3;4;overall good
22/03/2025 02.12;Gunung Putri;Male;36;9;4;4;4;4;4;4;5;3;4;4;3;4;4;overall good
16/03/2025 00.20;Bogor Selatan;Female;50;7;4;4;4;5;4;4;4;4;4;4;4;3;4;overall good
01/03/2025 13.13;Baranangsiang;Male;28;9;4;3;3;4;4;4;4;3;3;4;4;4;3;overall good
26/03/2025 02.36;Baranangsiang;Female;52;4;4;4;4;4;4;4;4;4;4;3;4;4;4;overall good
06/03/2025 17.32;Cileungsi;Male;31;10;4;4;4;4;3;3;4;4;3;4;4;4;4;overall good
26/03/2025 10.20;Bogor Tengah;Female;42;2;4;4;4;5;4;4;4;4;4;4;4;4;4;overall good
25/03/2025 02.03;Bogor Timur;Male;37;7;4;4;3;3;3;4;3;4;4;3;3;4;4;overall good
28/03/2025 12.28;Babakan Madang;Female;53;8;3;4;4;4;3;4;3;4;4;3;4;4;4;overall good
28/03/2025 20.39;Baranangsiang;Male;44;9;3;4;3;3;4;4;4;5;4;4;4;4;4;overall good
03/03/2025 03.18;Bogor Selatan;Female;35;7;4;3;3;3;5;4;4;3;4;4;4;3;4;overall good
19/03/2025 14.12;Bogor Tengah;Male;36;10;3;4;3;4;4;3;3;4;4;4;4;5;3;overall good
02/03/2025 17.12;Tanah Sareal;Female;32;6;4;4;3;3;3;3;4;3;3;3;3;3;3;overall good
13/03/2025 01.14;Cijeruk;Male;62;10;4;4;4;3;5;4;4;5;5;4;4;3;4;overall good
28/03/2025 17.53;Gunung Putri;Female;41;9;4;4;4;4;3;3;3;4;4;3;4;4;4;overall good
09/03/2025 16.57;Bojonggede;Male;28;7;4;4;4;4;3;4;4;4;5;4;5;4;5;overall good
04/03/2025 08.18;Cibinong;Female;54;3;4;4;4;4;4;4;5;4;4;4;5;4;4;overall good
16/03/2025 21.19;Babakan Madang;Male;39;8;4;5;5;4;3;4;4;5;5;4;5;5;5;overall good
10/03/2025 17.47;Bogor Timur;Female;56;8;3;4;4;4;4;4;5;4;3;3;4;4;3;overall good
31/03/2025 05.31;Dramaga;Male;57;5;3;3;4;3;4;3;4;3;4;3;4;3;3;overall good
10/03/2025 11.41;Cibinong;Female;50;10;4;4;3;4;4;4;4;4;4;4;4;4;3;overall good
02/03/2025 03.51;Cijeruk;Male;36;10;3;4;4;4;4;4;3;4;4;3;3;4;4;overall good
17/03/2025 06.19;Cibinong;Female;55;9;4;3;3;4;3;4;3;3;4;4;4;4;3;overall good
06/03/2025 01.06;Bogor Tengah;Male;63;10;4;4;4;3;3;3;2;3;4;3;3;4;3;improve Internet Banking
24/03/2025 21.15;Yasmin;Female;54;8;5;4;4;5;4;4;5;5;4;4;4;4;4;overall good
03/03/2025 03.08;Bogor Barat;Male;30;7;4;4;4;3;4;4;4;4;4;5;4;4;4;overall good
23/03/2025 06.08;Cibinong;Female;54;10;4;4;4;4;4;3;3;4;4;4;4;4;3;overall good
31/03/2025 22.24;Bogor Timur;Male;58;9;4;4;5;4;4;3;4;4;4;4;4;4;4;overall good
22/03/2025 02.47;Leuwiliang;Female;25;7;4;4;3;4;4;4;4;4;4;4;4;4;4;overall good
20/03/2025 01.49;Tanah Sareal;Male;36;10;4;4;4;4;4;4;4;4;4;3;3;4;4;overall good
04/03/2025 15.01;Ciomas;Female;41;7;3;4;3;4;3;4;3;3;3;3;3;3;4;overall good
08/03/2025 13.03;Yasmin;Male;29;7;4;3;4;4;5;3;3;4;4;3;3;5;4;overall good
20/03/2025 17.37;Bogor Selatan;Female;31;8;3;4;3;3;3;2;2;4;2;3;3;2;3;improve Mobile Banking, Internet Banking, Loan Application, Staff Friendliness
22/03/2025 22.31;Bogor Selatan;Male;55;9;4;4;5;5;4;4;4;4;4;5;3;3;4;overall good
05/03/2025 09.20;Dramaga;Female;50;9;3;3;4;4;4;4;4;4;3;4;3;3;3;overall good
11/03/2025 10.31;Baranangsiang;Male;64;9;4;4;4;4;4;4;4;5;3;4;5;4;3;overall good
18/03/2025 06.28;Ciomas;Female;30;9;4;4;3;5;4;3;5;4;3;3;4;4;3;overall good
13/03/2025 15.06;Leuwiliang;Male;53;10;4;5;5;4;5;4;3;4;5;4;4;5;4;overall good
22/03/2025 22.51;Baranangsiang;Female;22;6;4;4;3;4;4;4;4;3;4;3;4;5;3;overall good
05/03/2025 22.43;Cijeruk;Male;56;10;3;4;3;4;4;4;3;4;4;4;4;4;4;overall good
07/03/2025 08.17;Tanah Sareal;Female;28;9;4;5;4;4;4;4;4;4;4;4;4;4;4;overall good
29/03/2025 06.27;Yasmin;Male;46;7;3;3;4;3;4;4;3;3;4;4;3;4;3;overall good
02/03/2025 01.23;Sukaraja;Female;37;0;4;3;4;5;4;4;4;4;4;4;4;4;4;overall good
07/03/2025 06.03;Bogor Timur;Male;33;3;4;3;4;4;4;3;4;4;4;3;4;4;3;overall good
03/03/2025 10.59;Bogor Timur;Female;42;10;4;4;4;3;4;3;4;3;3;3;4;4;4;overall good
25/03/2025 02.01;Baranangsiang;Male;57;8;3;3;3;3;4;3;5;4;4;4;5;4;4;overall good
18/03/2025 04.22;Bogor Tengah;Female;45;7;4;4;4;4;4;4;4;3;4;4;5;3;4;overall good
08/03/2025 05.10;Yasmin;Male;32;10;4;4;3;4;3;3;3;5;4;4;4;4;4;overall good
15/03/2025 07.49;Bogor Barat;Female;60;7;4;4;4;3;4;3;5;4;3;4;4;5;3;overall good
03/03/2025 23.02;Caringin;Male;47;3;4;4;4;3;4;3;4;5;3;3;4;4;4;overall good
10/03/2025 16.23;Bogor Timur;Female;38;10;4;3;4;4;3;4;4;4;4;4;4;4;4;overall good
19/03/2025 13.38;Ciawi;Male;36;7;4;5;3;4;4;4;5;3;4;3;4;4;5;overall good
17/03/2025 16.49;Bojonggede;Female;51;8;4;4;4;3;4;3;4;4;4;4;4;4;4;overall good
09/03/2025 17.30;Sukaraja;Male;53;10;4;3;3;4;4;4;5;4;4;4;3;5;4;overall good
14/03/2025 15.18;Bogor Tengah;Female;41;7;4;4;4;3;3;4;4;4;3;5;4;4;4;overall good
08/03/2025 17.58;Bogor Barat;Male;51;9;5;4;5;4;4;4;4;4;4;5;5;3;4;overall good
26/03/2025 21.47;Bogor Selatan;Female;36;8;4;4;4;3;4;4;4;4;4;5;4;4;4;overall good
18/03/2025 05.22;Bogor Barat;Male;35;8;3;4;4;4;3;3;5;3;4;3;3;3;3;overall good
18/03/2025 10.00;Baranangsiang;Female;32;10;4;4;4;3;4;5;4;4;4;4;3;4;4;overall good
28/03/2025 13.21;Sukaraja;Male;22;8;4;3;3;4;3;3;3;4;3;4;4;2;4;improve Staff Friendliness
24/03/2025 21.29;Sukaraja;Female;30;7;4;5;4;4;4;4;4;4;4;3;5;4;4;overall good
05/03/2025 09.09;Cijeruk;Male;40;9;5;3;4;3;4;4;4;4;3;4;4;5;3;overall good
26/03/2025 13.21;Bogor Barat;Female;35;7;4;4;4;4;5;3;4;4;5;4;5;5;4;overall good
07/03/2025 08.01;Caringin;Male;21;9;4;4;3;4;4;3;4;3;4;4;4;4;4;overall good
16/03/2025 17.00;Ciomas;Female;32;6;4;4;4;5;4;4;5;4;5;4;3;5;4;overall good
06/03/2025 09.13;Bogor Barat;Male;22;9;4;4;4;3;4;4;4;3;4;4;4;3;3;overall good
20/03/2025 04.54;Ciawi;Female;44;2;4;4;5;4;4;4;3;4;4;4;4;3;3;overall good
07/03/2025 14.58;Sukaraja;Male;27;10;4;4;4;5;4;4;3;4;4;4;3;4;4;overall good
16/03/2025 09.39;Baranangsiang;Female;48;8;4;4;4;5;4;3;3;3;4;3;4;4;4;overall good
11/03/2025 20.05;Baranangsiang;Male;56;8;4;4;4;4;4;4;4;4;4;4;3;4;4;overall good
07/03/2025 04.22;Sukaraja;Female;32;10;4;4;3;4;3;4;3;4;4;3;3;3;4;overall good
20/03/2025 00.14;Baranangsiang;Male;21;4;4;4;4;4;5;4;4;3;4;4;4;4;4;overall good
30/03/2025 16.18;Sukaraja;Female;23;10;4;3;3;4;4;4;4;4;4;4;3;2;4;improve Staff Friendliness
07/03/2025 19.51;Cibinong;Male;61;8;3;3;4;4;3;4;4;3;4;3;4;3;3;overall good
09/03/2025 03.36;Ciomas;Female;25;10;4;3;4;4;4;4;3;4;4;4;4;4;3;overall good
22/03/2025 16.21;Bogor Timur;Male;63;8;4;5;4;4;3;4;5;3;4;4;4;4;5;overall good
18/03/2025 00.20;Bogor Tengah;Female;37;9;4;4;4;3;4;4;4;3;4;4;3;3;3;overall good
19/03/2025 17.38;Cileungsi;Male;27;7;4;4;4;4;4;5;4;4;5;3;3;3;5;overall good
24/03/2025 22.28;Babakan Madang;Female;47;3;3;3;4;4;4;3;4;3;4;4;3;3;4;overall good
24/03/2025 06.38;Leuwiliang;Male;43;7;3;4;4;4;4;4;3;4;4;4;4;4;3;overall good
08/03/2025 21.30;Sukaraja;Female;62;1;3;4;4;4;4;5;3;3;5;4;4;3;4;overall good
15/03/2025 07.35;Babakan Madang;Male;25;7;4;4;4;4;3;5;4;4;4;4;4;4;4;overall good
04/03/2025 14.26;Bogor Tengah;Female;41;9;5;5;4;4;4;5;4;5;5;5;5;4;5;overall good
04/03/2025 15.23;Ciomas;Male;31;1;4;4;4;4;3;3;4;3;4;3;4;4;3;overall good
02/03/2025 12.06;Cijeruk;Female;26;10;3;4;4;3;3;4;3;4;4;4;4;3;3;overall good
08/03/2025 15.02;Gunung Putri;Male;62;10;4;4;4;4;3;2;3;4;4;4;4;3;3;improve Mobile Banking
20/03/2025 20.50;Bogor Barat;Female;27;9;4;4;4;4;4;3;3;4;4;5;4;4;4;overall good
15/03/2025 10.29;Cijeruk;Male;55;10;4;3;4;4;4;5;4;5;3;3;3;4;4;overall good
08/03/2025 10.56;Cibinong;Female;27;10;4;3;4;4;3;3;4;5;4;4;3;5;5;overall good
15/03/2025 07.10;Bogor Barat;Male;44;9;3;3;3;3;3;3;3;4;3;4;3;3;4;overall good
11/03/2025 01.07;Kemang;Female;51;9;4;4;4;4;4;4;4;4;5;5;4;5;4;overall good
23/03/2025 23.44;Baranangsiang;Male;61;9;4;4;4;3;4;4;5;4;4;3;4;4;4;overall good
24/03/2025 17.50;Bogor Selatan;Female;40;8;5;4;4;4;4;4;4;4;4;4;4;3;4;overall good
09/03/2025 23.24;Cileungsi;Male;26;3;3;3;4;3;3;4;3;4;4;4;4;3;4;overall good
03/03/2025 03.58;Bojonggede;Female;45;10;4;4;4;3;3;4;4;4;4;3;3;4;3;overall good
14/03/2025 00.53;Cileungsi;Male;49;9;4;4;5;5;4;4;4;5;5;4;4;3;4;overall good
05/03/2025 03.51;Sukaraja;Female;24;9;4;4;4;4;3;4;4;3;3;3;3;4;4;overall good
27/03/2025 20.59;Bojonggede;Male;55;9;4;3;4;3;4;4;4;4;4;3;3;5;4;overall good
26/03/2025 23.55;Bogor Barat;Female;45;3;4;4;4;4;3;4;3;4;3;4;4;3;4;overall good
15/03/2025 12.11;Caringin;Male;57;3;3;4;3;3;4;3;3;4;4;3;3;3;3;overall good
02/03/2025 16.27;Bogor Timur;Female;46;5;4;4;3;4;4;3;3;4;4;3;4;4;4;overall good
28/03/2025 17.49;Ciawi;Male;57;6;3;4;3;3;3;4;4;3;3;3;3;3;3;overall good
09/03/2025 09.25;Kemang;Female;30;10;5;4;4;5;5;4;5;4;4;4;5;4;4;overall good
03/03/2025 01.43;Baranangsiang;Male;34;1;4;4;4;4;5;5;4;4;4;4;4;4;5;overall good
10/03/2025 19.15;Gunung Putri;Female;26;3;4;4;4;4;4;5;4;3;4;5;3;5;5;overall good
05/03/2025 05.23;Tanah Sareal;Male;59;9;4;3;4;5;5;4;4;4;4;5;4;4;4;overall good
14/03/2025 09.47;Leuwiliang;Female;56;8;3;4;3;3;4;4;3;3;4;4;3;3;4;overall good
31/03/2025 05.54;Ciawi;Male;50;0;4;4;4;4;4;4;3;4;4;4;4;4;4;overall good
21/03/2025 02.51;Sukaraja;Female;54;7;4;4;4;4;4;4;4;4;4;5;4;4;4;overall good
06/03/2025 03.04;Tanah Sareal;Male;30;7;4;4;4;4;4;4;4;4;4;4;4;4;3;overall good
27/03/2025 00.03;Sukaraja;Female;27;6;3;3;3;4;3;2;4;4;4;4;3;4;3;improve Mobile Banking
28/03/2025 18.27;Bojonggede;Male;47;10;3;4;4;4;4;4;4;4;4;4;4;4;3;overall good
20/03/2025 13.29;Kemang;Female;51;10;5;4;4;5;4;4;3;4;4;4;5;4;4;overall good
02/03/2025 21.11;Tanah Sareal;Male;60;8;4;4;4;4;5;4;4;4;3;4;4;5;4;overall good
24/03/2025 01.40;Leuwiliang;Female;42;7;4;4;4;4;3;4;4;4;5;4;3;4;4;overall good
16/03/2025 02.16;Cileungsi;Male;44;10;4;4;3;3;4;3;4;3;5;3;4;4;4;overall good
05/03/2025 18.25;Cileungsi;Female;52;5;4;4;4;4;4;5;4;3;4;4;4;3;4;overall good
16/03/2025 13.50;Cibinong;Male;29;10;5;3;5;5;4;5;4;4;5;4;3;4;4;overall good
10/03/2025 02.57;Cileungsi;Female;47;7;4;4;5;4;4;5;4;4;4;4;4;4;4;overall good
24/03/2025 12.26;Babakan Madang;Male;34;3;4;5;4;5;4;4;4;4;4;4;4;5;4;overall good
08/03/2025 17.12;Ciawi;Female;44;4;4;4;4;4;4;3;3;4;3;4;3;4;3;overall good
07/03/2025 14.02;Bogor Timur;Male;40;8;4;4;4;4;4;4;4;4;5;3;4;4;5;overall good
10/03/2025 17.51;Ciawi;Female;57;9;4;3;3;3;3;4;3;3;4;4;4;4;4;overall good
18/03/2025 11.52;Bogor Barat;Male;36;9;3;4;3;3;4;5;4;4;4;3;4;4;4;overall good
25/03/2025 12.30;Yasmin;Female;38;10;4;3;3;3;4;3;3;3;4;3;4;4;4;overall good
12/03/2025 17.52;Leuwiliang;Male;61;7;5;5;4;4;5;4;3;5;4;4;4;4;4;overall good
24/03/2025 00.55;Bojonggede;Female;52;7;4;3;4;3;5;4;4;3;4;4;4;4;3;overall good
13/03/2025 13.21;Sukaraja;Male;56;9;4;5;4;4;5;3;4;5;4;3;5;3;4;overall good
08/03/2025 21.48;Bogor Timur;Female;39;9;3;4;4;4;4;4;4;3;3;3;3;4;3;overall good
11/03/2025 22.16;Sukaraja;Male;34;5;4;4;4;4;4;4;4;5;3;5;4;4;5;overall good
01/03/2025 23.21;Yasmin;Female;38;4;3;3;3;3;3;3;3;3;3;3;5;3;2;improve Transaction Speed
09/03/2025 09.47;Bogor Tengah;Male;51;5;3;4;4;4;3;3;3;4;4;4;4;4;4;overall good
14/03/2025 08.50;Kemang;Female;21;10;4;4;4;3;3;4;3;4;4;4;4;4;4;overall good
13/03/2025 05.35;Gunung Putri;Male;45;3;4;4;4;4;4;5;3;4;4;4;5;5;4;overall good
29/03/2025 08.58;Yasmin;Female;50;10;4;5;5;5;4;4;3;4;4;4;4;4;4;overall good
28/03/2025 06.08;Bogor Selatan;Male;21;8;4;4;4;3;4;5;4;4;3;4;4;4;3;overall good
24/03/2025 09.15;Kemang;Female;59;9;4;4;3;4;3;4;4;4;3;4;4;4;4;overall good
16/03/2025 18.48;Bogor Timur;Male;42;5;4;4;4;3;3;3;4;4;4;4;4;3;4;overall good
10/03/2025 03.27;Cileungsi;Female;37;8;4;3;3;3;4;4;3;3;4;4;4;4;3;overall good
30/03/2025 03.05;Tanah Sareal;Male;54;7;5;4;3;4;5;4;5;5;4;4;4;4;4;overall good
02/03/2025 05.39;Leuwiliang;Female;63;9;5;4;3;4;3;4;5;5;4;4;3;4;4;overall good
20/03/2025 15.23;Caringin;Male;39;10;4;4;3;3;3;3;4;4;4;3;2;5;3;improve Branch Cleanliness
17/03/2025 15.49;Leuwiliang;Female;23;7;3;4;4;3;3;5;4;4;3;3;4;4;4;overall good
18/03/2025 09.40;Cibinong;Male;64;8;3;3;3;3;3;3;3;4;3;3;4;4;4;overall good
28/03/2025 02.24;Ciawi;Female;40;6;3;3;4;4;4;3;4;4;3;2;3;3;3;improve Complaint Handling
13/03/2025 13.21;Baranangsiang;Male;39;9;3;3;4;4;4;4;3;3;3;3;3;3;4;overall good
05/03/2025 08.02;Cijeruk;Female;32;2;4;3;4;4;5;4;4;4;4;5;4;4;4;overall good
21/03/2025 09.53;Cibinong;Male;43;10;4;3;4;4;4;3;3;4;4;4;4;3;4;overall good
23/03/2025 12.19;Ciomas;Female;44;10;3;3;3;3;3;3;3;4;3;3;3;4;3;overall good
23/03/2025 22.10;Bogor Selatan;Male;51;9;3;3;3;3;3;3;4;3;3;4;4;3;3;overall good
26/03/2025 17.18;Yasmin;Female;53;10;4;3;3;3;3;4;3;4;3;3;3;4;3;overall good
07/03/2025 16.02;Dramaga;Male;47;9;4;4;4;3;4;4;4;4;4;4;3;4;4;overall good
07/03/2025 22.52;Yasmin;Female;42;8;3;3;3;3;4;4;4;3;3;4;4;3;4;overall good
17/03/2025 03.32;Ciomas;Male;32;8;4;4;4;3;3;3;4;3;4;3;4;4;3;overall good
22/03/2025 22.40;Baranangsiang;Female;41;7;4;3;3;4;4;3;4;3;4;4;3;3;3;overall good
28/03/2025 23.24;Cileungsi;Male;34;7;4;5;4;4;4;4;4;4;4;4;5;4;4;overall good
07/03/2025 06.46;Baranangsiang;Female;52;7;4;4;4;3;4;3;3;4;4;4;4;4;4;overall good
21/03/2025 19.51;Kemang;Male;48;8;4;3;4;4;4;3;3;2;4;4;4;2;3;improve Customer Service, Staff Friendliness
19/03/2025 02.41;Caringin;Female;45;9;4;4;4;4;3;4;4;4;3;4;4;3;4;overall good
01/03/2025 20.52;Bogor Tengah;Male;41;7;4;4;4;3;4;4;4;4;4;5;4;4;4;overall good
17/03/2025 17.11;Bogor Tengah;Female;61;7;4;4;4;3;4;4;4;4;4;3;4;4;4;overall good
09/03/2025 02.35;Dramaga;Male;29;10;4;4;4;4;4;4;4;4;4;5;4;4;4;overall good
23/03/2025 03.11;Bogor Timur;Female;23;10;4;4;3;4;4;3;4;4;3;4;4;3;4;overall good
07/03/2025 11.52;Ciawi;Male;59;8;4;3;3;3;4;3;3;3;3;3;4;3;4;overall good
09/03/2025 00.06;Ciomas;Female;52;9;4;4;5;5;3;4;4;5;4;4;4;4;5;overall good
11/03/2025 06.03;Leuwiliang;Male;22;9;3;3;4;4;3;3;4;4;4;3;3;3;3;overall good
18/03/2025 19.06;Bogor Tengah;Female;58;7;4;3;3;3;4;4;4;4;3;4;4;4;4;overall good
26/03/2025 23.00;Bogor Barat;Male;45;2;3;3;3;3;3;3;3;2;3;3;3;3;2;improve Customer Service, Transaction Speed
06/03/2025 05.57;Kemang;Female;24;7;4;4;3;4;3;3;3;3;4;4;3;3;4;overall good
22/03/2025 13.39;Bogor Tengah;Male;24;8;4;4;4;4;4;4;4;4;4;3;3;4;4;overall good
08/03/2025 10.24;Leuwiliang;Female;28;8;3;3;4;3;3;3;3;3;3;3;4;3;4;overall good
15/03/2025 14.49;Yasmin;Male;65;7;4;4;4;4;5;4;4;4;3;4;5;4;4;overall good
31/03/2025 05.36;Gunung Putri;Female;63;10;5;5;4;3;5;5;4;3;4;4;4;4;4;overall good
25/03/2025 20.02;Kemang;Male;65;9;3;4;4;4;4;3;4;2;3;4;3;3;3;improve Customer Service
25/03/2025 03.54;Kemang;Female;28;9;4;4;3;4;4;4;4;4;5;3;5;4;4;overall good
26/03/2025 09.30;Yasmin;Male;59;10;4;4;4;5;4;4;4;4;5;5;4;4;4;overall good
08/03/2025 18.50;Yasmin;Female;43;8;4;4;4;4;4;3;4;4;3;4;3;5;5;overall good
24/03/2025 08.00;Bogor Barat;Male;56;7;4;4;4;4;4;4;4;3;4;4;4;4;4;overall good
06/03/2025 08.39;Ciomas;Female;36;9;4;4;4;4;4;4;4;4;4;3;4;4;4;overall good
25/03/2025 20.10;Sukaraja;Male;63;7;3;3;3;3;3;3;2;3;4;3;3;4;4;improve Internet Banking
12/03/2025 05.19;Bogor Timur;Female;27;5;4;4;5;5;5;5;4;5;4;5;4;4;4;overall good
05/03/2025 20.17;Babakan Madang;Male;39;9;3;3;3;3;5;4;4;4;5;3;3;3;3;overall good
16/03/2025 04.19;Baranangsiang;Female;23;2;4;4;4;3;3;3;3;4;3;3;3;4;3;overall good
01/03/2025 11.16;Gunung Putri;Male;28;9;3;3;3;4;4;4;3;4;4;4;4;4;4;overall good
18/03/2025 08.32;Tanah Sareal;Female;63;8;4;4;4;4;4;4;4;3;3;4;3;5;4;overall good
19/03/2025 02.08;Babakan Madang;Male;60;9;4;4;4;4;4;4;4;4;4;3;4;5;4;overall good
23/03/2025 03.54;Ciomas;Female;32;10;4;4;4;4;4;5;4;4;4;4;4;4;5;overall good
21/03/2025 11.21;Cileungsi;Male;45;8;4;3;3;4;3;3;3;3;4;4;3;4;3;overall good
08/03/2025 17.42;Baranangsiang;Female;28;9;3;3;3;4;4;4;3;3;4;4;2;3;3;improve Branch Cleanliness
28/03/2025 14.52;Bogor Selatan;Male;47;3;4;4;4;4;3;4;3;4;4;3;5;4;5;overall good
18/03/2025 09.47;Babakan Madang;Female;32;6;3;4;4;4;3;4;3;3;4;4;4;3;3;overall good
07/03/2025 08.13;Kemang;Male;22;6;3;2;3;3;4;3;4;2;3;3;3;3;4;improve Customer Service
22/03/2025 09.26;Caringin;Female;52;10;4;4;4;4;4;3;4;4;4;4;3;4;3;overall good
01/03/2025 14.24;Bogor Barat;Male;25;10;3;4;3;4;4;3;3;4;3;3;3;5;3;overall good
17/03/2025 10.08;Ciawi;Female;57;7;4;4;4;4;4;3;4;3;4;4;4;3;3;overall good
22/03/2025 00.18;Ciawi;Male;54;7;4;4;4;4;4;3;3;3;4;3;4;4;4;overall good
08/03/2025 05.11;Cibinong;Female;51;10;4;4;4;4;4;4;4;4;5;5;4;5;4;overall good
25/03/2025 13.01;Cijeruk;Male;60;9;4;5;4;4;3;4;5;4;5;5;4;5;3;overall good
24/03/2025 20.48;Caringin;Female;52;0;3;3;4;4;4;4;3;3;4;3;3;4;4;overall good
03/03/2025 10.39;Ciomas;Male;36;10;4;5;5;4;5;4;5;4;5;4;4;5;4;overall good
20/03/2025 13.51;Ciawi;Female;35;8;4;5;5;4;4;4;3;4;4;4;4;4;5;overall good
05/03/2025 06.33;Cibinong;Male;26;10;4;4;4;4;4;5;4;4;4;4;4;4;4;overall good
01/03/2025 20.42;Caringin;Female;49;10;4;4;4;4;4;4;5;4;4;4;4;4;4;overall good
05/03/2025 09.54;Bogor Selatan;Male;46;9;5;5;5;4;5;4;4;4;5;4;5;4;4;overall good
23/03/2025 03.31;Kemang;Female;60;7;4;3;3;4;5;4;3;3;4;3;4;4;4;overall good
11/03/2025 19.43;Ciomas;Male;44;6;4;4;3;5;3;3;3;5;5;4;4;5;4;overall good
18/03/2025 15.16;Babakan Madang;Female;42;8;4;4;4;4;4;4;4;5;3;4;4;5;4;overall good
01/03/2025 02.33;Babakan Madang;Male;28;9;4;4;4;4;5;3;4;5;4;4;4;3;4;overall good
15/03/2025 04.11;Ciomas;Female;43;6;4;4;4;5;4;4;3;3;4;4;5;3;4;overall good
03/03/2025 05.20;Cijeruk;Male;54;9;4;3;3;3;4;5;4;4;4;4;2;4;4;improve Branch Cleanliness
06/03/2025 04.37;Baranangsiang;Female;52;10;4;4;3;3;3;3;3;4;3;4;4;3;4;overall good
20/03/2025 01.45;Cileungsi;Male;60;9;4;4;4;5;4;5;4;5;4;4;3;4;4;overall good
17/03/2025 09.43;Yasmin;Female;50;1;4;3;3;3;3;4;3;4;4;3;4;3;5;overall good
22/03/2025 20.52;Bogor Selatan;Male;47;9;4;4;4;4;5;3;4;4;4;4;4;5;4;overall good
25/03/2025 05.10;Babakan Madang;Female;63;7;3;4;3;4;5;3;4;4;5;4;5;4;4;overall good
29/03/2025 09.42;Bogor Tengah;Male;54;8;4;3;4;4;4;4;3;4;3;3;4;4;4;overall good
29/03/2025 02.03;Caringin;Female;53;7;4;4;4;4;4;4;4;3;4;4;4;4;5;overall good
25/03/2025 11.19;Baranangsiang;Male;29;10;4;4;5;5;4;5;4;3;4;5;4;4;4;overall good
13/03/2025 01.13;Leuwiliang;Female;47;5;4;4;3;3;4;4;4;3;3;4;4;4;4;overall good
22/03/2025 23.36;Cileungsi;Male;46;2;4;4;4;4;3;4;5;4;4;5;4;4;4;overall good
27/03/2025 14.14;Tanah Sareal;Female;29;8;3;4;3;3;4;4;4;5;4;4;3;4;3;overall good
11/03/2025 04.19;Ciomas;Male;56;7;4;4;3;3;4;4;4;4;4;4;3;4;4;overall good
09/03/2025 15.10;Kemang;Female;39;7;4;4;3;4;5;4;3;4;3;4;4;5;4;overall good
06/03/2025 14.27;Ciawi;Male;55;8;4;4;3;4;4;4;4;4;4;4;4;4;4;overall good
26/03/2025 22.02;Bojonggede;Female;56;8;4;4;4;4;5;3;4;4;4;4;4;3;4;overall good
06/03/2025 04.02;Dramaga;Male;48;4;4;3;4;4;5;4;3;4;4;4;3;4;4;overall good
10/03/2025 16.54;Bogor Tengah;Female;45;9;4;4;4;4;3;4;4;4;3;3;4;5;4;overall good
13/03/2025 03.55;Cileungsi;Male;31;5;3;3;4;3;4;3;4;4;3;3;4;4;4;overall good
10/03/2025 21.40;Tanah Sareal;Female;24;8;4;5;4;4;3;4;3;5;3;4;3;4;4;overall good
05/03/2025 23.23;Cijeruk;Male;23;10;4;4;5;4;4;4;4;4;4;4;5;4;3;overall good
11/03/2025 21.20;Kemang;Female;64;6;3;3;4;4;3;4;3;4;5;3;4;3;4;overall good
03/03/2025 06.44;Cijeruk;Male;45;10;4;4;4;5;5;4;3;4;4;4;3;4;4;overall good
27/03/2025 19.16;Leuwiliang;Female;45;8;3;4;3;4;4;4;4;4;4;4;4;3;4;overall good
31/03/2025 03.00;Bogor Barat;Male;21;7;4;4;3;4;3;4;4;3;4;4;4;4;4;overall good
18/03/2025 20.26;Babakan Madang;Female;35;5;4;3;4;4;3;3;3;4;3;3;2;4;3;improve Branch Cleanliness
10/03/2025 09.26;Sukaraja;Male;55;7;4;4;4;5;4;4;4;4;4;4;4;4;4;overall good
10/03/2025 01.50;Dramaga;Female;49;9;4;3;4;4;4;3;3;3;4;4;4;4;4;overall good
21/03/2025 19.14;Baranangsiang;Male;53;9;4;4;4;4;3;3;4;4;4;5;4;5;4;overall good
29/03/2025 08.23;Cileungsi;Female;56;9;4;3;4;4;4;4;3;4;3;4;3;4;4;overall good
02/03/2025 22.32;Cileungsi;Male;21;9;4;4;4;3;4;4;5;4;4;4;5;4;4;overall good
24/03/2025 19.31;Tanah Sareal;Female;41;8;4;4;4;4;4;4;4;4;4;4;4;4;4;overall good
26/03/2025 12.07;Sukaraja;Male;56;10;4;4;4;5;4;5;4;4;4;4;4;4;4;overall good
21/03/2025 04.35;Cibinong;Female;32;7;4;3;3;4;4;3;4;4;4;3;3;2;3;improve Staff Friendliness
11/03/2025 17.42;Cijeruk;Male;55;10;4;4;4;4;5;4;4;4;5;4;4;5;4;overall good
15/03/2025 06.02;Yasmin;Female;63;10;4;4;4;5;4;3;3;3;3;3;3;3;4;overall good
06/03/2025 13.39;Yasmin;Male;60;7;4;4;3;4;5;4;4;3;3;4;4;4;4;overall good
02/03/2025 22.27;Bojonggede;Female;49;9;4;4;4;4;4;4;5;3;4;5;4;4;4;overall good
19/03/2025 17.34;Ciomas;Male;45;0;4;4;4;3;5;5;4;4;4;4;4;4;4;overall good
26/03/2025 02.11;Cileungsi;Female;55;7;4;4;5;3;4;5;4;4;4;4;4;4;4;overall good
24/03/2025 15.10;Bojonggede;Male;53;3;4;5;4;4;5;5;5;5;5;5;4;5;4;overall good
16/03/2025 13.11;Bogor Barat;Female;39;1;4;5;4;3;4;4;5;3;4;3;4;5;4;overall good
27/03/2025 02.47;Ciawi;Male;26;1;3;3;4;3;3;2;3;3;3;3;4;3;3;improve Mobile Banking
31/03/2025 13.26;Cijeruk;Female;21;7;4;5;4;4;4;4;4;4;3;4;4;4;3;overall good
10/03/2025 23.31;Yasmin;Male;64;9;5;5;5;4;4;4;4;4;4;5;4;4;4;overall good
22/03/2025 03.05;Cijeruk;Female;65;5;4;4;5;5;4;4;3;4;4;5;4;5;4;overall good
17/03/2025 02.28;Bogor Timur;Male;64;10;4;3;4;4;4;3;3;4;4;4;4;4;4;overall good
13/03/2025 05.29;Bogor Barat;Female;26;9;3;3;3;3;3;3;3;3;3;3;4;3;3;overall good
13/03/2025 13.20;Cijeruk;Male;25;7;3;3;3;2;4;4;4;3;4;3;4;4;4;improve Account Opening
22/03/2025 00.30;Gunung Putri;Female;45;10;4;4;3;4;4;4;4;4;4;4;3;4;4;overall good
26/03/2025 23.07;Ciomas;Male;22;7;3;4;4;4;5;4;4;4;4;4;3;4;4;overall good
29/03/2025 10.16;Bogor Tengah;Female;62;7;5;5;4;4;4;5;4;4;4;5;5;4;5;overall good
25/03/2025 09.50;Bogor Barat;Male;65;2;3;3;3;3;2;4;3;3;3;4;3;3;3;improve ATM Service
30/03/2025 10.42;Bogor Selatan;Female;39;8;4;4;4;4;5;4;4;4;4;4;4;5;5;overall good
19/03/2025 12.22;Bogor Timur;Male;39;3;3;3;3;3;3;3;4;3;3;3;3;3;4;overall good
26/03/2025 21.32;Leuwiliang;Female;63;9;3;4;4;3;4;4;3;3;3;4;3;3;4;overall good
31/03/2025 18.43;Cibinong;Male;29;8;4;3;3;3;3;3;4;4;4;4;3;3;3;overall good
01/03/2025 12.59;Tanah Sareal;Female;40;8;4;4;4;4;3;4;4;3;4;3;4;4;5;overall good
01/03/2025 05.51;Cijeruk;Male;56;9;4;4;4;3;3;4;4;4;4;4;3;4;3;overall good
15/03/2025 18.59;Sukaraja;Female;59;7;3;4;4;4;3;3;4;3;4;3;4;3;4;overall good
08/03/2025 19.31;Yasmin;Male;43;9;5;4;4;4;4;3;4;4;4;3;5;4;4;overall good
10/03/2025 10.24;Baranangsiang;Female;35;8;4;4;4;3;3;4;4;3;3;3;3;4;4;overall good
03/03/2025 15.22;Bogor Selatan;Male;32;4;3;4;4;3;4;4;3;4;4;3;3;4;4;overall good
15/03/2025 02.38;Cijeruk;Female;50;0;3;3;3;3;3;3;3;4;3;3;3;3;4;overall good
17/03/2025 01.28;Bogor Timur;Male;37;10;3;4;4;5;4;3;3;4;4;4;5;4;4;overall good
05/03/2025 20.33;Bojonggede;Female;29;7;4;4;4;4;5;4;5;5;4;4;5;5;4;overall good
16/04/2025 10.14;Dramaga;Male;60;9;4;4;4;5;4;4;5;3;4;4;5;3;5;overall good
29/04/2025 08.36;Caringin;Female;49;10;4;4;4;4;4;4;4;3;4;3;4;4;4;overall good
21/04/2025 19.00;Tanah Sareal;Male;57;8;3;5;4;4;3;4;5;4;4;4;4;3;4;overall good
22/04/2025 04.07;Baranangsiang;Female;21;9;4;4;4;4;4;3;4;4;3;4;4;4;5;overall good
24/04/2025 07.11;Cileungsi;Male;44;10;4;4;4;4;4;4;4;4;4;4;4;4;3;overall good
24/04/2025 15.21;Babakan Madang;Female;49;10;4;4;4;3;4;4;4;4;4;4;4;4;3;overall good
14/04/2025 14.56;Cijeruk;Male;27;9;4;3;3;4;3;3;4;3;4;3;4;4;3;overall good
04/04/2025 15.50;Tanah Sareal;Female;55;9;3;3;4;3;3;4;4;3;3;5;4;3;4;overall good
29/04/2025 15.26;Bogor Tengah;Male;53;8;4;4;4;4;3;5;3;3;4;3;4;4;4;overall good
08/04/2025 05.10;Yasmin;Female;23;8;4;4;4;3;4;3;5;4;4;4;4;5;5;overall good
07/04/2025 11.58;Bojonggede;Male;46;10;4;4;3;3;3;4;3;3;3;3;4;3;3;overall good
18/04/2025 15.56;Babakan Madang;Female;53;8;3;3;3;4;3;4;4;3;3;3;4;3;3;overall good
25/04/2025 23.00;Ciawi;Male;21;7;4;4;4;4;4;4;4;3;4;2;4;4;3;improve Complaint Handling
24/04/2025 11.19;Tanah Sareal;Female;49;9;4;4;4;4;3;3;4;4;5;5;4;5;4;overall good
12/04/2025 06.00;Bojonggede;Male;23;10;3;3;4;4;3;3;4;3;3;3;3;3;4;overall good
11/04/2025 00.54;Bogor Timur;Female;37;9;4;4;4;5;4;4;5;4;5;5;4;4;5;overall good
03/04/2025 06.06;Ciawi;Male;44;10;4;4;3;4;3;4;3;4;4;4;3;3;3;overall good
13/04/2025 18.47;Bogor Barat;Female;62;10;4;4;4;4;4;5;4;5;3;3;3;5;5;overall good
19/04/2025 09.00;Sukaraja;Male;55;8;3;3;3;4;4;4;3;4;3;4;3;3;4;overall good
26/04/2025 01.57;Bojonggede;Female;58;7;4;4;4;4;4;4;4;3;3;3;4;4;4;overall good
26/04/2025 01.37;Cileungsi;Male;45;1;3;3;4;4;4;4;4;4;4;4;4;3;4;overall good
24/04/2025 15.14;Leuwiliang;Female;43;2;4;4;4;3;4;3;4;4;4;3;3;4;3;overall good
22/04/2025 08.31;Caringin;Male;59;9;4;4;4;5;5;4;4;4;4;4;3;3;4;overall good
11/04/2025 06.26;Baranangsiang;Female;35;10;3;4;4;4;4;3;3;3;3;4;4;4;3;overall good
12/04/2025 04.22;Tanah Sareal;Male;32;9;4;3;5;4;4;4;5;3;5;4;4;5;4;overall good
24/04/2025 05.51;Gunung Putri;Female;42;8;4;5;4;5;3;4;4;5;3;5;5;4;5;overall good
02/04/2025 02.09;Caringin;Male;34;8;3;4;3;3;3;3;4;3;3;4;4;4;3;overall good
07/04/2025 12.57;Cibinong;Female;23;9;4;3;4;4;4;4;3;4;3;4;4;4;4;overall good
03/04/2025 17.08;Ciawi;Male;23;1;3;5;4;4;4;5;4;4;4;3;4;4;4;overall good
20/04/2025 16.23;Baranangsiang;Female;37;4;3;4;3;4;3;3;5;3;3;3;4;3;3;overall good
05/04/2025 03.54;Kemang;Male;57;8;4;4;5;4;4;4;4;3;4;4;3;4;4;overall good
24/04/2025 09.11;Yasmin;Female;49;8;5;5;4;5;5;4;4;5;4;4;5;5;5;overall good
07/04/2025 22.16;Baranangsiang;Male;35;4;4;4;4;4;5;3;4;4;3;4;4;4;5;overall good
09/04/2025 03.24;Sukaraja;Female;32;8;4;4;5;5;4;3;4;4;4;4;4;4;4;overall good
12/04/2025 03.45;Ciomas;Male;50;7;4;4;4;4;4;4;4;4;4;5;4;4;5;overall good
10/04/2025 19.45;Leuwiliang;Female;45;9;4;4;3;4;4;4;3;4;4;4;3;4;3;overall good
08/04/2025 06.15;Ciawi;Male;53;6;3;3;4;4;3;5;4;4;4;5;4;5;4;overall good
26/04/2025 19.09;Kemang;Female;27;9;3;3;3;3;3;3;2;4;3;3;4;3;4;improve Internet Banking
30/04/2025 07.05;Ciawi;Male;28;9;4;4;4;4;4;4;4;4;4;4;4;4;4;overall good
21/04/2025 22.43;Cijeruk;Female;21;6;4;4;4;4;4;3;5;3;4;3;5;3;4;overall good
26/04/2025 17.16;Ciawi;Male;47;9;4;4;4;3;3;4;3;3;5;3;4;3;4;overall good
19/04/2025 12.10;Gunung Putri;Female;35;3;4;4;5;4;4;4;3;4;4;4;5;4;5;overall good
28/04/2025 23.13;Bojonggede;Male;58;6;4;4;4;4;3;4;3;5;4;4;4;4;5;overall good
12/04/2025 06.53;Bogor Selatan;Female;48;10;4;4;3;5;4;4;4;4;4;4;3;3;4;overall good
13/04/2025 12.21;Bogor Timur;Male;39;8;4;4;3;4;5;4;4;4;5;4;3;4;4;overall good
01/04/2025 08.17;Yasmin;Female;21;6;3;3;4;4;4;2;4;4;3;2;3;3;2;improve Mobile Banking, Complaint Handling, Transaction Speed
19/04/2025 04.56;Sukaraja;Male;54;9;4;5;4;4;3;4;4;3;4;4;4;5;4;overall good
18/04/2025 14.04;Yasmin;Female;65;3;4;4;4;4;4;5;5;4;4;4;4;4;4;overall good
13/04/2025 16.26;Bogor Selatan;Male;30;10;4;4;4;4;4;4;4;4;4;4;4;4;4;overall good
20/04/2025 07.04;Cijeruk;Female;48;8;4;4;4;5;5;4;5;5;5;4;5;4;3;overall good
09/04/2025 16.13;Yasmin;Male;47;8;4;4;4;3;4;4;3;5;3;4;4;4;3;overall good
15/04/2025 21.16;Bojonggede;Female;56;8;4;5;4;4;4;4;4;5;4;4;5;3;5;overall good
07/04/2025 16.51;Sukaraja;Male;43;8;4;3;4;4;5;4;4;4;4;3;4;3;3;overall good
05/04/2025 20.49;Bogor Selatan;Female;35;9;4;4;4;4;3;3;3;3;4;4;4;4;4;overall good
27/04/2025 17.28;Yasmin;Male;53;8;3;3;4;4;3;3;3;4;4;3;3;4;4;overall good
08/04/2025 19.16;Kemang;Female;65;7;4;4;4;4;4;4;3;4;4;4;4;4;4;overall good
08/04/2025 01.19;Leuwiliang;Male;61;9;3;3;4;4;3;4;3;4;3;4;3;3;3;overall good
13/04/2025 18.31;Caringin;Female;59;9;4;3;3;4;3;3;4;3;3;5;4;3;4;overall good
19/04/2025 15.46;Cibinong;Male;44;9;4;4;4;3;3;4;4;4;4;4;4;4;4;overall good
30/04/2025 00.06;Leuwiliang;Female;60;2;3;3;3;3;4;4;4;3;4;2;4;4;3;improve Complaint Handling
01/04/2025 12.28;Bogor Barat;Male;32;8;4;4;4;5;5;5;4;4;4;5;4;4;4;overall good
14/04/2025 21.13;Yasmin;Female;63;4;4;3;4;4;4;3;4;4;3;4;4;4;4;overall good
30/04/2025 20.44;Yasmin;Male;23;7;4;4;3;3;4;3;4;4;3;4;4;5;4;overall good
01/04/2025 00.20;Baranangsiang;Female;64;9;4;4;5;5;4;4;4;4;5;4;4;4;4;overall good
20/04/2025 09.22;Baranangsiang;Male;26;6;4;3;3;4;3;4;4;4;4;4;3;3;4;overall good
26/04/2025 03.12;Bojonggede;Female;63;9;4;3;4;4;3;4;3;5;3;4;3;4;4;overall good
14/04/2025 19.27;Bogor Tengah;Male;25;4;4;3;4;4;4;4;4;4;4;4;4;3;4;overall good
11/04/2025 23.39;Cijeruk;Female;58;10;3;2;4;3;4;4;4;3;4;5;4;4;4;overall good
28/04/2025 21.48;Kemang;Male;33;10;4;3;3;3;3;4;4;4;4;3;3;3;3;overall good
28/04/2025 02.51;Bogor Tengah;Female;37;9;4;4;3;4;3;4;4;4;4;5;4;3;3;overall good
25/04/2025 22.01;Bogor Timur;Male;53;9;4;3;4;4;4;4;4;3;4;3;5;3;4;overall good
13/04/2025 03.26;Cileungsi;Female;55;4;4;4;4;4;4;3;4;5;4;4;4;4;4;overall good
17/04/2025 11.44;Babakan Madang;Male;45;7;3;4;3;3;3;5;4;4;3;3;3;4;4;overall good
24/04/2025 09.32;Babakan Madang;Female;64;9;4;4;4;4;5;4;3;4;3;5;4;3;4;overall good
12/04/2025 03.53;Bogor Selatan;Male;37;9;3;4;4;3;3;3;3;4;3;4;3;3;4;overall good
27/04/2025 00.04;Ciomas;Female;47;4;4;4;4;4;4;5;4;4;4;5;4;5;3;overall good
14/04/2025 22.42;Bogor Tengah;Male;65;1;4;5;4;4;5;5;4;5;4;4;4;4;4;overall good
04/04/2025 16.34;Bogor Timur;Female;46;8;4;4;4;4;5;5;5;5;5;4;5;5;4;overall good
11/04/2025 14.38;Cijeruk;Male;32;10;4;4;4;5;5;4;5;4;4;4;4;5;5;overall good
25/04/2025 05.22;Sukaraja;Female;38;9;3;3;4;3;3;4;3;3;2;4;4;3;3;improve Loan Application
11/04/2025 00.54;Yasmin;Male;36;8;4;4;5;4;5;4;4;4;4;4;4;5;4;overall good
18/04/2025 06.48;Cibinong;Female;33;6;4;4;4;4;3;4;4;4;3;4;4;3;4;overall good
24/04/2025 21.59;Tanah Sareal;Male;27;9;5;4;4;4;5;4;4;5;4;5;4;5;5;overall good
24/04/2025 09.54;Kemang;Female;21;7;4;4;3;3;3;3;4;4;3;4;4;4;3;overall good
24/04/2025 19.49;Bojonggede;Male;60;10;4;3;4;5;3;4;4;3;4;2;3;4;4;improve Complaint Handling
28/04/2025 23.51;Baranangsiang;Female;53;9;4;4;4;3;4;3;4;4;2;4;3;5;3;improve Loan Application
24/04/2025 05.16;Tanah Sareal;Male;24;8;4;4;4;5;5;5;4;4;4;4;4;4;4;overall good
09/04/2025 11.39;Cijeruk;Female;23;8;4;4;5;4;4;5;5;5;4;4;3;4;4;overall good
16/04/2025 07.45;Babakan Madang;Male;28;8;4;3;4;4;4;4;4;5;4;4;4;5;4;overall good
29/04/2025 04.55;Bogor Tengah;Female;21;8;4;4;4;3;4;5;3;4;4;3;4;4;4;overall good
10/04/2025 02.02;Bogor Selatan;Male;41;10;5;4;4;5;5;5;4;5;5;4;4;5;4;overall good
30/04/2025 18.17;Cijeruk;Female;37;10;4;3;4;4;4;3;3;4;5;5;3;4;4;overall good
11/04/2025 05.17;Ciomas;Male;44;10;3;4;4;4;4;4;4;4;3;4;3;4;4;overall good
20/04/2025 10.43;Gunung Putri;Female;65;8;4;3;3;4;4;3;4;3;4;5;3;4;4;overall good
28/04/2025 22.57;Cileungsi;Male;49;9;2;3;4;3;3;3;4;4;3;2;2;4;3;improve Complaint Handling, Branch Cleanliness
12/04/2025 10.43;Cibinong;Female;27;6;3;4;4;4;4;3;3;4;4;4;3;2;4;improve Staff Friendliness
08/04/2025 01.55;Cijeruk;Male;48;1;4;5;4;5;4;3;4;4;4;3;4;3;4;overall good
21/04/2025 11.06;Tanah Sareal;Female;51;1;4;4;4;4;4;4;4;5;5;4;4;4;5;overall good
26/04/2025 02.21;Caringin;Male;29;6;4;4;4;4;4;4;4;5;4;4;4;4;4;overall good
13/04/2025 04.24;Cijeruk;Female;41;8;4;3;3;3;3;4;3;4;4;4;4;4;4;overall good
08/04/2025 22.18;Cijeruk;Male;57;9;4;5;4;5;3;4;3;3;5;3;5;3;3;overall good
05/04/2025 16.11;Bogor Barat;Female;34;3;4;4;4;3;4;4;3;3;4;3;5;4;3;overall good
28/04/2025 04.51;Babakan Madang;Male;42;10;4;4;4;5;3;4;4;5;4;4;4;4;4;overall good
06/04/2025 21.15;Cijeruk;Female;37;10;4;4;4;4;4;4;4;4;4;4;4;4;5;overall good
29/04/2025 00.05;Bojonggede;Male;64;1;4;5;4;5;4;4;4;4;5;5;4;4;4;overall good
14/04/2025 19.35;Sukaraja;Female;62;7;4;3;4;5;4;4;4;3;4;3;5;4;3;overall good
22/04/2025 16.42;Bojonggede;Male;41;3;3;4;3;3;3;4;3;3;3;4;3;4;4;overall good
08/04/2025 00.45;Bogor Timur;Female;45;8;4;3;4;4;4;3;5;5;4;4;3;3;4;overall good
21/04/2025 11.27;Baranangsiang;Male;61;2;4;3;4;4;5;3;3;2;4;4;3;5;4;improve Customer Service
04/04/2025 20.10;Kemang;Female;57;7;3;4;3;4;4;5;3;4;4;4;3;3;4;overall good
15/04/2025 03.27;Baranangsiang;Male;42;10;4;4;4;3;3;3;5;4;4;4;4;4;4;overall good
22/04/2025 14.20;Cileungsi;Female;59;8;4;5;4;5;4;5;4;4;5;3;4;4;4;overall good
21/04/2025 02.19;Bojonggede;Male;58;8;4;3;4;4;5;3;3;4;3;3;3;4;4;overall good
12/04/2025 09.21;Baranangsiang;Female;32;1;4;4;4;4;4;3;3;4;4;4;4;3;4;overall good
09/04/2025 02.27;Cileungsi;Male;65;7;4;4;4;3;4;3;4;5;4;3;4;3;4;overall good
27/04/2025 14.58;Leuwiliang;Female;27;10;4;4;4;4;4;4;4;4;4;4;4;4;4;overall good
06/04/2025 01.05;Bogor Barat;Male;22;7;4;4;3;3;4;4;3;3;4;4;4;4;3;overall good
16/04/2025 00.26;Cileungsi;Female;60;10;4;4;4;3;4;4;4;5;4;4;4;5;4;overall good
07/04/2025 03.16;Cibinong;Male;36;8;4;4;3;4;4;4;4;3;3;4;4;4;3;overall good
02/04/2025 16.57;Tanah Sareal;Female;54;0;4;4;4;4;4;3;3;5;4;4;3;4;4;overall good
27/04/2025 05.49;Bojonggede;Male;41;3;4;3;3;3;2;4;3;3;4;3;3;3;3;improve ATM Service
29/04/2025 16.22;Cileungsi;Female;56;9;4;4;4;5;5;4;3;5;3;4;3;3;4;overall good
26/04/2025 09.52;Kemang;Male;50;8;4;4;3;3;3;4;3;4;4;4;4;3;3;overall good
27/04/2025 04.45;Cijeruk;Female;40;3;4;3;4;4;3;5;4;4;4;4;4;4;5;overall good
21/04/2025 00.15;Cibinong;Male;26;10;4;3;4;4;4;4;4;3;4;3;3;4;3;overall good
26/04/2025 09.42;Cileungsi;Female;30;9;4;4;4;4;5;4;4;4;4;4;4;4;3;overall good
24/04/2025 21.08;Tanah Sareal;Male;43;9;4;3;3;4;3;3;3;4;4;4;4;3;4;overall good
15/04/2025 05.16;Caringin;Female;40;10;4;4;4;5;4;5;4;3;4;4;4;3;4;overall good
10/04/2025 03.42;Kemang;Male;35;8;4;4;3;4;3;4;4;4;3;4;4;3;4;overall good
08/04/2025 22.13;Gunung Putri;Female;56;9;4;4;4;4;4;3;4;4;3;3;4;4;3;overall good
21/04/2025 11.56;Leuwiliang;Male;45;9;4;4;4;4;5;4;3;3;4;3;3;5;4;overall good
14/04/2025 19.40;Cibinong;Female;54;8;4;4;4;4;3;4;4;4;4;4;3;4;3;overall good
09/04/2025 20.31;Cijeruk;Male;38;9;4;4;4;4;4;4;3;4;4;4;4;3;4;overall good
30/04/2025 23.42;Tanah Sareal;Female;39;10;4;5;4;5;4;3;4;4;4;3;4;3;4;overall good
10/04/2025 02.47;Babakan Madang;Male;38;8;4;4;4;4;3;3;4;4;4;4;5;4;3;overall good
10/04/2025 00.37;Ciomas;Female;22;9;4;4;4;4;3;4;5;4;4;5;4;4;4;overall good
01/04/2025 09.33;Bogor Selatan;Male;39;10;4;4;4;4;3;4;4;3;4;4;4;4;4;overall good
11/04/2025 13.02;Cibinong;Female;26;10;4;4;4;4;5;5;5;4;4;5;4;4;4;overall good
19/04/2025 00.42;Ciomas;Male;47;10;4;4;4;4;4;3;3;4;5;4;4;5;3;overall good
04/04/2025 21.28;Babakan Madang;Female;65;8;4;4;4;4;4;5;4;4;3;3;5;3;4;overall good
04/04/2025 11.10;Tanah Sareal;Male;24;10;4;5;4;4;4;4;4;4;3;4;4;4;4;overall good
19/04/2025 12.34;Cijeruk;Female;51;10;4;4;4;4;3;4;2;4;4;3;4;4;3;improve Internet Banking
13/04/2025 02.03;Bogor Tengah;Male;28;5;4;3;3;4;4;3;3;4;4;3;4;4;4;overall good
10/04/2025 16.03;Leuwiliang;Female;49;9;4;3;5;4;3;4;5;5;4;4;4;3;5;overall good
23/04/2025 22.52;Babakan Madang;Male;27;7;4;4;4;5;5;4;3;3;5;3;4;3;4;overall good
08/04/2025 16.47;Leuwiliang;Female;64;2;3;4;3;4;4;4;3;3;3;5;4;3;3;overall good
24/04/2025 08.40;Bogor Barat;Male;56;8;4;4;4;5;4;4;3;3;3;2;5;4;3;improve Complaint Handling
11/04/2025 13.44;Dramaga;Female;33;9;4;4;4;4;3;4;4;4;5;4;3;4;4;overall good
01/04/2025 17.33;Bogor Selatan;Male;36;8;4;4;5;4;4;5;3;4;4;4;5;4;4;overall good
12/04/2025 19.13;Baranangsiang;Female;38;8;3;4;3;4;4;3;4;4;3;4;3;4;3;overall good
29/04/2025 22.38;Bogor Tengah;Male;23;8;4;4;4;3;5;4;4;4;4;3;3;4;4;overall good
08/04/2025 15.43;Tanah Sareal;Female;44;1;3;4;4;3;4;4;4;4;3;3;5;4;4;overall good
03/04/2025 21.57;Caringin;Male;26;8;4;3;4;4;5;4;3;4;4;3;3;4;5;overall good
07/04/2025 02.35;Bogor Barat;Female;43;7;4;4;4;4;3;4;3;5;4;4;3;4;4;overall good
22/04/2025 07.08;Caringin;Male;35;10;4;4;4;4;4;3;4;5;4;4;5;3;4;overall good
07/04/2025 12.58;Yasmin;Female;22;8;4;4;3;4;3;4;3;4;3;4;3;4;4;overall good
28/04/2025 03.18;Cileungsi;Male;23;8;4;4;4;4;4;4;4;4;3;4;4;4;4;overall good
28/04/2025 12.15;Dramaga;Female;55;1;3;3;4;2;3;4;3;3;3;3;3;3;4;improve Account Opening
14/04/2025 08.46;Baranangsiang;Male;55;10;3;4;4;3;3;4;4;3;4;4;4;4;4;overall good
22/04/2025 19.34;Kemang;Female;56;9;4;4;4;4;4;4;4;3;4;4;4;4;4;overall good
01/04/2025 00.50;Dramaga;Male;37;8;4;4;4;4;3;4;4;4;4;3;3;4;4;overall good
18/04/2025 16.10;Ciawi;Female;45;7;4;4;4;3;4;4;4;4;4;4;4;4;5;overall good
27/04/2025 03.55;Kemang;Male;36;9;4;4;4;4;5;4;4;5;4;4;4;4;5;overall good
27/04/2025 18.30;Leuwiliang;Female;33;8;4;4;5;4;4;5;4;4;3;4;3;4;4;overall good
16/04/2025 15.11;Tanah Sareal;Male;60;10;4;4;4;4;4;4;4;3;5;4;4;5;4;overall good
03/04/2025 03.00;Bogor Selatan;Female;27;7;3;5;4;4;3;4;5;4;3;4;3;4;4;overall good
06/04/2025 04.43;Tanah Sareal;Male;32;1;4;4;4;3;4;5;3;4;5;4;4;4;4;overall good
24/04/2025 18.47;Caringin;Female;33;10;4;3;4;3;3;4;4;4;3;4;3;5;4;overall good
03/04/2025 09.11;Ciawi;Male;60;8;4;4;4;4;4;4;4;4;4;4;4;4;4;overall good
01/04/2025 15.14;Bojonggede;Female;35;7;5;4;4;4;4;4;4;4;4;3;4;3;4;overall good
23/04/2025 17.19;Yasmin;Male;62;7;3;3;4;3;3;4;4;4;3;4;4;4;4;overall good
18/04/2025 21.59;Bogor Barat;Female;44;8;3;4;4;3;4;4;4;4;4;3;3;4;3;overall good
04/04/2025 10.00;Bogor Barat;Male;60;9;3;3;4;4;4;4;4;3;3;3;3;4;3;overall good
05/04/2025 17.09;Dramaga;Female;25;4;4;4;4;4;5;4;4;4;3;4;5;4;5;overall good
10/04/2025 09.00;Bogor Selatan;Male;35;7;3;3;4;4;3;3;3;4;4;4;4;4;4;overall good
28/04/2025 02.36;Ciawi;Female;63;9;4;3;4;4;3;4;3;5;3;5;4;4;4;overall good
23/04/2025 06.26;Cijeruk;Male;47;8;4;4;4;4;4;3;4;4;5;4;3;3;4;overall good
27/04/2025 16.45;Gunung Putri;Female;27;9;3;3;3;3;3;2;3;2;4;3;2;3;3;improve Mobile Banking, Customer Service, Branch Cleanliness
26/04/2025 22.02;Leuwiliang;Male;53;9;4;4;5;4;5;4;4;5;3;5;3;4;5;overall good
27/04/2025 16.53;Kemang;Female;49;2;4;4;4;5;4;4;3;3;3;4;3;3;5;overall good
16/04/2025 16.50;Ciomas;Male;44;10;4;4;4;3;3;4;4;3;3;3;3;3;4;overall good
19/04/2025 04.58;Kemang;Female;36;7;4;4;4;4;5;4;3;3;4;4;3;3;4;overall good
22/04/2025 17.22;Cijeruk;Male;37;10;4;4;4;4;5;4;4;4;5;4;4;4;4;overall good
29/04/2025 22.06;Leuwiliang;Female;21;2;3;3;2;2;2;3;2;3;4;2;3;4;3;improve Account Opening, ATM Service, Internet Banking, Complaint Handling
01/04/2025 07.39;Bogor Tengah;Male;54;10;4;4;4;4;3;4;3;4;4;4;4;4;4;overall good
02/04/2025 01.17;Dramaga;Female;35;10;3;4;4;3;3;4;3;4;4;4;4;3;4;overall good
05/04/2025 13.51;Cileungsi;Male;56;7;4;4;4;5;4;4;4;4;4;4;5;3;4;overall good
13/04/2025 20.44;Bogor Barat;Female;50;9;4;4;4;4;3;4;4;4;4;4;4;4;4;overall good
15/04/2025 13.52;Bojonggede;Male;58;10;4;4;4;5;4;3;5;4;4;4;4;4;3;overall good
04/04/2025 17.56;Bogor Timur;Female;57;9;4;4;4;4;4;4;4;4;4;4;4;3;3;overall good
29/04/2025 21.29;Ciomas;Male;51;9;4;4;3;4;4;4;4;4;3;3;4;4;4;overall good
19/04/2025 12.32;Dramaga;Female;23;4;3;3;3;4;4;4;3;4;4;3;3;4;5;overall good
17/04/2025 21.22;Bogor Timur;Male;24;2;4;4;5;4;4;3;4;4;4;3;4;3;5;overall good
12/04/2025 00.08;Gunung Putri;Female;47;0;4;4;4;4;4;2;4;4;4;5;3;4;3;improve Mobile Banking
03/04/2025 15.03;Kemang;Male;21;8;4;4;4;5;4;5;4;4;4;4;4;4;5;overall good
16/04/2025 20.47;Dramaga;Female;54;9;3;4;3;3;3;3;4;3;4;4;3;4;4;overall good
20/04/2025 01.44;Ciawi;Male;65;9;4;4;4;3;3;3;3;3;4;4;3;3;3;overall good
11/04/2025 18.44;Babakan Madang;Female;59;7;3;3;4;3;4;3;3;4;3;3;3;3;4;overall good
07/04/2025 10.00;Gunung Putri;Male;39;7;4;3;4;4;4;4;3;4;4;3;3;4;4;overall good
27/04/2025 14.38;Ciomas;Female;26;9;4;3;4;3;4;4;3;3;3;4;3;3;3;overall good
07/04/2025 07.53;Leuwiliang;Male;37;10;4;3;4;4;4;4;4;4;4;4;4;4;4;overall good
20/04/2025 04.34;Tanah Sareal;Female;51;8;4;3;3;3;3;4;3;4;3;4;3;4;4;overall good
12/04/2025 18.19;Sukaraja;Male;33;7;4;3;4;3;4;3;3;4;5;4;5;4;4;overall good
28/04/2025 23.06;Bogor Timur;Female;38;8;4;4;4;4;3;5;5;5;4;4;5;5;5;overall good
18/04/2025 17.34;Bogor Timur;Male;28;8;4;4;4;3;4;4;4;4;5;4;3;3;3;overall good
15/04/2025 19.08;Bojonggede;Female;33;9;4;4;4;4;4;4;4;5;3;4;4;3;4;overall good
08/04/2025 01.53;Baranangsiang;Male;43;8;4;3;5;4;4;3;4;4;3;3;4;5;4;overall good
10/04/2025 16.39;Babakan Madang;Female;23;1;4;4;5;5;5;4;4;4;4;4;5;5;5;overall good
05/04/2025 03.58;Bojonggede;Male;30;6;3;4;4;3;4;4;4;4;3;3;3;4;4;overall good
14/04/2025 23.10;Bogor Selatan;Female;24;9;4;3;4;4;4;4;3;4;5;4;3;4;4;overall good
15/04/2025 19.29;Bogor Tengah;Male;42;0;3;4;3;3;3;4;4;3;3;3;4;2;3;improve Staff Friendliness
27/04/2025 02.49;Babakan Madang;Female;51;9;4;4;4;2;4;3;4;4;3;5;4;4;5;improve Account Opening
27/04/2025 15.23;Yasmin;Male;34;8;3;2;4;3;4;3;4;3;3;3;3;3;3;overall good
01/04/2025 21.25;Caringin;Female;60;1;3;3;4;4;4;3;3;3;4;4;4;4;5;overall good
03/04/2025 02.39;Leuwiliang;Male;58;4;3;4;3;4;4;5;5;4;4;4;4;4;3;overall good
30/04/2025 23.58;Cileungsi;Female;31;9;4;4;4;3;4;3;4;5;3;4;3;4;4;overall good
04/04/2025 05.35;Cileungsi;Male;24;9;4;4;4;3;4;4;3;2;4;4;4;5;4;improve Customer Service
06/04/2025 05.42;Leuwiliang;Female;63;10;3;4;4;3;4;4;4;3;3;2;4;4;4;improve Complaint Handling
19/04/2025 18.19;Bogor Tengah;Male;39;5;4;4;4;3;4;4;4;4;4;4;4;4;4;overall good
16/04/2025 07.31;Cibinong;Female;45;7;3;4;5;4;4;4;3;4;4;4;4;4;4;overall good
10/04/2025 15.42;Caringin;Male;59;7;4;4;4;4;4;3;4;4;3;4;3;3;4;overall good
02/04/2025 22.18;Ciawi;Female;50;7;4;4;3;4;3;4;4;3;4;3;4;3;3;overall good
20/04/2025 02.20;Cibinong;Male;54;10;3;4;4;4;3;4;3;4;3;3;4;4;4;overall good
18/04/2025 06.02;Baranangsiang;Female;22;10;3;4;3;4;2;3;3;2;3;4;4;4;4;improve ATM Service, Customer Service
14/04/2025 09.25;Dramaga;Male;36;4;4;4;3;3;4;4;4;3;4;5;4;4;4;overall good
02/04/2025 10.19;Bogor Barat;Female;61;10;4;4;4;4;4;4;5;4;5;4;4;5;4;overall good
20/04/2025 01.41;Cijeruk;Male;38;10;4;4;4;4;4;4;4;4;5;5;4;5;4;overall good
21/04/2025 06.13;Tanah Sareal;Female;26;7;4;3;3;3;3;4;3;3;4;3;3;4;3;overall good
30/04/2025 09.18;Cibinong;Male;57;10;3;3;3;3;3;3;4;2;3;3;3;3;4;improve Customer Service
07/04/2025 17.27;Ciomas;Female;49;7;3;4;4;3;4;3;3;4;4;4;3;4;4;overall good
07/04/2025 16.54;Sukaraja;Male;55;7;4;4;3;5;3;3;4;5;4;4;4;4;3;overall good
21/04/2025 21.03;Dramaga;Female;65;7;4;4;4;4;3;4;3;3;5;4;4;3;4;overall good
16/04/2025 09.54;Tanah Sareal;Male;62;7;5;5;4;4;4;4;4;4;5;5;4;5;5;overall good
09/04/2025 22.31;Bogor Timur;Female;56;7;3;4;3;4;4;4;4;3;4;3;4;4;3;overall good
21/04/2025 02.23;Ciomas;Male;30;8;4;4;4;3;3;3;4;3;4;5;4;4;5;overall good
08/04/2025 09.02;Gunung Putri;Female;40;10;4;4;4;4;4;5;4;4;4;4;4;5;4;overall good
30/04/2025 17.00;Yasmin;Male;27;9;3;4;3;4;3;3;3;3;3;3;4;3;3;overall good
12/04/2025 05.01;Kemang;Female;38;4;3;4;3;4;4;4;3;3;4;4;3;3;4;overall good
18/04/2025 10.34;Kemang;Male;35;9;4;4;4;3;4;3;3;3;4;3;4;4;3;overall good
25/04/2025 09.15;Bogor Timur;Female;65;7;4;4;5;4;4;4;5;4;4;4;5;5;4;overall good
09/04/2025 22.20;Kemang;Male;51;8;4;3;3;3;4;3;4;3;4;4;3;4;5;overall good
10/04/2025 09.09;Leuwiliang;Female;52;9;4;4;4;3;4;3;4;4;4;3;4;3;3;overall good
14/04/2025 02.24;Cibinong;Male;23;9;4;3;4;4;4;4;4;4;4;4;4;4;4;overall good
10/04/2025 22.19;Gunung Putri;Female;35;1;3;4;4;3;4;3;4;4;4;3;3;4;4;overall good
30/04/2025 22.55;Bogor Timur;Male;32;3;3;4;4;3;5;4;3;3;3;4;3;4;4;overall good
12/04/2025 23.31;Caringin;Female;65;10;4;4;4;4;5;4;4;4;4;4;5;4;4;overall good
16/04/2025 04.33;Gunung Putri;Male;46;8;4;3;3;4;3;4;4;3;4;4;4;4;4;overall good
29/04/2025 19.50;Leuwiliang;Female;60;4;3;4;4;5;3;4;4;4;3;3;4;3;3;overall good
26/04/2025 06.36;Cijeruk;Male;54;7;4;3;4;4;3;3;3;3;3;4;4;3;4;overall good
12/04/2025 22.17;Bogor Selatan;Female;49;9;4;3;3;4;4;3;5;4;3;4;5;3;4;overall good
28/04/2025 01.46;Ciawi;Male;55;9;4;4;4;4;5;4;4;3;4;4;4;4;4;overall good
10/04/2025 05.11;Leuwiliang;Female;54;7;5;5;4;4;4;5;4;5;4;5;4;5;5;overall good
14/04/2025 21.06;Dramaga;Male;49;10;5;4;4;4;3;4;4;4;4;4;4;4;4;overall good
26/04/2025 02.18;Babakan Madang;Female;31;7;3;4;3;4;4;3;3;4;4;3;4;4;3;overall good
05/04/2025 09.22;Tanah Sareal;Male;50;3;4;4;3;3;4;3;4;3;2;4;3;4;3;improve Loan Application
20/04/2025 01.57;Ciawi;Female;28;9;4;3;3;4;3;3;4;4;3;3;4;4;3;overall good
23/04/2025 00.34;Gunung Putri;Male;41;9;4;4;4;4;4;4;3;3;4;5;3;4;4;overall good
13/04/2025 03.22;Sukaraja;Female;33;0;4;4;4;3;5;4;3;4;3;4;3;4;4;overall good
06/04/2025 23.56;Ciomas;Male;65;7;5;4;5;3;4;4;4;4;4;4;4;5;5;overall good
05/04/2025 03.23;Bogor Timur;Female;28;8;4;4;5;4;4;5;4;4;4;4;5;5;4;overall good
19/04/2025 09.11;Ciawi;Male;45;7;4;4;4;4;5;5;4;5;5;4;3;5;5;overall good
17/04/2025 06.31;Cijeruk;Female;45;9;3;3;3;4;4;4;4;3;3;4;4;4;4;overall good
08/04/2025 00.28;Sukaraja;Male;63;1;3;4;4;3;3;4;4;4;4;4;4;3;3;overall good
22/04/2025 15.55;Baranangsiang;Female;24;10;4;4;4;4;4;4;5;4;4;4;5;3;5;overall good
10/04/2025 20.20;Dramaga;Male;61;9;4;3;4;4;4;3;4;4;4;3;3;5;3;overall good
23/04/2025 06.21;Bogor Tengah;Female;60;0;3;3;4;4;4;4;4;3;5;4;3;4;4;overall good
30/04/2025 12.21;Caringin;Male;52;7;4;4;4;4;4;4;4;3;4;4;2;4;3;improve Branch Cleanliness
23/04/2025 00.38;Caringin;Female;36;10;3;4;4;4;4;3;4;4;4;4;4;2;3;improve Staff Friendliness
12/04/2025 21.06;Gunung Putri;Male;49;9;3;4;4;4;4;4;4;3;4;4;3;4;4;overall good
03/04/2025 08.59;Cijeruk;Female;38;7;4;4;4;5;4;4;5;4;4;5;4;3;4;overall good
02/04/2025 18.46;Baranangsiang;Male;30;10;4;3;4;3;2;4;4;4;3;3;4;4;4;improve ATM Service
17/04/2025 01.46;Tanah Sareal;Female;23;8;4;3;4;4;4;4;4;4;5;4;4;3;4;overall good
08/04/2025 19.58;Bogor Timur;Male;24;9;4;4;4;5;3;4;3;3;4;3;4;4;4;overall good
23/04/2025 02.30;Dramaga;Female;60;7;4;3;4;3;3;3;3;4;4;3;4;3;3;overall good
15/04/2025 12.42;Sukaraja;Male;44;0;4;4;4;3;5;4;4;4;3;4;4;4;5;overall good
21/04/2025 17.52;Ciomas;Female;44;7;5;4;4;4;4;5;3;4;5;4;4;4;5;overall good
06/04/2025 22.10;Cijeruk;Male;25;9;3;4;3;3;4;4;4;4;4;3;3;5;4;overall good
11/04/2025 03.33;Cileungsi;Female;42;7;4;4;4;4;4;4;4;4;4;5;5;5;5;overall good
24/04/2025 11.30;Kemang;Male;24;9;3;4;3;4;4;4;4;3;4;3;3;4;4;overall good
13/04/2025 14.31;Kemang;Female;39;10;4;4;4;3;3;4;4;4;4;4;4;4;5;overall good
07/04/2025 07.07;Ciawi;Male;57;8;5;4;4;3;3;3;3;4;4;4;4;4;5;overall good
24/04/2025 21.48;Kemang;Female;57;8;3;3;4;2;3;3;4;4;3;3;4;3;3;improve Account Opening
10/04/2025 09.30;Baranangsiang;Male;60;10;5;5;4;3;4;4;4;5;3;5;4;5;4;overall good
11/04/2025 01.33;Bogor Tengah;Female;28;9;3;3;4;3;4;4;4;4;4;4;3;3;4;overall good
17/04/2025 23.22;Kemang;Male;47;10;4;4;4;3;4;3;4;3;2;3;3;4;4;improve Loan Application
14/04/2025 16.07;Cijeruk;Female;61;9;4;4;3;3;3;4;3;3;3;4;3;3;3;overall good
01/04/2025 07.08;Cileungsi;Male;25;10;4;4;5;4;4;5;4;4;4;5;4;5;5;overall good
28/04/2025 14.50;Bogor Selatan;Female;64;10;3;4;4;5;4;4;3;3;4;5;4;4;4;overall good
17/04/2025 01.04;Kemang;Male;22;1;4;4;4;5;4;4;4;4;4;4;4;5;5;overall good
02/04/2025 17.25;Ciomas;Female;64;10;4;4;4;5;5;4;3;5;4;4;4;3;5;overall good
27/04/2025 01.36;Tanah Sareal;Male;51;10;3;3;4;3;4;3;3;3;3;3;3;3;3;overall good
03/04/2025 17.16;Ciomas;Female;50;8;4;3;4;4;4;4;4;3;3;5;3;3;4;overall good
27/04/2025 22.49;Ciawi;Male;40;8;4;4;4;4;4;4;4;4;4;4;4;5;3;overall good
18/04/2025 03.58;Cijeruk;Female;22;10;4;4;4;5;4;4;5;4;4;4;4;4;4;overall good
17/04/2025 11.08;Bogor Timur;Male;30;9;4;4;4;4;3;4;5;4;4;4;4;4;4;overall good
28/04/2025 17.14;Leuwiliang;Female;61;7;4;3;3;4;4;4;3;4;3;4;3;4;4;overall good
15/04/2025 23.10;Kemang;Male;45;9;3;4;4;3;3;4;4;3;3;4;3;4;4;overall good
25/04/2025 03.06;Ciomas;Female;23;9;4;4;4;4;4;4;4;3;4;4;4;4;3;overall good
11/04/2025 11.49;Cibinong;Male;44;8;3;4;3;3;3;3;3;4;3;4;4;3;3;overall good
02/04/2025 19.34;Ciawi;Female;40;10;4;3;3;4;4;4;5;4;4;3;3;4;3;overall good
24/05/2025 10.20;Yasmin;Male;26;9;4;4;4;5;4;5;5;5;4;5;5;5;4;overall good
26/05/2025 10.04;Ciawi;Female;30;10;3;3;4;3;4;3;3;3;3;4;4;3;4;overall good
26/05/2025 01.21;Dramaga;Male;41;9;4;5;4;5;4;4;4;4;4;4;4;3;5;overall good
19/05/2025 19.34;Tanah Sareal;Female;34;3;3;3;3;3;3;4;4;4;3;3;3;4;4;overall good
29/05/2025 20.23;Ciawi;Male;28;9;4;4;4;4;4;4;3;3;4;5;4;4;3;overall good
06/05/2025 00.07;Bogor Timur;Female;42;7;3;3;4;2;3;3;3;4;4;3;3;3;3;improve Account Opening
29/05/2025 00.54;Ciawi;Male;63;7;4;3;4;4;4;4;4;4;3;4;4;4;4;overall good
10/05/2025 17.39;Dramaga;Female;61;2;4;4;4;4;4;4;5;4;4;4;5;3;4;overall good
22/05/2025 09.56;Yasmin;Male;39;10;3;3;3;3;3;3;4;4;4;4;4;4;3;overall good
06/05/2025 13.21;Bogor Selatan;Female;38;10;3;3;4;4;4;3;4;3;3;3;5;3;3;overall good
11/05/2025 00.40;Bogor Tengah;Male;60;7;4;3;4;4;4;3;4;3;4;4;4;4;5;overall good
07/05/2025 20.55;Cijeruk;Female;43;8;4;5;4;3;4;3;4;3;4;4;4;4;5;overall good
16/05/2025 02.46;Dramaga;Male;57;9;4;3;4;4;3;3;4;4;4;3;4;4;4;overall good
07/05/2025 07.32;Kemang;Female;42;7;3;3;3;3;3;3;2;4;4;2;3;3;3;improve Internet Banking, Complaint Handling
06/05/2025 03.24;Bogor Tengah;Male;51;7;5;4;4;4;4;5;4;4;3;4;4;4;5;overall good
09/05/2025 16.31;Leuwiliang;Female;24;10;4;4;4;4;4;3;4;4;4;4;4;4;4;overall good
30/05/2025 22.03;Kemang;Male;58;8;4;4;4;3;4;4;4;4;3;4;4;4;3;overall good
26/05/2025 21.33;Bojonggede;Female;40;9;4;3;4;3;3;3;3;4;3;4;4;3;3;overall good
23/05/2025 17.34;Bogor Timur;Male;50;7;4;5;5;5;4;4;4;5;5;4;4;4;5;overall good
23/05/2025 20.13;Bogor Selatan;Female;50;10;4;4;3;4;4;4;4;4;4;4;4;4;4;overall good
18/05/2025 15.26;Cibinong;Male;35;10;4;4;5;4;4;4;3;5;3;3;4;4;4;overall good
17/05/2025 00.51;Leuwiliang;Female;32;5;3;4;4;4;4;4;4;3;5;4;3;4;4;overall good
24/05/2025 01.48;Ciomas;Male;50;7;3;4;4;4;4;4;4;4;4;4;4;4;4;overall good
14/05/2025 16.51;Bogor Selatan;Female;43;9;4;3;4;4;4;4;2;4;5;4;4;4;4;improve Internet Banking
20/05/2025 16.39;Bojonggede;Male;59;7;4;4;5;5;5;4;5;4;4;4;4;4;4;overall good
15/05/2025 15.59;Bogor Selatan;Female;41;7;4;3;4;4;4;3;3;4;4;4;5;4;3;overall good
12/05/2025 13.57;Cijeruk;Male;50;10;4;3;3;5;4;3;4;3;3;3;4;4;2;improve Transaction Speed
19/05/2025 15.10;Kemang;Female;36;8;4;3;4;4;4;5;4;4;4;3;5;4;4;overall good
22/05/2025 03.13;Bogor Timur;Male;42;10;4;4;4;5;5;4;4;4;4;3;4;3;4;overall good
09/05/2025 09.39;Sukaraja;Female;42;9;5;4;4;4;4;5;5;5;5;4;5;4;4;overall good
29/05/2025 17.55;Bogor Timur;Male;57;0;4;4;4;5;5;3;4;4;5;5;5;4;4;overall good
22/05/2025 14.42;Kemang;Female;50;9;4;4;4;4;5;4;4;4;5;4;4;4;4;overall good
30/05/2025 01.01;Baranangsiang;Male;40;0;4;3;3;4;4;3;4;3;3;4;4;3;4;overall good
19/05/2025 09.27;Bogor Selatan;Female;64;6;4;4;4;4;4;4;4;3;4;4;4;4;3;overall good
05/05/2025 09.28;Ciomas;Male;52;7;4;5;4;4;4;4;3;4;4;4;4;4;3;overall good
08/05/2025 02.56;Yasmin;Female;29;7;5;4;4;4;5;5;4;4;5;3;4;4;4;overall good
30/05/2025 21.11;Tanah Sareal;Male;49;8;4;4;5;5;4;4;5;4;4;5;4;4;4;overall good
15/05/2025 13.13;Sukaraja;Female;49;10;4;4;5;4;5;5;4;4;4;5;5;4;4;overall good
17/05/2025 17.05;Sukaraja;Male;64;10;4;3;4;4;3;4;5;4;5;3;4;4;4;overall good
07/05/2025 04.36;Bogor Timur;Female;58;10;4;4;4;3;4;4;4;5;3;3;3;4;3;overall good
01/05/2025 00.58;Dramaga;Male;24;9;4;4;4;4;3;3;4;3;2;3;4;4;4;improve Loan Application
02/05/2025 12.19;Cijeruk;Female;43;10;3;3;3;4;3;5;2;4;3;2;3;3;4;improve Internet Banking, Complaint Handling
31/05/2025 08.25;Cibinong;Male;48;8;5;4;5;5;4;4;4;4;4;4;5;5;4;overall good
27/05/2025 11.06;Ciomas;Female;45;10;4;4;4;4;4;3;4;3;4;4;4;4;4;overall good
10/05/2025 03.18;Yasmin;Male;63;9;4;3;4;4;4;4;4;4;3;4;5;5;4;overall good
21/05/2025 06.06;Cijeruk;Female;45;2;4;5;4;3;4;5;3;4;3;4;3;4;3;overall good
07/05/2025 02.16;Tanah Sareal;Male;39;5;4;4;4;4;4;4;4;5;4;4;4;3;3;overall good
07/05/2025 23.46;Tanah Sareal;Female;21;9;4;4;4;3;3;4;3;4;3;3;4;4;4;overall good
05/05/2025 02.38;Caringin;Male;63;7;3;4;4;2;3;4;3;4;3;3;3;4;3;improve Account Opening
23/05/2025 03.18;Tanah Sareal;Female;62;6;4;3;4;3;3;4;3;3;4;3;4;4;4;overall good
25/05/2025 17.30;Kemang;Male;48;8;4;5;4;4;5;4;4;4;5;4;5;5;4;overall good
18/05/2025 05.57;Gunung Putri;Female;56;3;3;4;4;4;4;4;4;3;4;2;4;3;4;improve Complaint Handling
29/05/2025 01.20;Cibinong;Male;32;9;4;4;4;4;4;3;4;4;4;4;4;4;4;overall good
20/05/2025 22.39;Caringin;Female;36;8;4;4;4;4;4;5;4;4;4;4;5;4;5;overall good
28/05/2025 13.56;Cijeruk;Male;57;9;4;4;4;5;5;4;5;4;4;5;4;3;3;overall good
04/05/2025 21.16;Caringin;Female;44;10;4;4;4;5;4;4;5;4;4;5;5;4;5;overall good
14/05/2025 13.32;Tanah Sareal;Male;54;6;4;3;4;4;4;4;4;4;4;3;3;3;3;overall good
12/05/2025 21.42;Babakan Madang;Female;54;9;4;3;3;3;3;2;3;3;4;3;4;3;3;improve Mobile Banking
31/05/2025 18.17;Caringin;Male;61;7;5;4;4;4;4;4;5;4;4;5;5;3;4;overall good
17/05/2025 16.15;Cijeruk;Female;58;9;5;5;4;4;5;5;4;4;4;5;4;4;3;overall good
28/05/2025 20.43;Cijeruk;Male;21;10;4;4;5;4;4;4;4;5;4;4;5;5;3;overall good
15/05/2025 00.57;Ciomas;Female;47;10;4;4;5;4;5;4;4;4;5;4;5;5;5;overall good
28/05/2025 08.45;Baranangsiang;Male;23;8;4;3;4;4;4;5;4;4;4;3;4;4;4;overall good
28/05/2025 19.25;Cileungsi;Female;24;7;4;5;4;4;4;3;4;5;4;5;4;5;4;overall good
31/05/2025 07.22;Bogor Barat;Male;63;6;3;3;3;3;4;4;4;4;4;4;3;4;4;overall good
25/05/2025 13.03;Bogor Tengah;Female;39;7;4;5;4;4;4;5;4;4;5;4;5;4;3;overall good
14/05/2025 08.39;Bogor Timur;Male;38;10;4;4;4;4;4;3;3;4;4;4;4;5;4;overall good
29/05/2025 17.27;Cileungsi;Female;21;7;4;5;4;3;3;4;3;5;2;4;4;4;4;improve Loan Application
13/05/2025 16.22;Tanah Sareal;Male;63;9;5;4;4;4;4;4;4;4;4;5;5;5;4;overall good
17/05/2025 15.26;Cibinong;Female;52;9;4;3;4;5;4;3;4;3;4;4;4;4;4;overall good
25/05/2025 01.49;Bogor Timur;Male;30;7;4;3;4;4;4;4;4;3;3;4;4;3;4;overall good
31/05/2025 22.49;Gunung Putri;Female;45;10;4;4;5;4;4;5;4;4;5;4;4;4;4;overall good
03/05/2025 15.17;Baranangsiang;Male;34;8;4;4;4;4;4;4;4;4;3;4;3;4;3;overall good
20/05/2025 08.34;Cileungsi;Female;28;10;3;4;4;3;4;4;3;3;3;3;3;4;4;overall good
19/05/2025 10.29;Caringin;Male;40;9;4;4;4;4;4;4;5;3;4;4;4;4;3;overall good
01/05/2025 13.49;Leuwiliang;Female;51;10;3;3;3;4;4;3;4;4;4;3;3;3;3;overall good
26/05/2025 17.47;Dramaga;Male;49;8;3;3;3;3;4;3;4;4;4;2;3;3;4;improve Complaint Handling
18/05/2025 04.14;Bogor Barat;Female;27;5;3;3;3;3;4;3;3;3;4;2;4;2;3;improve Complaint Handling, Staff Friendliness
14/05/2025 05.35;Gunung Putri;Male;60;6;4;3;4;4;4;3;4;3;4;3;3;4;4;overall good
13/05/2025 09.29;Ciomas;Female;38;9;4;4;4;3;4;4;4;4;4;5;4;4;4;overall good
29/05/2025 13.54;Sukaraja;Male;46;7;3;4;3;3;3;3;3;4;3;3;3;4;3;overall good
16/05/2025 04.59;Yasmin;Female;54;9;4;5;4;4;4;4;4;4;5;5;3;4;4;overall good
01/05/2025 13.56;Cijeruk;Male;21;7;4;4;4;3;4;3;4;4;3;4;3;4;3;overall good
18/05/2025 01.32;Gunung Putri;Female;27;8;4;4;3;3;3;3;3;3;3;4;4;3;3;overall good
02/05/2025 03.36;Cibinong;Male;39;9;4;5;5;5;5;5;4;5;5;5;4;4;5;overall good
30/05/2025 02.20;Kemang;Female;26;9;4;4;4;3;5;4;4;4;5;4;4;4;4;overall good
19/05/2025 06.01;Bogor Selatan;Male;28;9;4;3;4;4;5;4;5;5;4;4;4;4;3;overall good
09/05/2025 22.40;Sukaraja;Female;32;5;3;4;5;4;4;4;4;4;4;4;3;4;3;overall good
23/05/2025 00.18;Cileungsi;Male;39;9;4;4;4;3;4;5;4;4;3;3;5;4;3;overall good
16/05/2025 16.47;Cileungsi;Female;48;5;3;4;3;4;4;4;4;4;4;3;3;4;4;overall good
04/05/2025 00.41;Cileungsi;Male;31;8;4;4;4;4;4;4;4;4;4;4;4;4;3;overall good
13/05/2025 12.52;Leuwiliang;Female;45;9;4;3;4;3;4;4;3;3;4;4;4;4;4;overall good
10/05/2025 17.47;Cileungsi;Male;32;10;4;4;4;4;3;4;5;4;3;4;4;3;3;overall good
06/05/2025 06.19;Kemang;Female;46;10;4;5;5;4;4;4;4;4;4;4;5;5;4;overall good
30/05/2025 19.19;Tanah Sareal;Male;55;1;3;4;2;4;3;3;4;4;4;3;3;3;4;overall good
02/05/2025 16.36;Bogor Selatan;Female;49;7;4;5;4;4;3;3;4;3;4;4;3;5;4;overall good
22/05/2025 15.29;Bogor Timur;Male;25;10;5;5;5;5;5;5;5;4;5;4;4;5;5;overall good
02/05/2025 20.04;Bogor Tengah;Female;52;9;4;5;4;3;3;3;4;4;4;5;4;4;4;overall good
19/05/2025 23.55;Leuwiliang;Male;38;10;4;3;3;5;4;4;4;3;4;3;3;3;3;overall good
24/05/2025 05.04;Sukaraja;Female;21;8;4;4;4;4;4;4;4;4;4;4;4;4;3;overall good
04/05/2025 09.40;Gunung Putri;Male;46;6;4;4;4;4;3;4;4;4;5;3;5;4;4;overall good
06/05/2025 21.12;Cijeruk;Female;35;10;3;2;3;3;3;3;3;3;3;3;2;2;3;improve Branch Cleanliness, Staff Friendliness
17/05/2025 04.29;Sukaraja;Male;55;2;4;4;4;3;5;4;5;3;5;4;4;4;4;overall good
18/05/2025 17.40;Dramaga;Female;46;9;4;3;4;3;3;3;4;4;3;3;4;4;5;overall good
15/05/2025 01.49;Cijeruk;Male;42;10;4;4;4;4;4;5;4;4;3;3;4;3;4;overall good
10/05/2025 06.32;Yasmin;Female;32;8;4;3;3;4;4;3;4;3;4;3;4;3;4;overall good
31/05/2025 14.43;Dramaga;Male;65;9;4;5;4;4;5;5;4;5;4;4;4;4;5;overall good
10/05/2025 04.44;Bojonggede;Female;52;10;4;4;3;3;4;4;4;3;3;4;4;3;4;overall good
24/05/2025 17.59;Tanah Sareal;Male;23;9;4;4;4;5;5;4;4;4;5;4;4;4;5;overall good
25/05/2025 06.10;Leuwiliang;Female;25;8;4;4;4;4;4;3;3;4;3;3;5;5;4;overall good
02/05/2025 19.09;Cijeruk;Male;49;0;4;4;4;3;4;3;5;4;3;4;4;4;4;overall good
20/05/2025 16.27;Ciomas;Female;24;9;4;4;3;3;4;4;3;4;5;4;3;4;4;overall good
26/05/2025 09.28;Bogor Selatan;Male;34;5;4;3;3;4;3;4;3;3;3;4;4;4;4;overall good
08/05/2025 05.32;Babakan Madang;Female;64;4;4;4;4;4;4;4;4;4;5;3;4;4;4;overall good
07/05/2025 20.57;Sukaraja;Male;35;0;4;4;4;3;3;3;4;4;3;5;4;3;4;overall good
12/05/2025 18.44;Caringin;Female;62;9;4;5;4;4;4;5;4;5;4;4;4;5;4;overall good
15/05/2025 22.04;Tanah Sareal;Male;21;9;4;4;4;4;4;4;4;5;3;4;3;4;4;overall good
06/05/2025 03.53;Bogor Selatan;Female;50;7;4;3;4;4;4;3;4;4;4;4;3;4;4;overall good
04/05/2025 01.31;Bogor Selatan;Male;52;7;4;3;4;5;3;4;4;4;3;3;3;4;3;overall good
16/05/2025 17.45;Yasmin;Female;48;10;4;4;4;3;3;3;3;4;4;4;4;4;4;overall good
16/05/2025 14.40;Bogor Selatan;Male;64;7;4;4;4;4;4;3;4;4;4;3;4;4;3;overall good
04/05/2025 01.39;Yasmin;Female;23;8;4;4;3;4;3;3;3;3;4;4;3;3;3;overall good
09/05/2025 03.47;Bogor Selatan;Male;38;10;4;4;4;4;4;4;4;4;4;4;4;3;4;overall good
29/05/2025 06.03;Bojonggede;Female;56;9;3;4;3;3;4;3;3;4;3;4;3;3;4;overall good
08/05/2025 15.47;Bogor Barat;Male;29;10;4;4;3;3;4;3;3;4;5;3;4;3;4;overall good
09/05/2025 17.01;Bogor Tengah;Female;52;9;4;4;4;5;4;4;4;5;4;4;3;3;4;overall good
21/05/2025 04.56;Bogor Timur;Male;62;8;4;4;4;4;4;4;5;4;4;4;4;4;3;overall good
14/05/2025 03.40;Caringin;Female;65;9;4;4;4;4;4;5;4;5;4;4;4;5;3;overall good
30/05/2025 15.19;Ciawi;Male;49;9;4;4;4;3;3;4;3;4;4;4;4;3;4;overall good
30/05/2025 17.05;Bogor Barat;Female;59;10;4;5;5;4;4;5;5;4;4;5;5;4;5;overall good
17/05/2025 21.16;Bogor Timur;Male;61;2;4;3;4;4;3;3;5;4;4;4;4;4;4;overall good
06/05/2025 16.54;Gunung Putri;Female;21;7;3;4;3;3;4;4;4;3;4;3;4;3;4;overall good
23/05/2025 12.51;Ciawi;Male;27;7;4;5;4;4;4;4;4;3;4;4;4;4;3;overall good
08/05/2025 05.51;Yasmin;Female;38;9;4;3;3;3;4;4;3;4;4;4;3;3;4;overall good
03/05/2025 14.56;Caringin;Male;52;9;3;3;3;4;4;3;4;4;4;3;3;3;3;overall good
17/05/2025 05.28;Bojonggede;Female;39;10;3;4;3;3;4;3;4;3;3;3;4;3;4;overall good
27/05/2025 02.04;Kemang;Male;50;9;4;4;3;3;4;4;4;3;4;4;3;3;3;overall good
25/05/2025 23.54;Baranangsiang;Female;31;8;4;4;4;4;3;5;5;4;4;5;3;5;4;overall good
22/05/2025 14.15;Bogor Selatan;Male;25;5;4;3;3;4;2;4;3;3;3;4;4;4;3;improve ATM Service
16/05/2025 19.27;Sukaraja;Female;58;9;4;4;4;4;4;4;4;4;3;4;3;4;5;overall good
12/05/2025 12.15;Cibinong;Male;28;9;4;3;4;4;4;4;4;3;4;4;4;4;4;overall good
04/05/2025 13.40;Gunung Putri;Female;33;9;4;3;4;3;3;3;3;4;3;3;4;4;4;overall good
08/05/2025 00.52;Caringin;Male;58;8;4;5;5;5;5;5;4;4;4;3;5;4;5;overall good
19/05/2025 03.08;Yasmin;Female;60;10;4;3;3;4;4;4;3;4;4;3;3;4;5;overall good
14/05/2025 02.13;Tanah Sareal;Male;50;8;4;4;4;4;4;5;5;5;4;5;4;3;4;overall good
14/05/2025 14.55;Yasmin;Female;42;9;3;3;3;4;4;3;4;3;3;3;3;4;4;overall good
21/05/2025 07.15;Tanah Sareal;Male;28;3;4;4;4;3;4;5;5;3;4;4;5;3;4;overall good
30/05/2025 07.17;Baranangsiang;Female;42;10;3;3;4;3;4;3;4;4;3;4;3;4;4;overall good
29/05/2025 01.33;Baranangsiang;Male;61;1;4;4;4;3;3;4;3;3;3;4;3;3;3;overall good
11/05/2025 12.10;Cijeruk;Female;35;10;4;4;5;4;4;4;5;4;4;5;4;4;4;overall good
01/05/2025 16.53;Sukaraja;Male;51;2;4;4;3;3;3;3;3;4;4;4;3;4;3;overall good
29/05/2025 03.07;Gunung Putri;Female;36;10;4;4;4;3;3;4;4;3;3;4;3;3;4;overall good
01/05/2025 05.54;Cibinong;Male;58;4;3;3;4;3;4;3;4;4;4;4;4;4;3;overall good
25/05/2025 11.27;Gunung Putri;Female;23;10;3;4;4;3;4;3;4;3;3;3;4;4;3;overall good
05/05/2025 18.10;Bogor Barat;Male;48;8;4;4;4;4;3;4;3;4;4;4;4;3;3;overall good
20/05/2025 17.44;Babakan Madang;Female;52;9;5;4;4;5;4;4;5;4;5;5;4;4;4;overall good
05/05/2025 09.42;Yasmin;Male;29;9;3;4;4;4;3;5;5;4;3;4;4;4;4;overall good
23/05/2025 07.06;Bogor Tengah;Female;51;7;4;4;4;4;4;5;5;4;5;4;4;3;4;overall good
23/05/2025 12.19;Sukaraja;Male;58;10;3;3;4;4;3;3;4;3;4;4;4;3;4;overall good
31/05/2025 10.17;Tanah Sareal;Female;46;10;4;4;4;5;5;4;3;4;4;4;4;4;4;overall good
19/05/2025 16.25;Babakan Madang;Male;61;9;4;4;4;4;4;4;5;5;4;4;4;4;4;overall good
14/05/2025 02.19;Ciomas;Female;54;10;5;4;4;5;4;4;3;4;4;4;4;3;4;overall good
04/05/2025 22.19;Kemang;Male;55;7;4;3;4;4;4;3;4;4;4;4;3;4;4;overall good
25/05/2025 23.42;Kemang;Female;42;7;4;4;4;4;4;3;3;3;4;4;3;5;4;overall good
23/05/2025 14.10;Bojonggede;Male;24;10;4;4;4;5;4;4;5;4;4;3;5;5;4;overall good
28/05/2025 03.02;Kemang;Female;23;9;4;4;4;4;4;4;4;3;4;5;4;3;4;overall good
07/05/2025 17.15;Bogor Timur;Male;56;1;3;4;3;3;4;3;3;4;3;3;3;3;4;overall good
29/05/2025 03.53;Ciomas;Female;36;10;5;4;4;3;5;4;4;4;4;3;4;4;3;overall good
25/05/2025 10.41;Yasmin;Male;35;10;4;4;4;3;3;3;3;3;4;4;3;3;4;overall good
17/05/2025 18.13;Gunung Putri;Female;38;10;3;4;4;4;4;3;4;3;3;4;4;5;4;overall good
23/05/2025 19.46;Babakan Madang;Male;52;7;3;4;4;3;4;4;4;3;5;4;5;3;4;overall good
22/05/2025 22.35;Cijeruk;Female;64;2;4;4;4;4;4;3;4;3;4;4;3;4;3;overall good
10/05/2025 03.26;Kemang;Male;44;7;4;4;4;3;4;4;3;5;3;4;4;4;4;overall good
14/05/2025 23.58;Babakan Madang;Female;26;9;4;4;4;4;3;4;4;3;4;4;4;4;5;overall good
08/05/2025 04.22;Bogor Timur;Male;27;9;4;5;4;4;4;3;4;4;3;3;4;3;5;overall good
31/05/2025 10.49;Caringin;Female;30;4;3;4;4;5;3;4;4;4;4;3;4;4;4;overall good
24/05/2025 00.08;Bogor Tengah;Male;39;9;4;4;3;3;4;3;4;4;4;4;3;4;3;overall good
15/05/2025 03.38;Bojonggede;Female;47;9;4;4;4;4;3;3;4;4;4;4;4;2;4;improve Staff Friendliness
26/05/2025 05.24;Yasmin;Male;25;9;4;3;3;4;4;4;3;4;4;4;4;4;4;overall good
24/05/2025 14.24;Ciomas;Female;47;8;4;4;3;3;3;3;4;4;4;4;4;4;4;overall good
23/05/2025 05.37;Sukaraja;Male;63;8;4;5;4;5;4;4;4;5;4;4;4;5;4;overall good
09/05/2025 08.05;Dramaga;Female;57;10;4;4;5;4;4;4;4;4;5;5;4;5;4;overall good
03/05/2025 07.07;Cileungsi;Male;35;8;4;4;4;3;3;4;4;4;3;3;4;4;4;overall good
31/05/2025 00.45;Tanah Sareal;Female;43;9;4;4;4;5;4;5;3;4;4;4;4;5;4;overall good
08/05/2025 10.49;Baranangsiang;Male;55;9;3;3;4;4;3;3;4;4;2;4;3;3;4;improve Loan Application
28/05/2025 21.22;Baranangsiang;Female;36;10;5;5;5;4;4;5;4;4;4;5;4;4;4;overall good
10/05/2025 23.01;Tanah Sareal;Male;49;9;3;4;3;4;3;4;4;4;4;3;4;3;4;overall good
08/05/2025 04.22;Cijeruk;Female;23;8;4;3;4;4;4;4;4;4;4;3;3;5;4;overall good
26/05/2025 21.44;Bojonggede;Male;49;7;4;4;4;5;4;4;3;5;4;4;5;4;4;overall good
25/05/2025 05.51;Dramaga;Female;28;3;3;4;4;4;4;4;3;3;3;3;4;4;4;overall good
01/05/2025 05.00;Tanah Sareal;Male;50;1;4;4;4;3;5;4;4;4;4;3;4;3;4;overall good
24/05/2025 00.08;Cijeruk;Female;53;10;4;4;4;4;4;3;4;3;3;4;4;3;4;overall good
28/05/2025 10.32;Dramaga;Male;57;6;3;5;4;4;4;3;3;4;3;4;4;4;4;overall good
02/05/2025 22.41;Babakan Madang;Female;42;8;4;3;3;4;4;3;3;3;3;3;2;4;3;improve Branch Cleanliness
02/05/2025 04.53;Tanah Sareal;Male;64;8;4;3;4;4;4;4;5;4;5;5;5;3;4;overall good
18/05/2025 08.23;Leuwiliang;Female;60;3;3;4;4;3;3;3;3;4;5;3;5;4;4;overall good
29/05/2025 07.44;Bogor Timur;Male;41;9;4;5;4;3;4;4;4;4;4;3;3;3;4;overall good
14/05/2025 11.48;Ciawi;Female;35;6;3;3;3;2;3;2;4;3;3;3;3;3;3;improve Account Opening, Mobile Banking
05/05/2025 05.48;Yasmin;Male;22;10;4;4;4;4;4;4;4;3;3;4;4;5;4;overall good
30/05/2025 06.44;Ciawi;Female;46;10;3;4;3;3;3;4;4;3;3;4;3;4;4;overall good
18/05/2025 12.40;Kemang;Male;53;5;4;4;4;4;4;3;4;4;3;4;4;4;4;overall good
18/05/2025 22.39;Leuwiliang;Female;30;8;4;4;4;4;4;5;5;4;4;4;4;3;4;overall good
18/05/2025 01.21;Leuwiliang;Male;44;10;4;4;4;4;4;3;4;4;4;4;3;4;3;overall good
11/05/2025 11.18;Dramaga;Female;49;0;3;4;3;3;3;4;3;4;4;4;3;4;3;overall good
08/05/2025 22.49;Babakan Madang;Male;47;2;3;3;4;4;4;4;3;4;4;4;3;3;3;overall good
07/05/2025 23.21;Gunung Putri;Female;47;9;3;3;3;1;4;3;4;3;4;4;3;3;4;improve Account Opening
04/05/2025 05.01;Yasmin;Male;40;8;3;3;3;4;3;4;3;4;3;3;3;3;3;overall good
14/05/2025 06.27;Sukaraja;Female;45;10;4;4;4;3;4;4;3;4;4;4;4;3;5;overall good
10/05/2025 16.09;Gunung Putri;Male;32;7;3;4;4;3;3;5;4;4;4;4;4;3;3;overall good
03/05/2025 01.12;Baranangsiang;Female;45;10;4;4;4;4;4;4;4;5;3;5;4;3;4;overall good
11/05/2025 21.35;Dramaga;Male;58;10;4;3;4;4;3;3;4;3;4;4;4;4;4;overall good
31/05/2025 21.38;Bogor Tengah;Female;21;10;3;3;4;4;3;4;4;4;4;4;4;4;5;overall good
21/05/2025 06.01;Caringin;Male;28;8;4;4;4;3;4;5;4;5;4;4;4;4;4;overall good
12/05/2025 21.09;Baranangsiang;Female;52;5;4;4;5;4;3;3;4;4;4;4;4;4;4;overall good
04/05/2025 05.44;Bogor Tengah;Male;28;8;4;4;4;5;4;4;4;4;3;4;3;4;4;overall good
13/05/2025 12.29;Kemang;Female;44;10;5;5;4;4;5;4;5;5;4;4;4;5;5;overall good
25/05/2025 21.08;Caringin;Male;65;2;4;3;3;3;3;4;4;4;3;3;4;3;4;overall good
29/05/2025 05.40;Sukaraja;Female;22;1;3;4;4;4;3;4;4;4;5;4;4;4;4;overall good
18/05/2025 08.23;Bogor Barat;Male;30;9;3;2;3;3;3;2;3;3;4;3;2;3;3;improve Mobile Banking, Branch Cleanliness
31/05/2025 21.16;Baranangsiang;Female;24;10;3;4;4;4;4;5;4;4;5;3;4;4;3;overall good
25/05/2025 22.41;Bojonggede;Male;24;9;4;4;4;4;3;4;3;4;4;4;3;3;3;overall good
30/05/2025 01.36;Yasmin;Female;61;9;4;4;4;5;4;4;4;3;4;4;3;4;4;overall good
15/05/2025 14.46;Baranangsiang;Male;55;10;4;4;3;5;3;4;4;5;4;4;3;3;4;overall good
05/05/2025 15.39;Cileungsi;Female;64;2;3;4;4;3;2;4;4;3;3;3;4;4;3;improve ATM Service
01/05/2025 15.01;Cijeruk;Male;58;9;4;3;3;3;4;4;4;4;3;3;3;4;3;overall good
21/05/2025 00.00;Tanah Sareal;Female;54;10;4;3;3;3;3;3;2;4;4;3;3;2;3;improve Internet Banking, Staff Friendliness
25/05/2025 10.29;Ciomas;Male;31;9;4;4;4;5;4;5;4;4;4;3;4;4;3;overall good
21/05/2025 06.14;Cibinong;Female;33;7;4;4;4;4;4;4;4;3;4;5;4;5;4;overall good
01/05/2025 20.14;Babakan Madang;Male;25;9;4;4;4;5;4;5;3;4;4;4;4;3;4;overall good
07/05/2025 17.57;Caringin;Female;43;10;4;3;4;4;3;3;3;3;3;3;2;3;4;improve Branch Cleanliness
09/05/2025 08.38;Babakan Madang;Male;59;10;5;5;4;4;5;5;4;4;4;4;5;4;5;overall good
11/05/2025 19.03;Dramaga;Female;22;7;4;4;4;5;3;4;4;3;3;4;4;4;4;overall good
15/05/2025 22.10;Tanah Sareal;Male;65;9;4;3;4;3;3;4;4;4;5;5;3;4;4;overall good
21/05/2025 14.56;Tanah Sareal;Female;34;9;4;3;3;4;4;4;3;4;4;4;3;3;4;overall good
21/05/2025 22.26;Bogor Selatan;Male;25;10;4;4;4;4;4;3;5;5;4;4;4;4;5;overall good
23/05/2025 18.31;Bogor Barat;Female;33;9;4;3;4;4;4;3;5;3;4;3;3;5;4;overall good
01/05/2025 11.58;Bogor Selatan;Male;37;10;3;4;4;4;3;3;4;3;3;4;4;4;3;overall good
29/05/2025 12.36;Bogor Selatan;Female;28;1;4;4;4;5;4;4;5;5;4;5;4;4;5;overall good
05/05/2025 09.45;Yasmin;Male;32;7;4;4;4;4;4;3;4;4;4;3;3;4;4;overall good
18/05/2025 02.20;Tanah Sareal;Female;38;2;3;3;3;3;3;4;3;4;4;3;3;3;3;overall good
25/05/2025 12.15;Baranangsiang;Male;53;7;4;4;4;4;4;4;3;4;4;4;5;4;4;overall good
26/05/2025 16.08;Sukaraja;Female;25;9;4;4;4;4;3;3;4;4;4;4;4;4;4;overall good
27/05/2025 01.47;Yasmin;Male;33;1;3;3;4;3;3;4;3;4;4;2;3;3;3;improve Complaint Handling
24/05/2025 01.05;Bogor Tengah;Female;27;4;4;4;4;4;3;3;3;4;4;4;4;5;3;overall good
06/05/2025 05.02;Bojonggede;Male;65;8;4;4;4;5;4;4;4;4;4;4;4;4;5;overall good
11/05/2025 09.38;Baranangsiang;Female;43;3;3;3;3;4;4;4;5;4;4;3;4;4;3;overall good
07/05/2025 00.01;Ciawi;Male;35;8;3;3;4;3;3;4;4;4;4;3;3;4;5;overall good
18/05/2025 12.53;Babakan Madang;Female;28;8;4;4;5;5;3;4;4;3;4;4;4;4;4;overall good
16/05/2025 22.16;Dramaga;Male;56;7;4;4;4;5;4;4;4;4;4;4;4;5;4;overall good
30/05/2025 03.30;Caringin;Female;28;8;3;4;4;4;4;5;4;4;4;5;5;4;4;overall good
11/05/2025 23.09;Dramaga;Male;64;3;4;3;4;4;5;3;3;4;4;3;3;4;4;overall good
10/05/2025 03.57;Cijeruk;Female;47;10;4;4;4;3;5;3;4;4;3;4;4;4;5;overall good
09/05/2025 16.53;Bogor Timur;Male;51;2;4;4;4;4;5;5;4;4;5;5;4;3;4;overall good
20/05/2025 05.48;Bogor Tengah;Female;64;7;4;4;4;3;4;4;5;4;4;4;5;4;3;overall good
06/05/2025 18.53;Babakan Madang;Male;54;7;5;4;4;3;4;5;4;4;4;4;5;3;5;overall good
09/05/2025 04.34;Tanah Sareal;Female;46;9;4;4;4;4;4;4;3;5;4;3;3;3;4;overall good
10/05/2025 17.19;Bogor Timur;Male;44;2;3;4;3;4;4;4;3;3;4;3;4;5;4;overall good
25/05/2025 05.30;Kemang;Female;46;10;4;4;4;5;4;4;4;4;4;5;4;5;4;overall good
18/05/2025 06.53;Cileungsi;Male;58;8;3;3;4;4;4;3;3;3;4;4;3;4;5;overall good
24/05/2025 12.31;Caringin;Female;63;8;4;4;4;4;4;3;3;4;4;4;3;4;4;overall good
06/05/2025 05.52;Ciawi;Male;38;10;4;4;3;3;4;3;3;4;4;4;4;4;3;overall good
31/05/2025 12.06;Bogor Selatan;Female;37;7;4;4;4;3;4;4;3;4;4;3;3;4;4;overall good
04/05/2025 07.29;Tanah Sareal;Male;22;9;4;4;4;3;3;4;4;4;4;3;3;3;4;overall good
19/05/2025 13.47;Caringin;Female;64;9;4;4;4;4;3;4;4;4;4;3;4;4;3;overall good
31/05/2025 04.38;Kemang;Male;64;10;4;4;4;4;5;5;4;4;4;5;5;4;3;overall good
23/05/2025 14.57;Kemang;Female;27;8;4;4;4;4;4;5;4;4;3;4;4;4;3;overall good
25/05/2025 12.07;Yasmin;Male;39;8;4;5;5;4;3;4;4;4;4;4;4;4;4;overall good
02/05/2025 12.48;Cileungsi;Female;55;9;4;5;4;5;5;5;5;5;4;4;4;4;5;overall good
19/05/2025 06.27;Gunung Putri;Male;28;10;4;4;4;4;4;4;4;4;4;4;4;5;4;overall good
28/05/2025 00.33;Babakan Madang;Female;50;9;4;3;4;4;4;3;4;3;4;5;4;5;4;overall good
16/05/2025 04.02;Dramaga;Male;31;7;3;3;3;3;4;3;4;4;4;3;3;3;4;overall good
24/05/2025 19.32;Leuwiliang;Female;52;4;3;4;4;4;4;3;4;4;4;4;4;4;4;overall good
24/05/2025 02.28;Cijeruk;Male;64;8;3;4;4;4;4;4;4;4;4;3;4;4;5;overall good
13/05/2025 18.52;Cijeruk;Female;31;8;3;3;4;2;3;4;3;4;3;3;4;4;4;improve Account Opening
14/05/2025 19.23;Caringin;Male;58;8;5;4;5;3;4;4;5;5;4;4;4;4;4;overall good
07/05/2025 05.21;Ciomas;Female;24;9;5;4;4;4;3;4;5;4;5;5;4;5;4;overall good
02/05/2025 07.20;Bojonggede;Male;43;4;4;3;4;3;3;5;4;3;4;4;4;3;4;overall good
18/05/2025 08.21;Ciomas;Female;45;10;4;4;4;4;5;4;3;4;3;4;4;4;4;overall good
13/05/2025 00.29;Gunung Putri;Male;43;9;4;4;3;3;4;4;4;4;3;3;4;4;3;overall good
04/05/2025 04.18;Cibinong;Female;62;9;4;4;4;3;4;4;4;4;4;3;3;4;4;overall good
27/05/2025 03.18;Dramaga;Male;28;9;4;4;4;4;5;5;5;5;5;4;4;4;5;overall good
28/05/2025 13.49;Ciomas;Female;23;10;4;4;4;4;4;3;5;5;4;4;3;4;4;overall good
29/05/2025 13.03;Ciawi;Male;47;10;4;4;3;3;3;2;4;4;4;4;4;4;4;improve Mobile Banking
16/05/2025 15.38;Bogor Tengah;Female;41;10;4;4;4;4;4;4;4;5;5;5;3;3;4;overall good
10/05/2025 23.54;Sukaraja;Male;27;0;3;4;4;4;4;4;4;4;4;4;4;3;4;overall good
09/05/2025 02.08;Ciomas;Female;52;8;3;4;4;4;3;3;4;3;3;3;4;4;3;overall good
10/05/2025 19.03;Kemang;Male;40;10;4;4;3;4;5;2;3;2;3;4;4;4;4;improve Mobile Banking, Customer Service
27/05/2025 00.17;Caringin;Female;61;7;5;4;4;4;4;4;4;5;4;4;4;5;4;overall good
28/05/2025 20.12;Yasmin;Male;39;10;4;4;4;4;3;3;4;4;4;4;4;5;4;overall good
29/05/2025 01.38;Leuwiliang;Female;35;7;4;4;4;3;4;5;5;4;4;4;4;4;4;overall good
28/05/2025 11.56;Bogor Selatan;Male;58;9;4;3;4;3;3;4;4;4;4;3;4;4;4;overall good
04/05/2025 17.19;Ciawi;Female;51;10;4;4;4;4;5;4;5;5;4;3;5;4;4;overall good
27/05/2025 05.05;Dramaga;Male;53;3;4;4;4;5;4;4;3;3;4;5;3;4;4;overall good
31/05/2025 08.08;Ciomas;Female;33;10;4;4;4;4;4;4;4;4;4;4;4;4;4;overall good
09/05/2025 18.24;Ciawi;Male;50;4;3;4;3;4;4;3;4;4;4;3;3;4;4;overall good
29/05/2025 00.04;Bogor Tengah;Female;61;7;4;3;4;4;4;4;4;3;4;4;4;4;3;overall good
14/05/2025 00.10;Caringin;Male;34;8;4;5;4;4;5;5;4;4;4;4;4;4;5;overall good
28/05/2025 11.34;Cijeruk;Female;60;3;4;3;3;3;4;4;4;4;4;4;4;2;3;improve Staff Friendliness
08/05/2025 04.08;Bogor Barat;Male;54;10;4;4;4;3;4;4;3;5;4;4;3;4;4;overall good
22/05/2025 03.15;Cibinong;Female;30;8;4;4;4;3;4;4;4;4;4;5;5;4;3;overall good
10/06/2025 21.09;Gunung Putri;Male;41;7;5;4;4;5;5;5;4;4;5;5;4;4;5;overall good
08/06/2025 19.05;Gunung Putri;Female;38;5;4;4;4;5;5;4;3;4;5;4;4;4;4;overall good
12/06/2025 13.51;Cileungsi;Male;64;8;4;4;3;4;3;4;4;4;4;3;4;4;3;overall good
16/06/2025 01.48;Bogor Selatan;Female;30;9;4;3;4;4;3;3;3;5;3;4;4;2;5;improve Staff Friendliness
21/06/2025 11.41;Babakan Madang;Male;52;8;4;4;4;5;4;4;4;4;5;5;4;4;4;overall good
02/06/2025 09.57;Bogor Barat;Female;33;9;4;4;4;4;4;4;4;4;3;4;3;4;4;overall good
03/06/2025 01.12;Cileungsi;Male;38;7;4;4;4;5;3;3;4;3;5;5;4;4;5;overall good
16/06/2025 05.43;Caringin;Female;22;9;4;3;3;3;3;4;4;4;3;3;4;3;3;overall good
18/06/2025 15.25;Kemang;Male;40;3;4;4;3;4;5;4;4;5;3;4;4;5;5;overall good
07/06/2025 19.45;Bogor Timur;Female;46;5;4;4;4;3;4;4;4;4;4;4;3;4;4;overall good
26/06/2025 08.07;Cibinong;Male;28;7;4;3;3;4;3;3;2;4;3;3;4;3;3;improve Internet Banking
12/06/2025 13.22;Sukaraja;Female;54;9;4;4;4;4;4;3;4;5;4;4;3;4;5;overall good
16/06/2025 23.38;Kemang;Male;28;8;4;4;5;4;4;4;4;5;4;4;4;5;4;overall good
12/06/2025 10.53;Sukaraja;Female;45;5;4;4;4;4;5;4;4;4;4;5;4;4;3;overall good
11/06/2025 09.27;Gunung Putri;Male;34;9;3;4;3;4;3;3;3;3;4;3;3;4;2;improve Transaction Speed
24/06/2025 19.18;Cileungsi;Female;49;7;3;4;4;4;4;4;4;3;4;4;4;3;4;overall good
16/06/2025 08.44;Cijeruk;Male;44;0;3;3;4;3;3;4;3;3;4;4;3;4;4;overall good
14/06/2025 11.34;Cijeruk;Female;48;9;4;4;4;4;4;4;4;4;4;3;4;4;4;overall good
15/06/2025 23.02;Tanah Sareal;Male;44;10;4;4;4;4;5;4;4;4;4;4;4;4;5;overall good
03/06/2025 15.41;Bogor Tengah;Female;62;7;5;5;5;5;4;4;4;4;4;5;5;4;4;overall good
18/06/2025 14.45;Cibinong;Male;37;8;4;3;4;4;4;4;4;4;4;3;4;4;4;overall good
22/06/2025 11.26;Bogor Selatan;Female;55;6;4;4;4;5;4;4;4;5;4;3;3;5;3;overall good
13/06/2025 09.43;Leuwiliang;Male;21;3;3;3;4;3;3;5;4;4;4;4;4;4;4;overall good
12/06/2025 10.19;Dramaga;Female;26;6;4;3;4;3;3;2;3;5;3;4;3;3;3;improve Mobile Banking
22/06/2025 07.17;Dramaga;Male;34;1;4;4;4;4;4;5;4;3;3;4;4;5;3;overall good
14/06/2025 07.16;Ciomas;Female;62;7;3;4;4;4;4;4;4;4;3;3;4;4;4;overall good
17/06/2025 03.38;Bogor Timur;Male;52;10;4;4;4;4;5;5;4;4;5;4;4;3;4;overall good
13/06/2025 16.03;Gunung Putri;Female;27;5;4;4;4;5;5;4;4;4;5;4;5;5;5;overall good
23/06/2025 00.05;Ciawi;Male;25;10;3;3;3;2;2;4;3;3;3;3;4;3;3;improve Account Opening, ATM Service
22/06/2025 12.36;Bogor Tengah;Female;24;7;4;4;4;4;4;5;3;3;3;4;5;5;3;overall good
16/06/2025 05.30;Tanah Sareal;Male;21;8;3;4;4;4;4;4;3;4;4;4;4;3;3;overall good
26/06/2025 01.36;Sukaraja;Female;26;9;4;3;3;4;3;3;3;3;4;4;4;4;3;overall good
22/06/2025 22.01;Tanah Sareal;Male;59;8;4;3;4;4;4;4;3;3;4;4;4;4;4;overall good
14/06/2025 16.19;Caringin;Female;29;10;3;3;4;3;3;4;3;4;3;3;3;3;4;overall good
20/06/2025 02.27;Yasmin;Male;26;7;3;4;4;3;3;4;4;4;3;3;3;3;3;overall good
28/06/2025 02.44;Leuwiliang;Female;57;9;4;4;4;4;3;4;4;4;3;4;4;4;3;overall good
23/06/2025 10.45;Kemang;Male;61;9;4;4;4;4;3;3;4;4;4;3;4;4;4;overall good
03/06/2025 10.00;Yasmin;Female;37;7;4;4;4;5;4;3;4;4;4;5;4;3;4;overall good
08/06/2025 05.53;Leuwiliang;Male;60;8;3;4;3;4;4;4;4;4;4;3;4;4;4;overall good
01/06/2025 16.26;Bogor Timur;Female;44;9;4;4;4;4;4;4;4;4;5;4;5;3;4;overall good
24/06/2025 23.43;Ciawi;Male;48;8;5;3;4;5;4;4;3;4;3;4;5;3;4;overall good
13/06/2025 22.08;Bogor Selatan;Female;35;7;4;3;4;4;4;4;4;4;5;4;5;4;4;overall good
11/06/2025 00.42;Dramaga;Male;52;8;3;4;3;3;4;4;5;4;4;4;3;4;3;overall good
10/06/2025 04.37;Kemang;Female;34;2;4;4;4;4;4;4;5;3;5;4;4;4;3;overall good
02/06/2025 09.31;Gunung Putri;Male;32;9;4;4;4;5;5;4;4;4;4;4;3;3;4;overall good
13/06/2025 01.18;Dramaga;Female;37;10;4;3;4;4;3;3;4;4;4;4;3;4;5;overall good
05/06/2025 03.53;Bojonggede;Male;58;8;4;5;4;5;4;4;4;4;4;3;4;4;5;overall good
20/06/2025 07.11;Bogor Tengah;Female;51;10;4;3;4;4;4;3;3;4;4;4;3;4;4;overall good
29/06/2025 23.47;Yasmin;Male;45;5;3;4;4;4;3;5;4;3;3;4;3;4;4;overall good
03/06/2025 12.42;Cileungsi;Female;25;9;4;3;3;4;4;5;3;4;3;5;4;3;4;overall good
30/06/2025 10.28;Ciomas;Male;36;10;4;4;4;5;3;4;4;3;3;5;4;4;4;overall good
15/06/2025 16.26;Kemang;Female;23;10;4;4;3;3;4;3;4;4;4;4;3;4;4;overall good
29/06/2025 04.18;Leuwiliang;Male;63;9;4;4;5;4;4;4;4;5;4;4;3;4;4;overall good
17/06/2025 11.10;Baranangsiang;Female;37;10;4;4;4;4;4;5;5;4;4;3;5;5;4;overall good
07/06/2025 21.12;Babakan Madang;Male;29;10;4;4;4;4;4;3;3;3;4;4;4;3;4;overall good
25/06/2025 05.37;Cileungsi;Female;28;9;4;4;4;5;4;4;4;4;5;5;4;4;4;overall good
13/06/2025 18.40;Cileungsi;Male;44;2;4;4;4;4;4;4;5;4;3;3;3;4;4;overall good
09/06/2025 00.13;Kemang;Female;37;8;4;4;4;4;5;4;3;4;4;3;4;4;4;overall good
27/06/2025 23.24;Ciomas;Male;52;7;4;4;4;4;4;4;5;4;3;4;4;5;5;overall good
12/06/2025 03.48;Babakan Madang;Female;24;9;3;3;4;5;4;3;3;3;3;3;4;4;4;overall good
23/06/2025 16.14;Baranangsiang;Male;23;7;3;4;4;4;4;4;4;4;4;4;5;4;4;overall good
02/06/2025 23.31;Gunung Putri;Female;28;3;4;3;4;3;3;4;4;3;3;4;5;4;4;overall good
24/06/2025 13.17;Babakan Madang;Male;43;4;3;3;3;3;3;3;4;4;3;3;3;3;4;overall good
07/06/2025 00.04;Babakan Madang;Female;52;9;4;4;4;4;5;4;4;4;4;4;4;3;4;overall good
09/06/2025 18.28;Bojonggede;Male;26;10;3;4;3;4;4;4;3;3;3;4;4;4;4;overall good
29/06/2025 10.21;Baranangsiang;Female;53;4;4;4;4;3;4;4;4;4;4;4;4;3;4;overall good
26/06/2025 12.51;Yasmin;Male;58;0;4;4;4;5;5;4;5;5;5;5;5;4;4;overall good
12/06/2025 22.47;Sukaraja;Female;32;9;4;4;4;4;4;4;3;4;4;4;3;4;4;overall good
02/06/2025 06.14;Caringin;Male;64;10;4;4;3;4;3;3;3;4;4;4;3;4;4;overall good
20/06/2025 03.14;Dramaga;Female;64;0;4;4;4;3;3;4;4;5;4;4;4;4;3;overall good
16/06/2025 16.56;Bojonggede;Male;58;0;4;4;4;5;4;4;4;5;4;4;4;4;3;overall good
23/06/2025 01.00;Tanah Sareal;Female;22;10;4;3;3;4;4;3;4;4;4;4;3;3;4;overall good
03/06/2025 03.05;Cileungsi;Male;59;8;4;4;4;3;4;4;4;4;3;3;4;4;4;overall good
11/06/2025 06.15;Kemang;Female;49;9;3;3;3;3;4;3;3;2;4;4;3;4;3;improve Customer Service
04/06/2025 10.23;Bogor Barat;Male;62;9;4;4;4;4;4;4;4;3;5;4;4;4;3;overall good
13/06/2025 09.17;Cijeruk;Female;59;10;4;5;4;5;3;4;4;4;4;4;5;4;5;overall good
20/06/2025 08.46;Baranangsiang;Male;36;6;4;4;3;4;4;4;4;5;4;4;4;4;5;overall good
19/06/2025 20.38;Bogor Timur;Female;22;1;4;4;5;5;4;4;3;4;4;5;4;4;4;overall good
06/06/2025 20.30;Leuwiliang;Male;39;7;4;4;4;4;4;4;3;3;3;4;3;3;3;overall good
16/06/2025 01.17;Dramaga;Female;52;5;3;4;4;5;4;4;4;4;4;3;4;4;3;overall good
18/06/2025 20.07;Kemang;Male;29;9;4;5;4;4;5;4;5;4;4;5;4;5;4;overall good
24/06/2025 03.05;Ciawi;Female;33;8;4;4;4;4;3;4;4;3;5;4;3;5;4;overall good
21/06/2025 12.17;Cileungsi;Male;57;7;4;3;3;4;4;4;4;3;5;4;4;4;4;overall good
05/06/2025 12.17;Bojonggede;Female;60;10;4;4;4;3;5;4;4;4;4;4;4;4;4;overall good
11/06/2025 21.14;Bogor Barat;Male;53;10;4;3;3;3;3;3;4;3;4;3;2;4;3;improve Branch Cleanliness
15/06/2025 02.41;Tanah Sareal;Female;52;7;3;4;3;3;3;4;3;3;3;3;4;4;4;overall good
15/06/2025 13.59;Babakan Madang;Male;48;10;3;4;3;3;4;4;3;3;3;4;4;5;4;overall good
13/06/2025 01.42;Tanah Sareal;Female;29;8;4;3;4;5;4;4;4;4;3;4;3;3;4;overall good
27/06/2025 17.57;Ciawi;Male;48;9;3;4;3;4;3;4;3;3;4;3;3;4;3;overall good
21/06/2025 01.12;Bogor Timur;Female;23;10;5;4;4;4;4;3;4;4;4;4;5;4;4;overall good
18/06/2025 06.08;Bogor Selatan;Male;50;8;4;3;4;3;4;4;4;3;4;3;4;4;4;overall good
06/06/2025 12.44;Cileungsi;Female;58;9;4;3;4;3;4;4;4;3;3;3;4;3;4;overall good
03/06/2025 04.43;Babakan Madang;Male;32;8;5;4;4;3;4;4;3;4;4;4;4;3;4;overall good
16/06/2025 05.46;Bogor Timur;Female;47;2;4;3;4;4;3;4;4;5;4;3;4;4;4;overall good
13/06/2025 20.50;Sukaraja;Male;50;8;4;4;4;3;5;4;5;4;5;4;3;4;4;overall good
30/06/2025 07.46;Ciomas;Female;32;9;3;3;4;4;3;5;4;3;3;4;3;4;3;overall good
01/06/2025 06.48;Cileungsi;Male;64;9;4;4;3;4;4;3;4;3;4;3;3;4;4;overall good
23/06/2025 08.07;Leuwiliang;Female;28;10;3;3;3;2;2;2;2;2;2;3;3;3;3;improve Account Opening, ATM Service, Mobile Banking, Internet Banking, Customer Service, Loan Application
24/06/2025 15.04;Leuwiliang;Male;63;4;4;3;4;3;3;3;4;3;3;4;2;3;3;improve Branch Cleanliness
18/06/2025 12.16;Dramaga;Female;60;4;3;4;3;3;2;3;3;4;2;3;4;3;2;improve ATM Service, Loan Application, Transaction Speed
01/06/2025 16.09;Leuwiliang;Male;40;9;4;5;4;5;4;4;4;5;4;4;4;4;4;overall good
10/06/2025 03.17;Yasmin;Female;28;5;4;5;4;5;5;4;5;5;4;4;4;4;5;overall good
12/06/2025 17.41;Bogor Tengah;Male;34;7;4;3;4;3;3;4;4;4;4;5;4;5;5;overall good
10/06/2025 06.25;Gunung Putri;Female;61;4;3;4;3;3;3;3;3;3;4;3;3;3;5;overall good
24/06/2025 00.14;Bogor Timur;Male;40;7;4;3;4;4;3;4;3;5;4;4;4;3;4;overall good
22/06/2025 14.46;Gunung Putri;Female;22;9;3;3;3;3;3;3;2;3;2;4;3;3;3;improve Internet Banking, Loan Application
29/06/2025 09.50;Caringin;Male;51;10;4;3;4;3;4;4;3;5;4;2;4;3;3;improve Complaint Handling
03/06/2025 11.19;Cibinong;Female;33;10;4;4;4;4;4;4;4;4;4;3;4;4;5;overall good
21/06/2025 04.18;Ciomas;Male;21;10;4;4;3;4;4;4;4;3;4;4;3;4;5;overall good
02/06/2025 19.07;Caringin;Female;58;8;4;4;4;3;5;3;5;4;5;3;4;4;4;overall good
12/06/2025 06.11;Caringin;Male;46;8;4;4;4;4;4;4;4;4;4;4;4;4;4;overall good
27/06/2025 20.35;Bogor Barat;Female;54;10;4;4;4;4;4;4;4;4;4;4;3;3;5;overall good
23/06/2025 23.28;Bogor Timur;Male;38;3;4;4;4;4;4;3;5;3;4;4;4;3;4;overall good
22/06/2025 18.20;Bogor Selatan;Female;52;8;4;4;4;4;5;4;5;4;4;5;5;5;5;overall good
23/06/2025 18.42;Gunung Putri;Male;22;9;4;4;4;4;4;3;4;4;4;4;3;4;4;overall good
29/06/2025 12.40;Bojonggede;Female;49;9;4;4;4;3;4;5;3;3;4;5;4;3;4;overall good
23/06/2025 17.48;Ciomas;Male;59;5;3;3;3;3;4;4;3;4;3;4;4;3;4;overall good
21/06/2025 05.40;Tanah Sareal;Female;39;8;4;3;4;3;3;4;3;3;2;3;4;4;3;improve Loan Application
11/06/2025 01.24;Bojonggede;Male;51;7;4;3;3;4;4;4;3;4;3;4;4;3;4;overall good
24/06/2025 10.36;Dramaga;Female;65;5;3;3;3;3;2;2;3;3;4;3;3;3;3;improve ATM Service, Mobile Banking
05/06/2025 21.33;Tanah Sareal;Male;32;10;3;3;4;3;3;4;3;3;4;4;4;4;4;overall good
28/06/2025 00.45;Gunung Putri;Female;52;9;5;3;4;4;4;4;4;4;3;4;4;3;4;overall good
18/06/2025 07.59;Bogor Barat;Male;22;10;4;3;3;4;4;4;4;4;4;3;4;4;4;overall good
02/06/2025 13.14;Baranangsiang;Female;32;4;4;4;3;4;4;4;3;5;3;4;4;4;4;overall good
06/06/2025 20.36;Bogor Timur;Male;42;9;4;4;3;3;4;4;3;3;4;4;3;4;3;overall good
18/06/2025 05.53;Cijeruk;Female;35;8;4;4;4;4;3;3;4;3;3;4;3;3;5;overall good
26/06/2025 00.28;Bogor Barat;Male;56;9;3;3;3;3;3;4;3;4;3;3;4;3;3;overall good
22/06/2025 06.06;Kemang;Female;63;9;4;5;4;5;3;5;4;4;4;4;4;5;4;overall good
30/06/2025 15.22;Babakan Madang;Male;28;6;4;4;4;4;3;4;3;3;3;3;3;5;4;overall good
25/06/2025 15.03;Kemang;Female;27;0;4;4;4;4;4;3;3;3;3;4;3;5;3;overall good
18/06/2025 13.20;Bogor Selatan;Male;31;7;4;5;4;3;4;4;4;4;5;3;4;4;4;overall good
05/06/2025 19.41;Baranangsiang;Female;39;8;4;4;4;5;3;3;4;5;4;5;4;3;4;overall good
06/06/2025 23.17;Tanah Sareal;Male;62;9;4;4;4;4;4;4;3;4;4;4;4;4;3;overall good
01/06/2025 07.40;Yasmin;Female;49;6;4;4;4;5;4;4;4;4;4;4;4;5;5;overall good
05/06/2025 03.18;Cibinong;Male;51;9;4;4;4;5;4;5;4;4;4;4;4;3;4;overall good
18/06/2025 12.10;Cileungsi;Female;44;8;5;4;4;4;5;5;4;4;5;4;4;4;3;overall good
12/06/2025 01.51;Cibinong;Male;30;8;4;4;3;5;4;3;4;4;2;4;4;4;4;improve Loan Application
23/06/2025 06.29;Tanah Sareal;Female;48;10;4;3;4;4;4;3;3;4;4;3;4;4;4;overall good
22/06/2025 11.38;Ciawi;Male;64;9;4;4;4;3;4;4;3;4;4;5;4;4;5;overall good
05/06/2025 02.46;Tanah Sareal;Female;21;7;4;3;4;4;3;4;3;4;4;4;3;4;3;overall good
22/06/2025 01.43;Ciomas;Male;41;9;4;4;4;4;4;4;3;4;4;4;5;4;5;overall good
28/06/2025 21.24;Bogor Barat;Female;46;7;4;4;4;5;3;4;4;4;5;4;4;5;4;overall good
26/06/2025 05.35;Bogor Barat;Male;61;6;3;4;4;3;4;4;3;4;4;3;4;5;4;overall good
16/06/2025 05.28;Dramaga;Female;47;10;4;4;3;4;4;4;4;4;3;4;5;3;3;overall good
30/06/2025 15.10;Bojonggede;Male;21;4;4;4;3;4;3;4;4;4;3;3;4;3;4;overall good
27/06/2025 10.18;Tanah Sareal;Female;65;9;4;4;5;4;5;5;4;4;4;4;5;5;4;overall good
20/06/2025 15.16;Kemang;Male;60;8;4;4;4;4;4;5;4;4;4;4;4;5;4;overall good
19/06/2025 22.22;Yasmin;Female;40;10;3;4;3;3;3;4;4;4;4;4;3;4;4;overall good
11/06/2025 09.01;Tanah Sareal;Male;54;2;4;2;4;3;3;3;3;4;4;3;4;4;3;overall good
08/06/2025 18.26;Bogor Timur;Female;53;8;4;4;4;4;4;5;4;3;4;4;4;4;4;overall good
29/06/2025 18.19;Bogor Tengah;Male;22;4;4;5;5;4;4;4;3;4;5;4;5;4;4;overall good
21/06/2025 12.32;Cileungsi;Female;36;2;4;4;4;3;4;3;3;4;3;4;3;4;3;overall good
13/06/2025 14.38;Ciawi;Male;28;8;4;5;4;3;4;4;4;4;3;4;3;4;4;overall good
22/06/2025 18.48;Ciawi;Female;43;9;4;3;3;3;4;3;4;3;3;3;4;3;3;overall good
17/06/2025 10.56;Dramaga;Male;57;8;4;4;4;4;4;5;5;4;4;4;3;4;4;overall good
18/06/2025 00.10;Cibinong;Female;58;7;4;4;4;4;4;4;4;4;4;4;4;3;4;overall good
19/06/2025 08.00;Dramaga;Male;39;7;4;4;4;4;5;5;4;4;4;4;3;4;4;overall good
18/06/2025 12.54;Ciawi;Female;36;9;3;3;4;4;2;4;3;4;5;4;3;4;4;improve ATM Service
21/06/2025 00.04;Babakan Madang;Male;27;10;5;5;4;5;5;5;4;5;4;4;4;4;5;overall good
24/06/2025 02.52;Bogor Timur;Female;26;9;4;3;3;4;3;3;4;4;3;3;3;4;4;overall good
29/06/2025 13.20;Yasmin;Male;49;10;4;3;4;3;3;3;3;4;3;3;4;4;3;overall good
29/06/2025 08.45;Cijeruk;Female;54;8;4;4;4;4;4;5;4;4;4;3;5;4;4;overall good
24/06/2025 18.21;Caringin;Male;61;10;4;3;3;3;3;3;3;3;3;4;3;2;3;improve Staff Friendliness
24/06/2025 12.47;Gunung Putri;Female;31;9;4;5;4;3;4;4;5;5;5;4;4;4;3;overall good
26/06/2025 16.29;Babakan Madang;Male;29;4;4;3;4;4;3;4;4;3;4;4;5;3;3;overall good
02/06/2025 13.59;Bogor Selatan;Female;65;10;4;3;3;4;3;4;4;4;3;4;4;4;4;overall good
30/06/2025 04.54;Baranangsiang;Male;56;9;4;3;3;4;4;4;3;4;4;3;3;3;4;overall good
02/06/2025 22.55;Gunung Putri;Female;28;10;3;4;3;4;3;3;4;3;3;3;3;4;3;overall good
19/06/2025 04.16;Ciawi;Male;30;10;4;5;5;5;5;4;4;4;3;4;3;5;4;overall good
07/06/2025 21.36;Dramaga;Female;39;7;4;3;4;5;4;4;4;4;4;4;5;4;4;overall good
14/06/2025 18.16;Sukaraja;Male;47;10;3;4;3;4;3;3;3;4;4;4;3;3;4;overall good
01/06/2025 02.25;Yasmin;Female;32;3;4;4;4;4;3;4;3;4;4;3;3;4;4;overall good
21/06/2025 06.30;Bogor Selatan;Male;56;9;4;4;4;3;3;4;3;4;4;4;3;5;4;overall good
17/06/2025 09.35;Caringin;Female;57;10;4;4;4;4;4;4;4;4;4;4;3;3;4;overall good
30/06/2025 09.42;Leuwiliang;Male;51;6;4;5;3;4;4;4;4;5;4;4;4;4;4;overall good
22/06/2025 20.12;Tanah Sareal;Female;29;10;5;4;4;4;4;4;4;4;4;3;4;5;5;overall good
05/06/2025 08.03;Babakan Madang;Male;30;2;3;4;5;4;4;4;5;3;4;4;4;4;4;overall good
12/06/2025 07.15;Kemang;Female;63;8;4;4;4;4;4;4;4;5;4;3;4;4;2;improve Transaction Speed
14/06/2025 11.09;Leuwiliang;Male;42;8;4;4;4;3;4;4;4;4;3;4;4;4;4;overall good
28/06/2025 05.39;Bogor Timur;Female;31;8;4;4;4;4;5;4;4;4;4;4;4;4;5;overall good
27/06/2025 07.16;Bogor Selatan;Male;62;7;4;4;4;4;4;5;4;4;3;3;4;4;4;overall good
10/06/2025 04.39;Sukaraja;Female;24;4;3;3;4;3;4;4;3;3;3;3;3;3;3;overall good
26/06/2025 19.39;Caringin;Male;53;0;4;4;5;3;4;4;4;4;4;4;4;3;3;overall good
12/06/2025 21.46;Baranangsiang;Female;22;9;4;4;4;3;4;3;4;3;4;3;3;4;4;overall good
20/06/2025 12.07;Sukaraja;Male;49;10;4;3;4;5;3;4;4;4;4;4;4;3;3;overall good
17/06/2025 12.04;Sukaraja;Female;23;7;3;4;4;4;4;5;4;4;4;3;3;4;4;overall good
19/06/2025 13.04;Gunung Putri;Male;32;10;5;4;5;4;5;4;4;4;4;4;4;5;5;overall good
27/06/2025 07.13;Cileungsi;Female;26;9;4;3;4;3;4;2;4;4;3;3;4;4;3;improve Mobile Banking
05/06/2025 08.25;Baranangsiang;Male;39;10;4;4;4;4;4;4;3;4;5;4;4;4;4;overall good
09/06/2025 05.07;Tanah Sareal;Female;40;5;4;4;4;4;4;4;3;4;4;3;4;4;4;overall good
02/06/2025 07.39;Bogor Barat;Male;60;1;4;4;4;3;3;4;3;4;3;3;3;4;4;overall good
07/06/2025 21.58;Bogor Barat;Female;40;10;4;4;4;3;4;5;4;3;4;4;5;5;4;overall good
03/06/2025 12.26;Gunung Putri;Male;41;9;4;3;4;4;4;4;3;3;4;4;4;5;3;overall good
24/06/2025 22.21;Yasmin;Female;36;7;4;4;4;3;3;3;4;4;4;3;4;3;4;overall good
14/06/2025 01.44;Ciawi;Male;53;9;4;4;4;5;4;4;4;5;4;4;4;4;4;overall good
04/06/2025 04.15;Bogor Barat;Female;41;8;3;4;4;4;3;3;3;3;4;3;3;3;4;overall good
01/06/2025 21.41;Caringin;Male;22;7;3;4;4;4;4;4;3;4;4;3;3;3;4;overall good
05/06/2025 22.16;Cileungsi;Female;56;5;4;3;4;3;4;3;4;4;3;3;3;4;4;overall good
15/06/2025 18.53;Cibinong;Male;56;7;4;4;4;4;4;4;4;4;4;4;4;3;3;overall good
07/06/2025 21.52;Sukaraja;Female;47;9;4;3;4;3;4;3;3;3;4;4;4;3;4;overall good
12/06/2025 21.38;Bojonggede;Male;55;6;3;4;4;4;4;3;4;3;4;3;3;4;3;overall good
22/06/2025 22.19;Cijeruk;Female;48;4;4;3;4;3;3;4;4;3;3;4;4;4;4;overall good
15/06/2025 01.00;Bogor Barat;Male;21;6;4;4;4;4;5;4;5;5;5;5;4;4;5;overall good
14/06/2025 06.25;Baranangsiang;Female;21;10;4;4;4;4;4;4;5;3;4;4;5;4;5;overall good
18/06/2025 01.25;Kemang;Male;37;3;4;4;4;3;4;4;4;4;4;4;3;3;4;overall good
03/06/2025 04.59;Yasmin;Female;58;8;5;4;4;3;5;4;4;4;3;4;5;4;3;overall good
05/06/2025 08.31;Baranangsiang;Male;55;8;3;4;4;3;3;4;4;4;3;3;4;4;3;overall good
28/06/2025 00.20;Leuwiliang;Female;65;9;3;3;4;4;3;4;4;3;3;4;3;3;3;overall good
17/06/2025 15.11;Cileungsi;Male;48;10;4;3;3;3;4;3;3;4;4;4;3;4;3;overall good
17/06/2025 14.01;Cileungsi;Female;49;10;3;4;4;4;4;4;3;3;3;3;3;3;3;overall good
01/06/2025 18.29;Yasmin;Male;50;2;4;3;3;5;3;4;3;4;3;2;3;4;2;improve Complaint Handling, Transaction Speed
24/06/2025 03.11;Tanah Sareal;Female;62;4;4;5;4;5;5;5;4;4;4;4;5;4;5;overall good
27/06/2025 23.32;Bogor Tengah;Male;21;3;3;4;3;4;4;3;4;4;4;4;3;4;3;overall good
27/06/2025 03.34;Caringin;Female;46;7;3;3;3;4;3;4;4;4;4;4;4;4;4;overall good
18/06/2025 03.16;Bogor Tengah;Male;63;9;4;4;4;4;4;5;5;4;4;5;4;4;4;overall good
01/06/2025 09.49;Leuwiliang;Female;59;9;4;4;3;4;4;4;4;4;4;4;3;4;4;overall good
22/06/2025 13.58;Bogor Selatan;Male;50;9;4;4;3;4;4;3;3;4;2;4;4;3;4;improve Loan Application
14/06/2025 15.32;Bogor Tengah;Female;35;6;3;4;4;4;4;4;4;3;4;3;4;5;4;overall good
11/06/2025 17.39;Bojonggede;Male;33;10;4;4;3;4;4;4;4;5;3;4;4;4;3;overall good
14/06/2025 15.06;Cibinong;Female;52;0;4;4;5;4;5;4;4;4;5;4;4;5;5;overall good
20/06/2025 05.28;Caringin;Male;59;9;3;3;4;4;4;4;3;4;5;3;4;3;3;overall good
09/06/2025 06.37;Bogor Selatan;Female;38;8;4;4;4;3;3;3;3;3;4;4;4;3;4;overall good
04/06/2025 04.09;Cijeruk;Male;33;7;4;4;4;4;4;4;4;4;4;4;4;4;3;overall good
13/06/2025 14.29;Sukaraja;Female;29;1;3;4;3;3;3;4;4;4;4;3;4;4;4;overall good
14/06/2025 07.36;Sukaraja;Male;35;5;4;4;4;4;4;4;5;4;4;4;4;4;4;overall good
28/06/2025 04.34;Yasmin;Female;64;10;4;4;4;4;4;4;4;4;4;4;4;4;4;overall good
03/06/2025 12.25;Babakan Madang;Male;21;5;3;3;4;4;3;3;4;3;4;3;4;4;5;overall good
14/06/2025 07.16;Ciomas;Female;48;3;4;3;4;4;4;3;3;4;3;3;3;4;4;overall good
18/06/2025 13.08;Bogor Selatan;Male;64;8;4;3;3;4;3;3;3;3;3;3;3;3;4;overall good
03/06/2025 06.43;Ciawi;Female;23;1;4;4;4;4;4;4;3;4;4;4;3;4;4;overall good
01/06/2025 06.00;Cileungsi;Male;47;8;3;3;3;3;4;3;2;3;3;3;4;3;3;improve Internet Banking
11/06/2025 22.52;Leuwiliang;Female;33;9;4;4;3;3;5;3;4;4;4;3;3;3;4;overall good
08/06/2025 23.38;Gunung Putri;Male;25;1;4;4;4;4;4;4;4;4;5;5;5;4;5;overall good
02/06/2025 08.28;Ciomas;Female;40;9;4;4;4;3;4;4;4;4;4;5;3;4;4;overall good
17/06/2025 05.29;Caringin;Male;48;4;4;3;3;4;3;4;3;3;3;5;3;4;3;overall good
17/06/2025 13.03;Cileungsi;Female;36;9;4;4;3;3;4;4;4;4;3;3;4;4;4;overall good
04/06/2025 12.56;Bogor Barat;Male;42;7;4;5;4;4;3;4;4;4;5;4;4;4;4;overall good
22/06/2025 16.09;Kemang;Female;60;9;4;4;4;4;4;4;4;3;4;4;4;5;4;overall good
02/06/2025 14.50;Sukaraja;Male;28;9;4;4;4;4;4;4;3;4;4;4;4;4;4;overall good
04/06/2025 03.45;Leuwiliang;Female;41;5;4;3;3;3;4;3;4;4;5;3;3;3;4;overall good
03/06/2025 15.50;Tanah Sareal;Male;24;3;3;3;4;4;4;3;4;3;4;4;4;4;4;overall good
05/06/2025 22.38;Dramaga;Female;60;0;3;3;3;2;4;4;4;3;2;4;3;3;4;improve Account Opening, Loan Application
20/06/2025 11.59;Bogor Barat;Male;56;10;4;4;4;4;4;4;4;5;4;4;4;4;5;overall good
30/06/2025 02.33;Bogor Selatan;Female;60;7;4;5;4;5;5;4;4;5;5;4;3;4;3;overall good
21/06/2025 18.46;Kemang;Male;21;8;3;3;4;4;4;4;4;2;4;3;4;2;3;improve Customer Service, Staff Friendliness
23/06/2025 01.02;Kemang;Female;60;9;4;4;4;4;4;4;4;4;4;4;3;4;4;overall good
05/06/2025 23.38;Ciawi;Male;42;7;4;3;4;4;4;4;3;4;3;3;3;3;3;overall good
10/06/2025 09.34;Bogor Tengah;Female;59;4;3;4;4;4;4;4;4;3;4;4;4;3;4;overall good
18/06/2025 06.03;Sukaraja;Male;29;8;4;3;4;4;3;4;3;4;4;4;4;4;4;overall good
10/06/2025 00.36;Gunung Putri;Female;51;8;4;4;4;5;3;3;3;3;4;4;4;3;4;overall good
07/06/2025 04.45;Cibinong;Male;29;7;4;4;4;5;4;4;3;4;4;4;3;4;3;overall good
16/06/2025 02.33;Dramaga;Female;58;10;4;5;3;5;3;3;3;4;3;3;4;4;4;overall good
23/06/2025 19.02;Sukaraja;Male;55;7;4;4;4;4;3;4;3;4;4;3;3;4;3;overall good
01/06/2025 09.24;Dramaga;Female;59;10;4;3;4;4;4;3;4;4;3;4;4;4;4;overall good
03/06/2025 18.46;Ciawi;Male;58;7;4;4;4;4;4;5;4;4;4;4;3;3;4;overall good
21/06/2025 11.44;Cibinong;Female;53;7;5;4;4;4;4;4;4;5;5;5;4;5;4;overall good
10/06/2025 18.29;Bojonggede;Male;33;5;4;4;4;3;4;4;4;3;4;4;4;4;5;overall good
23/06/2025 16.33;Bogor Timur;Female;42;10;4;4;4;4;4;4;4;5;4;3;5;3;2;improve Transaction Speed
30/06/2025 21.48;Kemang;Male;65;10;4;4;4;4;4;4;5;4;4;5;4;5;4;overall good
23/06/2025 01.18;Dramaga;Female;47;9;4;4;4;3;4;5;4;4;3;4;3;3;4;overall good
11/06/2025 19.50;Bogor Barat;Male;52;9;4;4;3;3;3;3;3;3;3;3;4;3;4;overall good
24/06/2025 08.06;Cibinong;Female;50;1;3;3;4;4;4;3;3;3;3;4;3;4;3;overall good
01/06/2025 07.50;Ciomas;Male;45;9;4;4;4;4;4;4;5;4;4;4;4;4;4;overall good
27/06/2025 22.15;Bojonggede;Female;21;9;4;4;4;4;4;2;4;4;4;3;4;3;4;improve Mobile Banking
29/06/2025 10.22;Bogor Selatan;Male;30;9;4;5;4;4;3;5;5;4;4;3;4;5;4;overall good
10/06/2025 14.28;Bojonggede;Female;23;1;3;4;4;3;2;3;2;3;5;3;3;4;4;improve ATM Service, Internet Banking
09/06/2025 11.03;Dramaga;Male;32;10;4;3;4;4;4;3;4;3;4;4;4;3;4;overall good
02/06/2025 01.02;Ciomas;Female;56;9;4;4;3;3;4;4;3;3;3;3;3;4;3;overall good
07/06/2025 15.54;Baranangsiang;Male;37;0;4;4;4;4;4;3;3;3;4;4;4;4;3;overall good
17/06/2025 10.14;Leuwiliang;Female;62;7;4;4;4;4;4;4;3;4;3;4;4;4;4;overall good
19/06/2025 01.49;Yasmin;Male;40;10;4;4;4;4;4;3;4;4;4;4;4;3;4;overall good
22/06/2025 01.19;Baranangsiang;Female;54;4;4;4;4;4;4;4;3;3;4;3;3;4;4;overall good
10/06/2025 04.56;Bogor Timur;Male;28;9;4;5;4;3;4;4;5;4;4;3;4;3;4;overall good
16/06/2025 10.26;Yasmin;Female;55;10;4;4;4;3;4;4;4;3;4;3;4;4;4;overall good
03/06/2025 05.49;Kemang;Male;48;1;3;4;4;4;4;4;4;3;4;5;4;5;4;overall good
08/06/2025 05.05;Kemang;Female;58;10;3;3;4;4;4;4;4;4;4;3;4;3;4;overall good
07/06/2025 03.20;Ciomas;Male;36;10;4;4;4;4;4;3;4;3;4;4;4;4;3;overall good
04/06/2025 22.50;Ciawi;Female;58;1;4;4;5;5;3;3;4;4;4;5;3;3;5;overall good
25/06/2025 16.34;Caringin;Male;63;7;4;4;4;4;4;3;3;4;3;4;4;4;3;overall good
25/06/2025 04.53;Leuwiliang;Female;62;2;3;4;3;4;3;3;4;4;3;4;2;3;3;improve Branch Cleanliness
26/06/2025 12.13;Ciawi;Male;50;10;3;4;3;4;4;4;4;4;4;4;4;4;4;overall good
29/06/2025 08.23;Caringin;Female;52;10;4;5;4;5;4;5;4;4;4;4;4;4;4;overall good
22/06/2025 22.42;Bogor Barat;Male;34;9;4;4;4;5;4;4;4;3;4;4;5;4;4;overall good
19/06/2025 07.20;Cibinong;Female;46;10;3;3;3;4;4;3;4;3;3;4;3;3;4;overall good
13/06/2025 08.32;Sukaraja;Male;31;2;4;3;4;4;3;4;3;4;4;4;4;3;5;overall good
15/06/2025 07.45;Cijeruk;Female;26;9;3;4;3;4;3;4;4;4;4;4;4;3;4;overall good
23/06/2025 14.03;Babakan Madang;Male;54;9;4;4;4;4;4;4;5;4;3;4;4;4;3;overall good
23/06/2025 16.44;Ciawi;Female;60;10;4;4;4;4;4;4;4;4;4;4;4;3;4;overall good
16/06/2025 09.21;Gunung Putri;Male;47;10;4;4;4;3;4;4;4;4;4;4;4;3;4;overall good
12/06/2025 08.23;Cileungsi;Female;45;10;5;5;4;5;5;4;5;4;4;4;4;5;4;overall good
15/06/2025 07.08;Cileungsi;Male;62;9;4;3;4;3;3;4;4;4;5;4;4;4;4;overall good
14/06/2025 10.03;Ciawi;Female;53;7;4;3;4;4;4;3;4;3;4;4;4;3;5;overall good
02/06/2025 20.36;Cibinong;Male;27;10;4;3;4;4;4;3;4;4;4;3;3;4;3;overall good
13/06/2025 03.17;Cijeruk;Female;33;10;4;3;4;3;3;5;4;4;4;4;3;4;3;overall good
30/06/2025 07.45;Dramaga;Male;64;1;4;4;4;3;4;4;3;4;3;4;4;3;4;overall good
15/06/2025 12.54;Tanah Sareal;Female;55;0;4;4;4;5;5;5;4;5;4;4;5;5;4;overall good
20/06/2025 16.44;Dramaga;Male;43;8;4;4;3;4;3;4;3;4;3;3;4;3;3;overall good
20/06/2025 07.07;Sukaraja;Female;62;9;3;3;3;5;4;4;4;4;4;4;4;4;4;overall good
24/06/2025 00.45;Cibinong;Male;35;7;4;4;3;4;3;4;4;4;4;3;4;4;4;overall good
23/06/2025 09.34;Cibinong;Female;54;8;4;4;4;3;3;3;4;3;3;3;3;3;3;overall good
21/07/2025 19.34;Ciomas;Male;26;9;3;4;4;4;3;4;3;3;4;4;3;4;3;overall good
19/07/2025 04.33;Gunung Putri;Female;34;9;4;4;4;4;4;3;5;5;5;4;4;5;4;overall good
01/07/2025 11.16;Tanah Sareal;Male;57;2;3;4;4;3;4;4;4;4;4;4;4;4;4;overall good
11/07/2025 22.42;Caringin;Female;63;2;4;4;3;3;4;3;4;4;4;3;4;4;4;overall good
27/07/2025 02.21;Gunung Putri;Male;48;3;3;3;4;2;4;4;2;3;3;3;3;3;3;improve Account Opening, Internet Banking
07/07/2025 18.06;Dramaga;Female;41;7;4;4;4;4;3;3;4;4;4;4;3;4;4;overall good
19/07/2025 12.16;Tanah Sareal;Male;42;8;4;3;4;4;3;3;3;3;4;3;4;4;4;overall good
10/07/2025 03.25;Yasmin;Female;46;10;4;3;4;3;4;3;4;4;4;4;3;3;4;overall good
15/07/2025 18.56;Caringin;Male;27;10;4;4;3;4;4;4;4;4;3;4;4;4;3;overall good
02/07/2025 13.21;Bogor Timur;Female;31;9;4;3;3;4;4;3;4;4;4;4;4;4;5;overall good
04/07/2025 08.57;Kemang;Male;52;9;4;3;4;5;4;3;4;3;3;4;3;3;4;overall good
26/07/2025 10.57;Leuwiliang;Female;39;10;3;3;4;3;3;4;4;4;4;3;4;4;3;overall good
09/07/2025 08.11;Bogor Timur;Male;50;9;3;3;4;3;4;4;4;4;4;4;3;3;4;overall good
07/07/2025 06.27;Ciomas;Female;47;9;4;4;4;4;4;3;4;5;4;5;3;4;3;overall good
19/07/2025 21.12;Cijeruk;Male;47;9;4;4;4;4;4;4;4;3;5;4;4;4;3;overall good
21/07/2025 23.33;Yasmin;Female;29;2;4;4;4;4;5;5;4;5;3;4;4;5;4;overall good
29/07/2025 12.28;Caringin;Male;31;2;3;4;3;3;4;3;3;4;3;3;3;4;3;overall good
14/07/2025 08.54;Yasmin;Female;53;3;3;3;3;3;3;3;3;3;4;2;3;2;3;improve Complaint Handling, Staff Friendliness
04/07/2025 02.31;Yasmin;Male;21;3;3;3;3;3;3;3;3;4;4;3;4;4;3;overall good
16/07/2025 23.11;Leuwiliang;Female;59;4;4;4;4;4;4;5;4;4;4;5;3;3;4;overall good
05/07/2025 10.08;Sukaraja;Male;52;9;4;4;4;4;4;4;5;5;4;4;5;4;3;overall good
17/07/2025 20.01;Dramaga;Female;62;3;3;4;4;4;4;4;5;4;4;4;3;3;5;overall good
09/07/2025 12.02;Dramaga;Male;46;6;3;4;4;4;5;4;3;4;3;4;3;3;4;overall good
23/07/2025 05.24;Gunung Putri;Female;36;10;4;3;4;4;3;3;4;4;4;4;4;4;4;overall good
20/07/2025 02.31;Leuwiliang;Male;63;9;3;3;4;3;3;3;4;3;4;4;3;3;4;overall good
14/07/2025 06.58;Bogor Barat;Female;36;1;4;4;4;4;4;4;4;4;4;3;3;5;4;overall good
11/07/2025 13.07;Cijeruk;Male;39;7;5;4;4;4;3;3;4;4;5;4;5;4;5;overall good
06/07/2025 21.14;Caringin;Female;47;4;4;4;4;5;4;4;4;5;4;5;4;4;4;overall good
20/07/2025 21.47;Bojonggede;Male;25;8;4;5;4;3;5;3;5;5;4;4;5;4;5;overall good
23/07/2025 10.27;Babakan Madang;Female;31;9;5;4;4;4;4;4;4;5;4;4;4;4;4;overall good
19/07/2025 12.04;Bogor Tengah;Male;25;8;4;5;4;3;4;4;4;4;4;5;4;4;4;overall good
02/07/2025 20.00;Ciomas;Female;46;3;3;3;3;3;4;4;4;3;3;4;5;4;5;overall good
16/07/2025 21.06;Bogor Tengah;Male;37;9;4;3;4;4;4;4;4;4;5;4;4;4;4;overall good
27/07/2025 14.57;Babakan Madang;Female;52;9;4;3;4;4;4;3;5;4;5;4;4;3;5;overall good
08/07/2025 20.00;Cibinong;Male;49;10;3;4;4;4;3;3;5;4;3;3;4;4;4;overall good
15/07/2025 06.42;Baranangsiang;Female;22;7;4;4;4;4;4;4;4;3;4;4;5;4;4;overall good
04/07/2025 18.23;Bogor Selatan;Male;55;1;3;3;4;4;3;3;3;3;4;3;3;5;3;overall good
18/07/2025 09.12;Bogor Tengah;Female;64;10;4;4;3;3;3;3;4;4;4;4;3;4;4;overall good
22/07/2025 11.02;Baranangsiang;Male;34;7;4;4;4;3;4;4;4;4;3;4;4;3;4;overall good
05/07/2025 23.45;Bogor Barat;Female;61;5;4;4;4;4;4;4;4;4;3;3;4;3;4;overall good
30/07/2025 00.57;Leuwiliang;Male;65;9;4;5;4;4;4;4;4;5;4;5;4;3;4;overall good
13/07/2025 02.55;Bogor Tengah;Female;24;7;4;3;2;5;3;3;4;3;4;3;3;4;4;overall good
21/07/2025 11.17;Bojonggede;Male;36;9;4;4;4;4;4;3;4;5;4;4;4;4;4;overall good
04/07/2025 01.36;Bogor Tengah;Female;21;9;4;4;4;4;4;4;4;5;4;4;4;4;5;overall good
09/07/2025 02.37;Cibinong;Male;27;7;4;3;3;4;5;4;5;4;3;4;3;3;3;overall good
16/07/2025 15.56;Bogor Barat;Female;47;8;4;3;3;3;3;2;5;3;3;2;2;4;4;improve Mobile Banking, Complaint Handling, Branch Cleanliness
27/07/2025 07.07;Cijeruk;Male;61;9;4;5;4;4;4;3;3;4;4;3;4;4;4;overall good
06/07/2025 03.21;Leuwiliang;Female;48;9;4;5;4;5;4;4;4;4;4;4;4;4;3;overall good
16/07/2025 08.26;Bojonggede;Male;41;10;4;3;4;4;4;4;5;4;4;4;4;4;4;overall good
04/07/2025 04.54;Bogor Tengah;Female;45;9;4;5;4;5;5;3;5;5;5;5;5;4;5;overall good
04/07/2025 06.26;Cileungsi;Male;62;7;4;3;3;3;3;4;3;3;3;4;3;4;4;overall good
05/07/2025 22.37;Yasmin;Female;47;10;4;4;4;3;4;4;4;3;5;4;3;3;4;overall good
30/07/2025 02.53;Cijeruk;Male;57;9;4;4;4;5;4;5;5;4;5;5;4;4;4;overall good
07/07/2025 10.52;Ciomas;Female;61;5;3;4;4;4;3;4;4;3;4;3;3;4;3;overall good
24/07/2025 09.43;Ciomas;Male;32;8;4;5;4;4;4;4;5;5;5;4;5;3;5;overall good
19/07/2025 13.29;Bogor Timur;Female;42;10;3;3;3;3;3;4;3;3;3;3;4;3;4;overall good
12/07/2025 07.00;Ciawi;Male;61;7;4;5;4;4;4;4;4;4;4;4;4;4;5;overall good
15/07/2025 23.50;Bogor Tengah;Female;60;0;3;3;3;3;3;4;3;3;4;4;4;4;3;overall good
03/07/2025 21.48;Cibinong;Male;48;7;4;4;4;5;5;4;4;5;5;5;4;5;4;overall good
08/07/2025 08.42;Tanah Sareal;Female;44;7;4;4;4;4;5;4;4;5;5;3;4;5;4;overall good
30/07/2025 00.48;Leuwiliang;Male;34;7;4;4;5;4;4;4;4;4;5;4;5;4;3;overall good
02/07/2025 22.08;Babakan Madang;Female;42;10;4;4;4;4;4;4;4;4;5;3;4;5;4;overall good
02/07/2025 03.36;Ciawi;Male;47;8;4;4;4;4;4;5;4;3;5;3;4;4;3;overall good
27/07/2025 04.20;Cibinong;Female;42;9;4;3;4;4;3;4;4;4;4;4;3;4;4;overall good
11/07/2025 19.09;Bogor Barat;Male;63;6;4;3;3;4;4;4;4;4;4;3;4;3;4;overall good
22/07/2025 11.23;Kemang;Female;45;7;3;4;4;4;4;4;3;3;4;3;5;4;5;overall good
10/07/2025 08.14;Bogor Tengah;Male;25;0;3;3;3;2;3;4;3;3;3;4;3;4;4;improve Account Opening
07/07/2025 02.17;Bogor Barat;Female;61;1;4;3;4;4;4;4;4;4;3;3;3;4;3;overall good
12/07/2025 11.19;Bogor Timur;Male;32;7;4;4;5;3;4;4;4;3;3;4;3;4;4;overall good
16/07/2025 02.52;Ciawi;Female;26;10;4;4;4;4;5;4;4;4;3;5;3;4;4;overall good
30/07/2025 09.52;Baranangsiang;Male;33;9;4;4;4;4;3;3;3;3;3;4;3;3;4;overall good
31/07/2025 20.31;Cibinong;Female;40;10;3;4;4;4;3;5;4;3;4;4;5;4;4;overall good
04/07/2025 21.13;Yasmin;Male;38;3;4;3;3;4;3;4;5;3;3;4;3;4;3;overall good
22/07/2025 10.14;Bojonggede;Female;46;10;4;4;4;4;4;4;4;5;4;4;4;5;3;overall good
08/07/2025 13.36;Gunung Putri;Male;53;8;4;5;4;5;4;3;4;4;4;4;4;3;4;overall good
05/07/2025 00.58;Caringin;Female;22;3;3;4;4;3;4;3;3;3;3;4;4;3;4;overall good
13/07/2025 11.45;Dramaga;Male;59;7;3;4;3;4;3;4;4;4;3;3;3;4;4;overall good
19/07/2025 05.04;Leuwiliang;Female;50;10;4;4;4;4;4;4;4;4;4;4;4;3;4;overall good
07/07/2025 15.12;Cijeruk;Male;59;8;4;4;4;4;4;4;4;4;4;5;4;4;4;overall good
01/07/2025 04.52;Caringin;Female;33;9;4;4;4;3;3;3;4;4;5;4;4;3;4;overall good
24/07/2025 20.35;Bogor Tengah;Male;53;8;5;5;5;5;4;4;4;5;4;4;4;5;4;overall good
19/07/2025 02.44;Leuwiliang;Female;47;5;4;5;3;4;3;4;4;4;4;4;4;4;4;overall good
20/07/2025 20.16;Leuwiliang;Male;52;9;4;4;4;4;4;3;4;4;4;3;4;4;4;overall good
10/07/2025 10.17;Bogor Barat;Female;28;9;4;3;4;3;4;4;4;4;3;4;4;3;4;overall good
25/07/2025 17.44;Gunung Putri;Male;37;8;4;4;4;3;4;4;3;5;3;4;4;4;4;overall good
19/07/2025 16.56;Caringin;Female;61;7;4;4;3;3;4;4;4;4;4;4;5;5;4;overall good
18/07/2025 13.04;Gunung Putri;Male;36;9;4;4;4;3;5;4;5;4;4;5;4;4;3;overall good
13/07/2025 16.28;Bogor Tengah;Female;65;7;4;4;4;4;3;4;4;3;4;4;4;5;3;overall good
13/07/2025 08.16;Kemang;Male;50;1;4;4;4;4;4;4;4;4;3;4;4;3;3;overall good
01/07/2025 14.22;Cibinong;Female;59;7;3;4;3;3;4;4;4;4;5;4;4;5;4;overall good
20/07/2025 07.18;Bogor Selatan;Male;26;3;3;3;3;4;3;4;3;3;4;4;3;3;4;overall good
21/07/2025 12.45;Sukaraja;Female;26;7;4;5;5;5;4;5;4;4;5;4;4;3;4;overall good
25/07/2025 07.17;Baranangsiang;Male;48;10;4;3;3;5;4;4;5;4;3;3;4;2;3;improve Staff Friendliness
15/07/2025 22.49;Cijeruk;Female;63;4;3;3;3;4;4;3;5;3;4;3;4;4;4;overall good
07/07/2025 22.16;Gunung Putri;Male;26;10;3;4;3;4;4;5;4;4;4;3;4;4;3;overall good
15/07/2025 22.57;Cileungsi;Female;34;3;3;3;3;3;4;4;4;3;4;3;3;4;4;overall good
05/07/2025 16.51;Bogor Tengah;Male;31;0;3;3;4;3;4;4;4;3;4;3;4;3;3;overall good
14/07/2025 23.56;Bogor Timur;Female;65;10;4;4;4;5;3;5;4;4;3;4;4;4;5;overall good
07/07/2025 12.30;Gunung Putri;Male;31;9;5;4;4;4;4;5;4;5;5;5;3;4;4;overall good
22/07/2025 21.03;Yasmin;Female;52;9;4;4;4;3;4;3;4;4;4;4;4;5;4;overall good
09/07/2025 20.53;Sukaraja;Male;34;9;4;3;4;4;4;4;4;4;4;4;4;4;4;overall good
20/07/2025 20.16;Yasmin;Female;37;6;3;3;4;4;4;5;4;4;4;4;4;4;4;overall good
31/07/2025 21.29;Babakan Madang;Male;61;7;5;4;5;5;4;5;4;5;5;4;5;5;5;overall good
07/07/2025 01.15;Baranangsiang;Female;26;10;5;5;4;4;5;4;5;4;4;4;5;4;4;overall good
24/07/2025 04.47;Cileungsi;Male;25;9;4;4;4;5;4;4;4;4;4;3;5;4;5;overall good
03/07/2025 23.08;Caringin;Female;64;0;3;4;4;4;3;4;4;3;4;4;3;4;3;overall good
03/07/2025 00.46;Cileungsi;Male;21;6;3;3;2;3;3;3;2;3;2;2;4;2;4;improve Internet Banking, Loan Application, Complaint Handling, Staff Friendliness
19/07/2025 05.40;Bogor Selatan;Female;34;7;4;4;4;4;5;4;4;4;3;5;5;5;5;overall good
13/07/2025 21.43;Kemang;Male;54;6;4;3;4;4;4;4;3;3;4;4;4;4;4;overall good
17/07/2025 08.06;Caringin;Female;51;8;4;4;4;4;4;4;4;4;4;4;5;5;3;overall good
12/07/2025 15.09;Bojonggede;Male;64;2;3;4;4;4;3;3;4;4;4;5;5;5;3;overall good
18/07/2025 06.48;Bojonggede;Female;63;9;4;4;4;5;5;4;4;5;4;4;4;5;5;overall good
07/07/2025 17.47;Ciomas;Male;27;10;4;4;4;3;4;3;3;4;4;4;3;4;4;overall good
13/07/2025 01.34;Bogor Tengah;Female;59;10;4;4;3;4;4;4;4;4;4;5;4;4;4;overall good
25/07/2025 23.55;Bojonggede;Male;49;8;4;3;4;3;3;4;4;4;4;4;4;3;4;overall good
01/07/2025 19.22;Gunung Putri;Female;63;10;3;3;3;3;3;2;4;3;2;3;3;3;4;improve Mobile Banking, Loan Application
16/07/2025 19.15;Bojonggede;Male;23;5;3;4;4;4;2;3;4;4;4;3;3;5;4;improve ATM Service
30/07/2025 17.43;Babakan Madang;Female;35;8;4;4;4;3;3;4;4;4;4;4;5;4;4;overall good
05/07/2025 21.02;Bogor Timur;Male;43;10;5;5;5;5;4;4;5;4;5;5;4;4;5;overall good
26/07/2025 05.54;Leuwiliang;Female;39;7;4;4;4;4;4;3;3;3;4;4;4;4;4;overall good
05/07/2025 05.28;Sukaraja;Male;53;10;3;3;3;4;3;3;4;4;4;4;4;3;5;overall good
23/07/2025 15.51;Dramaga;Female;64;6;4;4;4;4;4;4;4;4;4;4;4;5;4;overall good
27/07/2025 05.55;Baranangsiang;Male;49;3;4;4;3;3;4;5;4;4;4;4;4;4;3;overall good
06/07/2025 02.52;Cibinong;Female;36;9;4;4;3;3;3;4;4;3;4;3;4;5;3;overall good
19/07/2025 14.47;Gunung Putri;Male;22;10;4;4;4;4;4;5;4;4;5;4;4;4;4;overall good
06/07/2025 23.25;Cileungsi;Female;35;8;4;4;3;3;5;3;3;3;5;3;3;3;4;overall good
05/07/2025 09.22;Tanah Sareal;Male;55;8;4;4;3;4;4;3;4;3;4;4;3;4;5;overall good
30/07/2025 03.50;Ciomas;Female;35;6;3;4;4;4;4;4;3;4;5;4;3;4;3;overall good
28/07/2025 06.39;Bogor Timur;Male;62;10;3;3;4;4;3;4;3;3;4;4;4;4;4;overall good
15/07/2025 03.00;Gunung Putri;Female;35;9;4;4;4;4;4;4;4;4;4;4;3;4;4;overall good
06/07/2025 15.16;Bogor Timur;Male;28;9;4;4;4;4;4;4;4;4;4;4;4;4;4;overall good
19/07/2025 10.57;Sukaraja;Female;44;10;3;3;4;3;4;3;3;4;4;3;2;3;4;improve Branch Cleanliness
19/07/2025 20.13;Sukaraja;Male;21;9;3;3;3;3;3;3;3;3;4;4;3;3;3;overall good
07/07/2025 03.09;Gunung Putri;Female;41;6;3;3;3;4;3;2;3;3;3;3;3;3;3;improve Mobile Banking
06/07/2025 04.10;Ciawi;Male;63;1;3;4;4;3;3;4;4;3;4;3;4;4;3;overall good
16/07/2025 08.04;Leuwiliang;Female;21;8;4;4;4;4;3;5;4;2;4;3;4;3;4;improve Customer Service
23/07/2025 03.01;Tanah Sareal;Male;39;3;4;4;4;4;4;4;4;4;5;4;3;4;4;overall good
30/07/2025 01.44;Tanah Sareal;Female;59;9;3;3;3;3;3;3;2;4;3;3;3;4;3;improve Internet Banking
14/07/2025 06.35;Ciomas;Male;40;7;3;4;4;4;3;3;4;2;3;5;5;4;4;improve Customer Service
25/07/2025 00.44;Sukaraja;Female;51;1;3;3;3;3;4;3;3;4;3;3;3;3;3;overall good
08/07/2025 09.54;Dramaga;Male;45;10;4;3;4;4;4;3;3;4;4;4;3;4;4;overall good
09/07/2025 16.34;Yasmin;Female;35;0;3;4;3;4;4;4;4;3;3;4;4;4;4;overall good
02/07/2025 01.07;Caringin;Male;46;9;5;4;4;4;3;3;4;3;5;4;4;5;4;overall good
17/07/2025 21.48;Cijeruk;Female;46;10;3;4;3;4;4;4;4;4;3;4;3;4;3;overall good
14/07/2025 16.58;Leuwiliang;Male;46;10;4;4;4;4;5;4;4;4;4;5;5;3;4;overall good
05/07/2025 17.23;Yasmin;Female;65;3;4;4;4;3;3;4;4;4;3;3;4;4;4;overall good
15/07/2025 18.16;Tanah Sareal;Male;41;7;4;4;4;4;5;3;4;5;3;4;4;4;3;overall good
22/07/2025 10.49;Babakan Madang;Female;62;9;4;4;4;4;4;5;5;4;5;4;4;4;5;overall good
11/07/2025 14.08;Caringin;Male;39;1;4;3;4;3;4;4;4;3;3;3;3;3;3;overall good
08/07/2025 03.58;Yasmin;Female;62;9;4;3;5;4;4;5;5;4;4;4;3;4;4;overall good
03/07/2025 17.37;Leuwiliang;Male;48;7;4;4;4;3;4;5;3;4;4;4;4;4;4;overall good
03/07/2025 13.08;Bogor Selatan;Female;43;1;4;3;3;4;4;3;3;3;3;4;3;4;4;overall good
08/07/2025 05.05;Bogor Selatan;Male;53;8;4;4;4;4;5;4;4;4;4;5;4;4;4;overall good
20/07/2025 06.07;Leuwiliang;Female;36;9;4;3;4;3;4;2;3;3;2;4;4;3;3;improve Mobile Banking, Loan Application
19/07/2025 05.20;Caringin;Male;40;1;3;4;4;4;4;4;4;4;3;4;4;5;4;overall good
19/07/2025 13.10;Bogor Timur;Female;50;5;4;4;3;3;3;4;4;4;3;4;4;3;4;overall good
01/07/2025 13.31;Cileungsi;Male;61;2;3;3;3;4;3;4;3;3;4;2;3;3;2;improve Complaint Handling, Transaction Speed
25/07/2025 17.54;Bogor Selatan;Female;28;10;3;3;4;3;3;3;3;3;3;4;3;3;4;overall good
14/07/2025 06.54;Cibinong;Male;22;8;4;4;4;4;4;4;4;3;4;4;4;4;4;overall good
22/07/2025 01.14;Bogor Selatan;Female;58;10;4;5;4;4;4;4;5;5;5;4;4;4;4;overall good
04/07/2025 01.58;Dramaga;Male;57;10;4;4;4;3;4;4;5;4;4;4;3;4;5;overall good
20/07/2025 02.48;Cijeruk;Female;32;7;3;3;3;4;3;4;3;3;3;4;3;4;3;overall good
04/07/2025 02.29;Cijeruk;Male;55;8;4;4;4;4;3;3;3;4;3;4;4;4;4;overall good
11/07/2025 01.42;Ciawi;Female;58;9;5;5;4;5;4;5;5;5;4;5;4;5;4;overall good
09/07/2025 17.38;Bogor Selatan;Male;32;5;3;3;4;3;5;4;4;4;4;3;3;3;4;overall good
06/07/2025 23.21;Bogor Tengah;Female;56;10;4;4;5;4;4;4;3;4;4;4;4;3;4;overall good
05/07/2025 06.19;Bogor Barat;Male;29;7;4;4;3;4;4;4;3;4;3;4;3;3;3;overall good
05/07/2025 02.34;Cijeruk;Female;37;7;5;4;5;3;3;4;4;3;4;4;3;3;4;overall good
21/07/2025 12.53;Bogor Selatan;Male;53;9;4;3;3;4;4;4;4;4;4;4;4;3;4;overall good
26/07/2025 22.16;Bogor Tengah;Female;36;10;4;3;4;3;5;4;4;4;4;3;4;4;5;overall good
26/07/2025 08.57;Babakan Madang;Male;29;10;5;4;5;4;5;4;4;4;3;4;4;5;4;overall good
05/07/2025 19.21;Bojonggede;Female;59;7;3;4;4;4;4;5;3;3;4;4;3;4;5;overall good
15/07/2025 13.11;Bogor Barat;Male;36;9;4;3;4;3;3;4;5;4;4;5;4;4;5;overall good
29/07/2025 17.28;Yasmin;Female;29;1;3;4;3;4;3;4;4;4;4;4;4;4;4;overall good
04/07/2025 14.38;Bojonggede;Male;38;10;3;4;4;3;4;3;3;3;4;3;3;4;3;overall good
20/07/2025 10.06;Cijeruk;Female;37;9;3;4;3;3;3;3;3;5;2;3;4;3;4;improve Loan Application
21/07/2025 15.33;Babakan Madang;Male;26;5;4;3;3;3;4;4;4;4;3;3;3;5;4;overall good
31/07/2025 17.38;Tanah Sareal;Female;55;10;5;4;4;4;4;4;4;3;5;4;4;5;4;overall good
21/07/2025 08.58;Yasmin;Male;44;7;4;4;4;4;4;4;4;4;4;3;4;4;3;overall good
19/07/2025 09.29;Tanah Sareal;Female;41;8;5;4;4;4;5;3;4;3;5;4;5;5;4;overall good
07/07/2025 01.11;Bogor Tengah;Male;59;10;4;4;3;3;3;3;4;4;4;4;3;4;4;overall good
04/07/2025 04.50;Cijeruk;Female;28;8;4;4;4;4;4;3;4;4;4;3;3;4;4;overall good
14/07/2025 06.21;Ciomas;Male;61;10;4;4;4;4;4;3;4;3;4;4;5;3;4;overall good
19/07/2025 07.25;Tanah Sareal;Female;35;9;4;4;5;4;4;4;4;4;4;4;4;4;4;overall good
06/07/2025 23.53;Cibinong;Male;45;6;3;4;4;3;3;4;4;4;4;4;3;3;4;overall good
29/07/2025 14.01;Baranangsiang;Female;54;8;5;5;5;5;5;5;5;4;4;5;5;4;4;overall good
27/07/2025 18.35;Caringin;Male;27;8;4;4;4;4;4;3;4;5;4;4;5;4;4;overall good
09/07/2025 06.56;Cileungsi;Female;59;9;4;4;4;4;4;4;4;5;5;5;5;4;3;overall good
24/07/2025 03.35;Ciomas;Male;45;10;4;4;4;4;2;4;4;4;4;3;3;4;4;improve ATM Service
07/07/2025 03.13;Sukaraja;Female;29;9;4;4;4;5;3;4;4;4;4;4;4;4;5;overall good
03/07/2025 13.35;Tanah Sareal;Male;45;8;3;4;3;5;4;3;3;3;4;3;3;4;4;overall good
23/07/2025 05.21;Bojonggede;Female;36;8;4;3;3;4;4;2;3;3;3;4;3;3;3;improve Mobile Banking
23/07/2025 18.02;Baranangsiang;Male;49;6;4;4;4;4;4;4;4;4;3;4;4;4;4;overall good
26/07/2025 06.32;Ciawi;Female;39;10;4;4;4;3;4;4;5;4;3;4;4;4;4;overall good
15/07/2025 20.07;Cibinong;Male;40;7;4;4;4;5;5;4;4;5;4;4;3;3;4;overall good
04/07/2025 20.35;Gunung Putri;Female;41;5;4;4;4;4;4;5;4;5;4;4;4;4;4;overall good
28/07/2025 22.17;Bogor Timur;Male;36;1;4;4;5;3;5;4;4;4;4;4;4;5;4;overall good
01/07/2025 12.27;Bogor Barat;Female;26;8;4;4;3;4;3;3;3;2;3;4;4;3;4;improve Customer Service
24/07/2025 06.50;Gunung Putri;Male;64;7;3;5;3;4;3;4;3;3;4;4;4;4;5;overall good
20/07/2025 16.24;Caringin;Female;53;7;4;3;4;4;4;4;3;4;4;3;4;3;4;overall good
21/07/2025 15.08;Bogor Tengah;Male;60;9;5;5;4;5;5;4;4;5;5;4;4;4;3;overall good
30/07/2025 11.38;Cijeruk;Female;43;9;4;3;4;4;5;4;5;4;4;4;4;3;4;overall good
26/07/2025 09.56;Babakan Madang;Male;31;6;3;4;4;4;3;4;4;4;4;4;3;4;4;overall good
25/07/2025 22.29;Cibinong;Female;32;9;3;3;3;4;3;3;3;4;4;4;3;4;3;overall good
09/07/2025 06.37;Bojonggede;Male;24;10;4;4;4;5;4;5;5;3;4;4;5;4;4;overall good
27/07/2025 04.07;Bojonggede;Female;28;9;4;3;3;4;3;3;3;3;4;3;4;3;3;overall good
13/07/2025 20.27;Bogor Selatan;Male;39;10;5;5;4;4;4;5;5;5;4;5;5;4;4;overall good
20/07/2025 02.36;Yasmin;Female;21;4;3;4;4;3;4;3;4;4;4;4;4;4;5;overall good
26/07/2025 00.38;Yasmin;Male;40;5;4;3;3;3;3;4;3;4;3;4;4;4;3;overall good
24/07/2025 16.52;Bogor Barat;Female;50;6;4;3;4;4;4;5;4;4;4;4;4;3;3;overall good
16/07/2025 22.47;Bogor Barat;Male;43;10;4;4;4;4;4;4;4;3;4;3;4;4;4;overall good
10/07/2025 00.53;Dramaga;Female;43;10;3;4;4;4;5;3;4;5;3;4;4;4;3;overall good
24/07/2025 21.16;Leuwiliang;Male;43;10;4;5;4;5;3;4;5;4;4;4;4;4;4;overall good
20/07/2025 22.31;Yasmin;Female;26;7;4;5;3;4;4;4;4;3;4;4;5;5;3;overall good
11/07/2025 23.25;Bogor Selatan;Male;52;10;4;3;4;3;4;3;3;4;5;3;4;4;4;overall good
21/07/2025 19.03;Caringin;Female;46;10;4;3;4;4;3;3;3;4;4;4;3;3;4;overall good
22/07/2025 06.58;Baranangsiang;Male;55;0;4;4;4;3;3;4;3;4;3;3;3;5;4;overall good
01/07/2025 06.46;Babakan Madang;Female;31;10;4;4;4;5;4;4;4;4;3;3;3;3;5;overall good
02/07/2025 22.54;Bojonggede;Male;33;10;4;4;3;5;5;3;5;3;3;5;4;4;5;overall good
02/07/2025 12.49;Tanah Sareal;Female;46;10;4;4;4;4;4;3;4;4;5;4;4;4;4;overall good
13/07/2025 21.40;Baranangsiang;Male;63;10;4;2;3;4;3;4;3;3;4;3;4;4;3;overall good
07/07/2025 04.28;Bogor Selatan;Female;47;8;4;4;3;4;4;4;4;4;4;4;4;4;4;overall good
07/07/2025 09.06;Ciomas;Male;46;8;3;3;3;3;3;4;4;3;4;4;4;3;3;overall good
08/07/2025 13.13;Bogor Selatan;Female;27;7;4;5;4;3;3;4;3;4;3;3;4;3;4;overall good
03/07/2025 12.37;Bojonggede;Male;53;9;4;4;4;3;3;4;4;4;3;3;4;5;4;overall good
01/07/2025 09.21;Ciomas;Female;48;5;4;5;4;3;4;4;3;4;3;3;4;4;4;overall good
05/07/2025 00.15;Gunung Putri;Male;51;10;3;4;4;3;3;3;4;3;3;3;4;4;4;overall good
13/07/2025 02.38;Gunung Putri;Female;36;7;4;4;4;4;5;4;4;3;4;3;4;3;4;overall good
13/07/2025 00.11;Cileungsi;Male;28;5;4;3;4;3;4;3;3;4;3;3;3;3;3;overall good
25/07/2025 09.15;Gunung Putri;Female;33;9;4;4;4;5;5;4;5;4;5;4;4;3;4;overall good
12/07/2025 03.15;Kemang;Male;32;9;4;3;4;4;3;4;4;4;4;3;3;5;4;overall good
10/07/2025 07.54;Bogor Selatan;Female;29;10;4;4;4;4;4;4;4;4;4;4;5;4;4;overall good
05/07/2025 09.56;Tanah Sareal;Male;48;9;4;4;4;4;3;3;4;4;4;4;4;4;4;overall good
31/07/2025 17.51;Bogor Barat;Female;45;8;3;4;4;5;4;4;4;3;5;5;4;4;5;overall good
03/07/2025 23.28;Cibinong;Male;35;10;4;5;5;4;4;4;4;3;4;3;4;3;4;overall good
06/07/2025 08.13;Ciawi;Female;48;8;5;4;4;4;4;4;4;5;5;4;4;5;4;overall good
21/07/2025 07.05;Cileungsi;Male;44;10;4;4;3;5;4;4;3;4;4;4;5;4;4;overall good
02/07/2025 23.38;Cibinong;Female;41;1;4;4;4;4;5;4;4;4;5;4;4;4;4;overall good
11/07/2025 06.58;Bogor Tengah;Male;24;8;4;4;3;4;3;3;3;4;3;3;4;4;3;overall good
21/07/2025 22.02;Dramaga;Female;51;9;3;3;4;3;2;5;3;3;3;3;3;4;4;improve ATM Service
17/07/2025 05.28;Baranangsiang;Male;37;2;4;3;4;4;3;4;3;4;3;4;4;4;5;overall good
27/07/2025 18.51;Dramaga;Female;28;9;4;5;5;5;5;4;4;4;5;5;4;5;4;overall good
29/07/2025 14.07;Tanah Sareal;Male;42;10;4;4;4;3;4;4;4;3;3;4;4;4;4;overall good
11/07/2025 04.42;Ciawi;Female;59;10;5;4;5;5;5;5;5;4;5;5;5;4;4;overall good
07/07/2025 08.01;Sukaraja;Male;45;9;3;4;3;3;4;4;4;2;3;2;3;4;3;improve Customer Service, Complaint Handling
10/07/2025 08.46;Kemang;Female;28;9;4;5;4;4;3;5;4;4;4;4;4;5;5;overall good
15/07/2025 15.14;Babakan Madang;Male;27;10;4;4;3;4;4;4;4;3;3;4;5;4;4;overall good
03/07/2025 03.02;Caringin;Female;33;7;4;4;4;5;3;4;4;4;4;4;4;3;4;overall good
28/07/2025 04.51;Tanah Sareal;Male;33;10;4;4;4;4;4;3;3;3;3;4;3;4;4;overall good
22/07/2025 04.07;Bojonggede;Female;44;9;4;3;4;3;4;4;3;3;3;4;4;4;3;overall good
09/07/2025 02.29;Bogor Timur;Male;51;9;4;4;3;3;3;4;4;3;4;4;3;3;3;overall good
15/07/2025 01.28;Kemang;Female;38;7;4;3;4;4;3;4;3;3;3;4;4;3;4;overall good
20/07/2025 07.06;Bogor Barat;Male;57;9;4;4;3;4;4;4;4;3;4;3;4;3;4;overall good
09/07/2025 00.50;Caringin;Female;64;7;4;4;4;3;4;5;4;3;4;4;3;4;4;overall good
20/07/2025 11.01;Babakan Madang;Male;53;8;3;3;3;3;3;3;3;3;3;4;4;4;3;overall good
08/07/2025 18.25;Kemang;Female;38;9;4;4;4;4;4;4;5;4;5;4;3;5;5;overall good
25/07/2025 21.27;Sukaraja;Male;34;7;4;4;4;4;3;2;4;3;4;3;3;3;4;improve Mobile Banking
15/07/2025 17.29;Babakan Madang;Female;53;8;4;4;4;4;5;5;4;5;3;4;4;3;5;overall good
09/07/2025 07.21;Cibinong;Male;39;7;4;4;4;5;4;4;5;3;4;3;4;4;4;overall good
02/07/2025 21.32;Cibinong;Female;23;8;4;3;3;4;3;4;4;3;3;3;3;4;4;overall good
03/07/2025 12.01;Tanah Sareal;Male;38;2;4;4;4;4;3;4;4;3;4;4;3;5;4;overall good
17/07/2025 20.49;Cibinong;Female;34;7;4;4;4;4;4;4;5;4;4;4;5;3;4;overall good
07/07/2025 11.40;Kemang;Male;44;10;4;4;4;3;4;4;3;4;3;4;4;3;4;overall good
31/07/2025 09.17;Gunung Putri;Female;60;9;4;4;3;3;3;4;4;4;3;4;4;3;4;overall good
09/07/2025 13.54;Bogor Tengah;Male;43;10;3;3;3;3;4;3;3;3;3;4;4;4;3;overall good
19/07/2025 13.02;Cileungsi;Female;22;7;4;4;4;3;4;4;3;4;4;3;3;3;3;overall good
22/07/2025 11.10;Cileungsi;Male;61;7;4;4;4;4;4;3;4;4;4;4;4;4;4;overall good
08/07/2025 13.20;Cibinong;Female;41;10;4;4;4;4;3;4;4;4;4;4;5;4;3;overall good
18/07/2025 21.29;Babakan Madang;Male;35;8;4;4;4;5;3;4;4;4;5;4;4;5;4;overall good
23/07/2025 07.13;Tanah Sareal;Female;51;9;4;4;4;4;5;4;4;4;3;4;4;4;4;overall good
09/07/2025 18.11;Baranangsiang;Male;32;10;3;3;3;4;4;3;3;3;3;3;4;3;4;overall good
20/07/2025 03.16;Dramaga;Female;22;9;4;3;3;4;3;4;4;5;3;3;4;3;3;overall good
21/07/2025 16.47;Kemang;Male;33;9;4;4;4;4;4;4;4;4;4;4;3;4;4;overall good
05/07/2025 20.46;Cibinong;Female;50;3;3;3;3;3;3;2;3;4;4;3;3;4;3;improve Mobile Banking
01/07/2025 13.44;Ciawi;Male;29;6;3;3;4;4;4;5;4;3;3;4;4;4;2;improve Transaction Speed
06/07/2025 08.12;Kemang;Female;27;9;4;3;4;4;5;4;4;3;4;3;4;4;4;overall good
13/07/2025 01.20;Bogor Tengah;Male;62;1;3;3;3;4;4;3;3;4;3;3;4;4;3;overall good
01/07/2025 10.56;Bogor Timur;Female;38;9;4;4;4;4;4;4;4;4;4;3;4;4;3;overall good
05/07/2025 02.59;Bogor Selatan;Male;55;8;4;3;3;3;4;3;3;3;4;4;3;4;3;overall good
08/07/2025 22.04;Yasmin;Female;29;8;3;4;3;3;4;3;4;3;3;4;3;4;4;overall good
03/07/2025 17.05;Dramaga;Male;42;9;4;3;3;4;3;3;3;4;3;4;3;4;3;overall good
02/07/2025 00.42;Cijeruk;Female;65;9;4;3;4;3;3;4;4;4;3;2;4;3;4;improve Complaint Handling
25/07/2025 19.59;Bogor Barat;Male;27;7;4;4;5;4;4;3;5;3;5;4;4;4;4;overall good
02/07/2025 03.57;Gunung Putri;Female;30;9;3;4;4;3;4;4;3;3;4;4;3;5;4;overall good
14/07/2025 22.12;Cibinong;Male;48;10;4;4;4;4;5;4;5;4;4;5;4;4;4;overall good
24/07/2025 21.00;Cibinong;Female;64;9;4;4;4;3;4;4;4;4;3;4;5;4;4;overall good
18/07/2025 08.17;Baranangsiang;Male;28;10;4;3;3;4;4;4;4;3;4;3;4;3;3;overall good
05/07/2025 02.48;Bogor Timur;Female;60;10;3;4;3;3;4;4;4;4;3;3;4;3;3;overall good
26/07/2025 18.03;Bogor Barat;Male;59;10;3;4;4;4;4;4;4;4;4;3;3;3;4;overall good
08/07/2025 07.01;Ciomas;Female;59;10;4;4;4;4;4;4;4;4;4;4;4;4;4;overall good
06/07/2025 01.04;Dramaga;Male;60;2;4;4;3;4;4;5;3;4;3;3;4;3;3;overall good
04/07/2025 16.58;Cileungsi;Female;52;8;4;3;4;4;4;4;3;5;4;3;4;4;4;overall good
16/07/2025 13.07;Bogor Tengah;Male;30;7;4;4;3;4;4;4;4;3;3;4;4;4;3;overall good
04/07/2025 06.25;Tanah Sareal;Female;45;10;4;4;4;4;4;4;3;4;3;4;3;4;3;overall good
08/07/2025 00.33;Bogor Selatan;Male;57;10;4;3;3;4;5;5;3;4;3;4;4;4;4;overall good
19/07/2025 16.34;Bogor Timur;Female;41;1;4;5;4;4;4;4;5;4;5;4;4;4;3;overall good
21/07/2025 02.16;Bojonggede;Male;41;8;4;4;3;3;3;3;3;4;3;4;3;3;4;overall good
19/07/2025 14.26;Kemang;Female;61;9;4;4;4;4;4;4;4;5;4;4;3;4;4;overall good
26/07/2025 20.22;Gunung Putri;Male;56;8;3;4;4;4;4;4;4;4;5;3;4;4;3;overall good
26/07/2025 13.56;Cijeruk;Female;35;8;3;4;4;3;3;4;3;4;4;3;3;3;2;improve Transaction Speed
05/08/2025 05.39;Sukaraja;Male;65;1;4;4;3;4;4;4;4;4;3;4;4;5;5;overall good
18/08/2025 14.13;Cibinong;Female;44;9;3;4;4;4;4;4;3;4;4;3;4;3;5;overall good
03/08/2025 21.24;Cijeruk;Male;51;0;4;3;4;3;3;3;3;4;4;4;4;4;3;overall good
07/08/2025 18.21;Bojonggede;Female;44;6;3;3;4;4;3;4;4;4;3;4;4;4;4;overall good
12/08/2025 18.31;Dramaga;Male;50;10;4;3;4;4;5;3;4;4;4;4;4;4;3;overall good
06/08/2025 16.35;Yasmin;Female;35;9;4;4;4;4;3;4;4;4;4;3;4;3;3;overall good
19/08/2025 01.02;Tanah Sareal;Male;45;8;4;4;4;4;4;4;4;3;3;4;3;5;3;overall good
24/08/2025 03.32;Bogor Barat;Female;65;9;5;4;4;3;4;5;4;4;5;4;4;4;4;overall good
07/08/2025 20.36;Kemang;Male;31;10;4;4;3;4;3;3;3;2;3;3;3;2;4;improve Customer Service, Staff Friendliness
08/08/2025 06.25;Bogor Timur;Female;36;10;4;4;4;3;4;4;3;4;4;5;4;3;3;overall good
23/08/2025 19.48;Baranangsiang;Male;51;8;5;4;4;4;4;3;5;4;5;4;4;4;5;overall good
14/08/2025 22.06;Gunung Putri;Female;42;9;4;4;4;3;3;3;4;4;4;4;3;4;4;overall good
30/08/2025 07.54;Bogor Selatan;Male;30;9;4;5;4;4;4;4;3;4;4;4;4;4;5;overall good
21/08/2025 13.33;Baranangsiang;Female;53;10;4;4;4;4;4;4;4;3;3;5;4;2;4;improve Staff Friendliness
28/08/2025 18.30;Babakan Madang;Male;56;2;3;4;4;4;5;4;4;4;4;3;4;4;3;overall good
08/08/2025 14.41;Ciawi;Female;40;8;4;4;4;5;4;5;4;4;4;4;4;5;4;overall good
11/08/2025 06.50;Cileungsi;Male;26;7;4;4;4;4;3;3;4;3;4;3;3;5;4;overall good
09/08/2025 22.01;Leuwiliang;Female;60;10;4;4;4;4;4;5;3;4;4;5;5;4;4;overall good
23/08/2025 17.46;Cijeruk;Male;59;6;4;4;4;4;4;3;4;4;4;4;4;3;3;overall good
19/08/2025 11.16;Caringin;Female;41;8;4;4;4;5;4;4;4;5;4;4;4;3;4;overall good
21/08/2025 14.15;Baranangsiang;Male;24;5;4;4;4;4;5;5;4;3;5;5;4;4;5;overall good
18/08/2025 14.34;Yasmin;Female;38;9;4;5;5;5;4;4;4;4;4;4;4;5;4;overall good
08/08/2025 21.37;Kemang;Male;42;10;4;3;3;4;3;4;3;4;4;4;3;4;4;overall good
16/08/2025 00.09;Cijeruk;Female;27;9;3;3;3;3;3;4;3;4;3;3;3;4;4;overall good
12/08/2025 16.00;Yasmin;Male;56;9;5;4;4;4;4;4;4;4;4;4;4;4;4;overall good
03/08/2025 04.16;Cileungsi;Female;26;4;4;4;5;4;4;5;4;4;5;4;4;5;5;overall good
05/08/2025 12.35;Sukaraja;Male;51;10;4;4;4;5;4;4;4;4;4;3;4;3;4;overall good
14/08/2025 17.01;Dramaga;Female;21;6;4;3;3;3;4;4;4;3;4;3;3;4;4;overall good
18/08/2025 06.34;Leuwiliang;Male;53;10;4;5;4;4;4;5;4;5;4;4;4;5;3;overall good
20/08/2025 18.31;Tanah Sareal;Female;65;8;4;3;4;3;3;4;4;4;4;3;5;4;4;overall good
02/08/2025 03.35;Ciawi;Male;27;7;3;4;3;3;2;4;4;3;3;3;3;3;3;improve ATM Service
15/08/2025 02.00;Sukaraja;Female;45;9;4;4;5;5;4;4;4;3;4;4;4;4;4;overall good
31/08/2025 09.17;Baranangsiang;Male;30;7;4;4;4;4;4;3;4;4;3;4;3;5;4;overall good
08/08/2025 19.38;Bogor Timur;Female;35;7;5;4;4;3;4;5;4;4;3;5;5;3;4;overall good
22/08/2025 17.21;Ciawi;Male;54;8;5;4;4;5;4;5;4;4;4;4;4;4;4;overall good
02/08/2025 22.37;Tanah Sareal;Female;42;10;5;3;5;4;5;5;5;4;4;4;4;5;4;overall good
08/08/2025 09.33;Leuwiliang;Male;36;9;3;3;3;4;3;3;3;3;4;4;4;3;4;overall good
01/08/2025 17.24;Sukaraja;Female;61;0;3;3;3;3;3;3;5;4;4;4;3;3;3;overall good
25/08/2025 05.16;Tanah Sareal;Male;40;7;3;4;4;4;4;4;4;4;4;3;4;4;3;overall good
08/08/2025 20.07;Bogor Selatan;Female;50;10;4;4;3;4;3;4;3;5;3;4;4;3;4;overall good
05/08/2025 07.57;Bogor Timur;Male;38;8;4;4;4;4;4;4;4;4;4;4;4;5;5;overall good
13/08/2025 12.31;Bogor Timur;Female;32;3;3;4;3;3;3;2;3;3;3;3;3;3;3;improve Mobile Banking
07/08/2025 19.37;Caringin;Male;37;8;5;4;5;5;3;3;4;5;4;3;4;3;4;overall good
14/08/2025 21.56;Bogor Selatan;Female;57;8;4;4;4;3;3;4;3;3;3;3;3;2;4;improve Staff Friendliness
07/08/2025 06.16;Leuwiliang;Male;47;5;4;4;3;4;4;3;3;4;4;4;2;3;3;improve Branch Cleanliness
19/08/2025 03.22;Babakan Madang;Female;44;8;4;4;3;4;4;3;4;4;4;4;4;3;4;overall good
13/08/2025 18.12;Bogor Timur;Male;64;10;4;4;3;3;4;3;4;4;2;4;3;4;3;improve Loan Application
12/08/2025 21.13;Bogor Barat;Female;60;0;4;4;4;4;4;4;4;4;4;5;4;3;4;overall good
15/08/2025 02.38;Cijeruk;Male;21;9;4;4;4;3;5;4;4;4;4;4;4;4;3;overall good
11/08/2025 19.52;Leuwiliang;Female;31;7;3;3;4;4;4;4;3;4;4;2;3;3;3;improve Complaint Handling
23/08/2025 14.47;Leuwiliang;Male;50;8;4;3;4;4;4;4;4;5;4;3;4;4;4;overall good
06/08/2025 07.07;Babakan Madang;Female;62;10;5;4;4;4;4;5;4;5;5;5;5;4;4;overall good
22/08/2025 00.36;Bogor Timur;Male;32;8;4;3;4;5;4;4;4;3;4;3;4;4;3;overall good
17/08/2025 14.57;Yasmin;Female;46;10;3;3;3;4;4;3;5;4;4;3;4;4;4;overall good
06/08/2025 13.11;Kemang;Male;52;10;5;4;4;4;5;4;5;5;3;5;5;4;4;overall good
23/08/2025 19.33;Cileungsi;Female;50;9;4;4;4;4;4;4;5;3;4;3;3;4;4;overall good
30/08/2025 04.18;Tanah Sareal;Male;61;9;4;4;4;3;4;4;4;4;4;4;4;3;4;overall good
21/08/2025 21.06;Leuwiliang;Female;24;2;4;3;4;4;4;4;4;4;5;3;4;4;4;overall good
21/08/2025 12.44;Caringin;Male;34;9;4;5;4;5;5;4;5;4;5;4;3;2;4;improve Staff Friendliness
07/08/2025 21.08;Cileungsi;Female;37;7;4;4;4;4;4;4;3;4;4;5;4;4;4;overall good
22/08/2025 21.56;Bogor Timur;Male;38;8;3;3;4;4;3;3;4;3;3;3;4;3;4;overall good
09/08/2025 22.28;Gunung Putri;Female;54;10;4;4;3;2;4;3;4;3;4;4;3;3;3;improve Account Opening
17/08/2025 14.28;Bogor Barat;Male;26;3;4;4;4;4;3;4;4;4;3;3;4;4;5;overall good
24/08/2025 09.08;Dramaga;Female;31;10;4;4;3;4;4;4;4;4;4;5;4;4;4;overall good
22/08/2025 04.53;Caringin;Male;55;7;4;4;3;4;4;5;4;3;4;4;4;4;4;overall good
28/08/2025 05.30;Bojonggede;Female;65;7;3;3;4;4;3;3;4;4;4;4;4;3;4;overall good
16/08/2025 17.10;Kemang;Male;33;9;4;4;4;3;3;3;4;3;5;4;4;3;4;overall good
08/08/2025 03.50;Ciomas;Female;21;10;4;3;4;4;4;4;4;5;5;4;4;4;5;overall good
13/08/2025 18.11;Caringin;Male;41;10;4;4;4;5;4;4;4;4;5;4;4;4;4;overall good
07/08/2025 02.28;Ciawi;Female;21;6;3;4;4;4;4;4;3;4;4;3;4;3;5;overall good
02/08/2025 18.30;Babakan Madang;Male;61;0;4;4;4;3;4;4;4;3;4;4;4;3;4;overall good
30/08/2025 04.08;Yasmin;Female;33;9;4;4;4;3;4;4;4;3;3;4;4;4;3;overall good
29/08/2025 00.03;Leuwiliang;Male;34;9;4;4;4;4;4;4;4;4;4;4;4;3;4;overall good
15/08/2025 15.47;Bogor Tengah;Female;44;0;4;4;4;5;4;4;4;4;4;4;4;4;4;overall good
25/08/2025 05.31;Dramaga;Male;53;0;4;5;4;3;3;4;4;4;4;4;3;4;3;overall good
27/08/2025 08.01;Babakan Madang;Female;47;10;4;3;4;4;3;3;4;3;4;5;4;4;4;overall good
06/08/2025 12.05;Gunung Putri;Male;54;2;4;3;4;3;4;4;4;4;4;4;4;3;4;overall good
27/08/2025 20.00;Baranangsiang;Female;50;9;4;4;4;5;4;5;5;5;4;4;3;4;4;overall good
14/08/2025 20.04;Kemang;Male;31;8;4;4;4;3;4;3;4;4;5;4;4;4;4;overall good
05/08/2025 06.05;Gunung Putri;Female;61;9;4;4;4;4;5;3;3;4;4;3;5;3;4;overall good
06/08/2025 00.47;Bogor Selatan;Male;26;8;4;4;4;5;3;4;4;4;4;3;5;4;4;overall good
31/08/2025 18.06;Caringin;Female;60;0;3;3;4;4;4;4;4;3;3;4;4;4;4;overall good
15/08/2025 01.45;Babakan Madang;Male;53;7;3;4;3;4;4;3;3;4;4;4;5;4;3;overall good
27/08/2025 18.38;Gunung Putri;Female;34;10;4;4;4;4;3;4;5;4;4;4;3;4;4;overall good
07/08/2025 00.59;Leuwiliang;Male;28;10;4;3;3;3;3;3;3;4;4;4;3;3;3;overall good
01/08/2025 08.51;Bojonggede;Female;50;8;3;4;4;4;3;4;4;4;3;3;4;3;3;overall good
13/08/2025 20.09;Bojonggede;Male;35;8;4;3;4;4;3;4;3;3;4;3;3;4;5;overall good
21/08/2025 02.59;Dramaga;Female;47;7;4;4;4;4;5;4;4;4;5;4;4;4;4;overall good
26/08/2025 04.38;Bogor Barat;Male;21;10;5;5;5;5;4;5;5;5;4;4;5;5;5;overall good
12/08/2025 17.45;Kemang;Female;41;10;5;5;4;4;3;4;3;5;5;3;4;5;4;overall good
03/08/2025 12.05;Cijeruk;Male;46;10;3;3;4;3;3;3;3;3;4;3;3;4;4;overall good
09/08/2025 10.23;Sukaraja;Female;48;10;5;4;4;4;4;4;4;4;4;4;4;4;4;overall good
12/08/2025 05.05;Leuwiliang;Male;41;8;3;4;3;3;3;3;4;3;5;4;5;4;4;overall good
31/08/2025 10.52;Bogor Selatan;Female;29;10;5;5;5;4;4;4;5;5;4;3;4;4;4;overall good
10/08/2025 21.24;Cileungsi;Male;56;10;3;4;3;4;3;3;4;3;3;4;3;3;3;overall good
31/08/2025 12.42;Bogor Timur;Female;26;9;4;4;5;4;4;4;4;4;4;4;4;4;4;overall good
28/08/2025 18.11;Sukaraja;Male;30;9;4;4;3;4;3;4;4;4;4;3;4;4;4;overall good
23/08/2025 00.36;Leuwiliang;Female;22;7;4;5;4;4;4;4;4;5;4;4;5;4;4;overall good
15/08/2025 09.56;Bojonggede;Male;32;9;4;4;4;5;3;4;4;4;4;4;4;5;5;overall good
19/08/2025 08.31;Yasmin;Female;55;5;4;4;4;3;4;4;3;4;4;3;3;4;4;overall good
07/08/2025 23.30;Cileungsi;Male;63;9;4;4;4;5;4;4;4;4;4;3;4;5;4;overall good
06/08/2025 00.29;Bogor Tengah;Female;61;6;4;4;4;4;3;4;3;4;4;3;4;4;3;overall good
06/08/2025 04.45;Bogor Selatan;Male;50;0;4;4;3;4;3;3;3;3;4;3;4;4;4;overall good
05/08/2025 12.05;Tanah Sareal;Female;39;9;4;4;3;3;4;4;4;3;4;4;4;3;4;overall good
11/08/2025 02.18;Bogor Timur;Male;52;6;4;5;4;4;4;3;5;4;4;4;4;3;4;overall good
21/08/2025 02.02;Leuwiliang;Female;27;7;4;4;4;5;4;4;3;5;4;3;4;4;3;overall good
11/08/2025 05.00;Bogor Timur;Male;52;7;5;4;5;5;4;5;5;5;4;4;4;5;4;overall good
22/08/2025 21.18;Gunung Putri;Female;45;5;4;4;4;4;5;4;4;4;4;4;3;4;4;overall good
28/08/2025 12.56;Baranangsiang;Male;32;9;4;5;4;3;4;4;4;4;4;4;4;4;4;overall good
17/08/2025 20.01;Kemang;Female;23;10;4;3;3;3;3;2;3;3;3;3;4;3;4;improve Mobile Banking
08/08/2025 16.32;Caringin;Male;60;7;3;3;4;3;4;3;3;4;5;3;4;3;3;overall good
30/08/2025 10.10;Ciawi;Female;37;1;4;4;4;5;4;3;4;5;5;4;4;5;4;overall good
11/08/2025 12.00;Bogor Tengah;Male;55;9;3;3;5;4;3;4;4;4;3;3;4;3;3;overall good
16/08/2025 21.36;Bojonggede;Female;28;0;4;4;4;3;4;3;4;4;4;4;3;3;4;overall good
13/08/2025 23.45;Tanah Sareal;Male;35;9;4;3;4;3;4;3;4;4;3;4;4;3;4;overall good
17/08/2025 22.05;Cileungsi;Female;51;9;3;4;3;4;3;3;4;3;3;3;2;4;3;improve Branch Cleanliness
22/08/2025 04.02;Cijeruk;Male;62;10;4;3;3;5;4;5;4;4;4;4;5;4;3;overall good
09/08/2025 09.30;Ciawi;Female;46;2;4;3;4;5;3;4;4;4;3;4;4;4;4;overall good
14/08/2025 15.29;Yasmin;Male;64;5;4;5;5;3;4;3;4;4;4;5;3;4;4;overall good
09/08/2025 00.59;Leuwiliang;Female;27;8;4;3;3;5;3;5;3;3;3;4;4;4;4;overall good
21/08/2025 13.41;Yasmin;Male;52;10;4;4;3;4;5;4;3;3;4;4;3;4;5;overall good
30/08/2025 11.33;Kemang;Female;38;7;5;4;4;4;4;4;4;5;3;3;5;4;3;overall good
19/08/2025 03.41;Leuwiliang;Male;48;10;4;4;4;3;4;4;4;3;4;4;4;5;4;overall good
25/08/2025 19.46;Bogor Timur;Female;49;9;4;4;4;4;4;5;4;5;4;4;4;4;4;overall good
20/08/2025 08.03;Cileungsi;Male;58;10;4;4;4;4;4;4;4;4;4;4;4;5;3;overall good
21/08/2025 20.16;Bogor Tengah;Female;28;10;3;4;4;4;5;4;4;4;5;4;4;3;4;overall good
19/08/2025 01.00;Baranangsiang;Male;43;9;4;4;4;5;5;5;4;5;4;4;5;4;4;overall good
01/08/2025 11.13;Bojonggede;Female;30;7;4;4;4;4;4;4;4;4;4;4;5;3;4;overall good
11/08/2025 09.03;Ciomas;Male;65;10;5;4;5;4;3;5;4;5;5;5;4;4;5;overall good
28/08/2025 06.21;Babakan Madang;Female;57;1;3;3;4;2;4;4;3;3;3;4;4;3;4;improve Account Opening
26/08/2025 14.18;Bogor Timur;Male;45;9;4;4;4;5;4;5;4;4;4;5;4;4;4;overall good
28/08/2025 20.41;Yasmin;Female;27;7;3;3;3;4;3;4;3;3;4;4;4;3;3;overall good
16/08/2025 12.58;Gunung Putri;Male;64;8;4;4;4;3;4;3;4;4;4;4;4;4;3;overall good
25/08/2025 04.58;Yasmin;Female;33;10;4;4;4;4;3;3;4;3;3;5;4;5;3;overall good
22/08/2025 23.31;Bogor Barat;Male;38;9;4;3;3;3;3;3;3;3;3;4;3;4;3;overall good
12/08/2025 11.27;Baranangsiang;Female;59;10;4;4;4;4;3;4;4;4;4;4;4;4;4;overall good
23/08/2025 10.00;Sukaraja;Male;22;9;3;3;2;3;3;3;2;3;3;3;3;3;3;improve Internet Banking
02/08/2025 19.07;Dramaga;Female;29;3;4;4;3;4;4;4;4;3;4;4;4;3;3;overall good
04/08/2025 08.55;Cijeruk;Male;54;9;4;4;3;4;4;3;4;4;3;4;4;4;4;overall good
15/08/2025 14.41;Caringin;Female;27;3;4;4;4;3;3;4;5;4;5;4;4;4;4;overall good
04/08/2025 20.56;Cileungsi;Male;41;3;3;3;3;3;4;4;4;4;3;4;3;3;3;overall good
20/08/2025 02.15;Cijeruk;Female;41;7;4;3;3;4;4;3;3;3;4;3;4;4;4;overall good
06/08/2025 21.27;Dramaga;Male;65;3;4;3;4;3;4;5;4;4;4;4;5;4;4;overall good
03/08/2025 07.43;Bojonggede;Female;60;9;4;3;3;3;4;4;4;3;3;3;4;3;4;overall good
22/08/2025 03.36;Bogor Tengah;Male;29;10;3;4;3;5;3;3;3;3;3;3;4;3;4;overall good
27/08/2025 02.18;Cibinong;Female;31;10;4;4;4;3;3;4;4;3;3;3;4;4;4;overall good
03/08/2025 02.11;Bogor Tengah;Male;65;2;3;3;4;4;3;4;3;4;3;3;4;3;4;overall good
13/08/2025 19.15;Bogor Selatan;Female;24;0;4;5;4;4;5;4;4;4;4;4;3;5;4;overall good
14/08/2025 02.28;Ciomas;Male;65;8;4;4;4;3;4;4;4;4;4;5;5;4;4;overall good
07/08/2025 03.08;Baranangsiang;Female;29;7;4;3;4;3;3;4;4;3;4;4;4;4;4;overall good
21/08/2025 01.31;Ciomas;Male;30;6;3;4;3;4;4;4;4;3;3;4;3;3;4;overall good
29/08/2025 01.17;Babakan Madang;Female;63;9;4;4;4;4;4;4;5;4;5;4;4;5;4;overall good
16/08/2025 15.03;Caringin;Male;63;8;4;4;3;3;4;4;3;4;3;3;5;4;4;overall good
05/08/2025 00.27;Caringin;Female;35;10;4;3;3;3;3;3;3;3;3;3;3;3;4;overall good
10/08/2025 23.52;Bojonggede;Male;56;1;4;4;3;3;3;4;5;4;3;3;3;4;4;overall good
11/08/2025 07.33;Bogor Timur;Female;25;0;4;4;4;3;5;3;3;5;4;4;5;5;3;overall good
10/08/2025 02.56;Bogor Tengah;Male;63;10;4;3;4;4;2;3;4;3;3;4;3;3;4;improve ATM Service
16/08/2025 03.18;Caringin;Female;27;10;4;4;4;4;4;4;3;4;4;4;4;4;4;overall good
07/08/2025 07.31;Babakan Madang;Male;62;9;4;4;4;5;4;4;4;4;4;4;5;5;5;overall good
31/08/2025 02.54;Cibinong;Female;44;10;4;4;5;4;4;4;4;5;4;4;4;4;4;overall good
04/08/2025 07.58;Ciawi;Male;33;7;4;4;4;4;4;4;5;5;4;5;4;4;4;overall good
29/08/2025 00.32;Cileungsi;Female;48;10;4;4;4;4;3;4;4;4;4;4;3;4;4;overall good
06/08/2025 08.23;Bogor Selatan;Male;30;7;3;3;4;3;3;4;3;3;3;3;3;4;2;improve Transaction Speed
13/08/2025 22.47;Cibinong;Female;22;1;4;4;4;4;4;3;4;4;4;4;3;3;4;overall good
18/08/2025 02.03;Bogor Tengah;Male;51;8;4;4;4;3;4;4;4;4;4;4;4;3;4;overall good
18/08/2025 04.56;Cileungsi;Female;28;0;3;4;3;3;3;4;3;3;3;3;3;3;3;overall good
25/08/2025 15.46;Gunung Putri;Male;34;10;4;4;4;4;3;3;4;3;4;4;3;4;4;overall good
05/08/2025 17.57;Ciomas;Female;24;10;4;4;3;3;3;4;3;4;2;4;4;3;4;improve Loan Application
10/08/2025 09.56;Bogor Barat;Male;62;10;4;4;4;3;3;4;3;4;3;4;4;3;4;overall good
26/08/2025 16.59;Dramaga;Female;33;8;3;4;4;3;4;4;4;4;4;4;4;5;4;overall good
03/08/2025 10.06;Kemang;Male;52;7;4;4;4;4;4;5;5;4;4;5;3;4;4;overall good
02/08/2025 17.34;Cibinong;Female;28;9;3;3;3;3;4;3;4;4;3;4;2;3;2;improve Branch Cleanliness, Transaction Speed
14/08/2025 08.56;Sukaraja;Male;38;9;3;3;3;3;3;3;3;3;3;3;3;3;4;overall good
20/08/2025 00.36;Cibinong;Female;60;8;4;4;5;4;4;4;4;5;4;4;4;5;4;overall good
25/08/2025 00.55;Leuwiliang;Male;27;10;3;4;3;4;3;3;3;4;4;4;3;4;3;overall good
31/08/2025 22.02;Yasmin;Female;31;2;3;3;4;4;3;3;3;4;3;4;3;4;4;overall good
05/08/2025 13.48;Dramaga;Male;59;9;4;3;4;4;4;4;4;3;5;3;4;3;4;overall good
15/08/2025 19.43;Baranangsiang;Female;53;8;5;5;4;4;5;5;4;5;4;5;5;4;3;overall good
09/08/2025 02.09;Cibinong;Male;31;9;4;4;4;4;3;3;4;3;3;3;4;4;4;overall good
01/08/2025 14.50;Baranangsiang;Female;42;1;4;5;3;4;4;4;4;4;4;5;4;4;4;overall good
13/08/2025 19.23;Caringin;Male;48;9;4;4;4;4;4;4;4;4;4;4;5;4;4;overall good
01/08/2025 11.20;Bogor Timur;Female;31;6;3;3;3;3;4;3;3;4;3;4;4;4;4;overall good
01/08/2025 01.10;Kemang;Male;43;4;4;4;4;4;4;3;4;4;4;4;4;4;4;overall good
01/08/2025 20.15;Caringin;Female;36;9;4;4;3;3;3;3;3;2;3;2;3;3;3;improve Customer Service, Complaint Handling
12/08/2025 01.58;Sukaraja;Male;64;6;4;4;3;5;3;3;4;3;5;4;3;4;4;overall good
05/08/2025 13.24;Ciawi;Female;53;9;3;3;4;3;5;3;4;4;4;4;3;3;3;overall good
22/08/2025 23.20;Bogor Selatan;Male;40;2;3;3;4;3;4;3;3;3;5;3;4;3;3;overall good
24/08/2025 14.48;Caringin;Female;43;2;4;4;4;4;4;5;4;4;4;4;4;4;5;overall good
15/08/2025 14.50;Cileungsi;Male;44;10;4;4;4;4;4;5;4;5;4;4;4;4;4;overall good
06/08/2025 11.22;Ciomas;Female;54;8;4;4;5;4;4;4;4;4;4;4;3;4;4;overall good
08/08/2025 04.18;Cileungsi;Male;64;7;4;3;3;4;3;3;3;3;3;3;3;4;3;overall good
18/08/2025 08.09;Gunung Putri;Female;35;1;3;3;3;4;4;5;3;4;3;3;3;4;3;overall good
18/08/2025 10.45;Caringin;Male;22;10;3;3;3;2;4;4;3;4;4;4;4;5;5;improve Account Opening
06/08/2025 05.44;Yasmin;Female;26;10;3;3;3;4;4;3;3;3;3;3;3;3;3;overall good
26/08/2025 13.53;Cileungsi;Male;61;8;4;4;4;4;4;4;4;4;3;4;4;3;5;overall good
17/08/2025 01.52;Baranangsiang;Female;37;2;4;4;4;4;3;4;3;4;2;3;4;3;4;improve Loan Application
16/08/2025 00.23;Leuwiliang;Male;58;8;3;3;4;3;4;4;4;4;4;3;4;3;4;overall good
30/08/2025 17.27;Yasmin;Female;23;8;4;4;4;4;4;4;3;3;3;4;3;4;4;overall good
17/08/2025 20.16;Bogor Selatan;Male;48;4;3;2;3;4;2;2;3;3;3;3;3;2;2;improve ATM Service, Mobile Banking, Staff Friendliness, Transaction Speed
08/08/2025 03.25;Dramaga;Female;28;8;5;4;4;4;5;4;4;5;5;5;5;4;4;overall good
31/08/2025 06.46;Babakan Madang;Male;64;10;3;3;3;3;4;4;4;3;3;4;3;3;3;overall good
14/08/2025 23.50;Cijeruk;Female;63;10;4;4;4;4;3;3;4;3;4;5;4;3;5;overall good
11/08/2025 13.12;Bogor Timur;Male;39;9;3;4;4;3;4;4;3;2;3;4;3;4;4;improve Customer Service
15/08/2025 20.18;Dramaga;Female;58;10;3;3;3;3;3;3;4;3;3;3;3;4;3;overall good
03/08/2025 10.08;Bogor Tengah;Male;48;9;3;3;3;3;4;3;4;4;4;3;3;3;4;overall good
25/08/2025 08.51;Cileungsi;Female;29;10;4;5;4;4;5;4;4;4;4;5;3;3;4;overall good
07/08/2025 22.11;Cijeruk;Male;30;8;5;3;4;5;4;4;4;4;4;3;3;4;3;overall good
15/08/2025 02.48;Yasmin;Female;48;7;3;4;4;4;4;4;4;5;4;4;4;4;5;overall good
13/08/2025 01.47;Cibinong;Male;23;10;4;4;4;3;4;3;4;4;4;3;4;4;2;improve Transaction Speed
13/08/2025 16.23;Leuwiliang;Female;48;9;4;4;4;4;3;3;4;4;4;3;4;4;4;overall good
16/08/2025 15.42;Dramaga;Male;59;10;4;4;3;3;3;4;3;4;4;5;4;3;4;overall good
13/08/2025 03.17;Sukaraja;Female;29;7;4;3;4;4;3;3;4;3;3;5;4;3;3;overall good
15/08/2025 19.20;Tanah Sareal;Male;47;8;4;5;4;3;4;3;3;4;4;5;3;4;3;overall good
27/08/2025 11.56;Bogor Timur;Female;40;8;3;4;4;3;3;3;4;4;4;4;3;2;4;improve Staff Friendliness
05/08/2025 15.53;Baranangsiang;Male;45;8;5;4;4;5;4;4;4;4;4;5;4;5;4;overall good
25/08/2025 10.59;Tanah Sareal;Female;54;10;5;5;4;5;4;3;4;4;5;5;4;4;4;overall good
21/08/2025 09.55;Bojonggede;Male;50;10;4;4;5;3;3;4;4;4;3;5;4;3;3;overall good
21/08/2025 10.24;Gunung Putri;Female;50;9;4;4;4;4;4;5;4;4;4;4;4;4;3;overall good
12/08/2025 18.42;Bogor Timur;Male;29;8;4;3;4;3;4;3;4;3;4;4;4;3;4;overall good
03/08/2025 14.22;Sukaraja;Female;53;8;3;4;3;4;3;5;4;4;4;3;3;4;3;overall good
23/08/2025 11.12;Leuwiliang;Male;29;9;4;4;4;4;4;4;5;4;5;4;4;5;4;overall good
03/08/2025 15.43;Ciawi;Female;50;0;4;4;4;3;5;4;4;3;3;4;3;4;3;overall good
15/08/2025 02.32;Cileungsi;Male;62;9;3;4;4;4;4;4;4;4;2;4;4;3;3;improve Loan Application
06/08/2025 21.29;Sukaraja;Female;51;7;4;4;4;4;5;4;4;3;4;4;4;4;5;overall good
10/08/2025 22.55;Sukaraja;Male;64;7;3;4;4;3;1;3;4;3;3;4;4;4;3;improve ATM Service
07/08/2025 14.55;Ciawi;Female;30;8;4;4;4;3;3;4;3;4;4;4;4;4;3;overall good
15/08/2025 14.33;Cibinong;Male;64;1;3;4;3;3;3;2;3;4;3;2;3;4;2;improve Mobile Banking, Complaint Handling, Transaction Speed
10/08/2025 17.49;Dramaga;Female;21;4;4;4;4;4;4;4;4;4;4;4;4;4;4;overall good
26/08/2025 05.38;Bogor Selatan;Male;25;9;4;4;4;4;3;4;3;4;3;4;4;4;3;overall good
02/08/2025 04.43;Bogor Selatan;Female;36;10;4;3;3;4;3;5;4;4;3;3;3;3;3;overall good
15/08/2025 13.26;Ciawi;Male;49;7;3;4;3;4;4;4;5;4;3;4;4;3;3;overall good
12/08/2025 09.42;Leuwiliang;Female;51;6;4;4;4;4;5;4;4;5;3;5;3;4;4;overall good
30/08/2025 23.02;Cijeruk;Male;37;8;5;4;4;4;4;3;4;4;3;5;4;4;3;overall good
09/08/2025 23.19;Bogor Selatan;Female;48;9;3;5;4;4;4;3;3;4;4;4;3;4;2;improve Transaction Speed
24/08/2025 02.45;Tanah Sareal;Male;63;9;4;4;3;3;3;4;4;4;3;3;3;4;4;overall good
29/08/2025 13.57;Caringin;Female;39;9;4;4;4;4;4;4;4;4;3;3;3;4;3;overall good
19/08/2025 17.30;Caringin;Male;44;8;4;4;4;3;4;4;4;4;4;4;4;4;3;overall good
08/08/2025 04.37;Bogor Selatan;Female;50;10;4;3;3;4;4;5;3;4;3;4;4;4;4;overall good
01/08/2025 12.50;Bogor Tengah;Male;39;8;3;4;3;3;4;4;4;3;3;4;4;3;4;overall good
03/08/2025 01.40;Sukaraja;Female;40;10;5;4;4;5;4;4;5;5;5;4;5;5;4;overall good
14/08/2025 10.36;Bojonggede;Male;29;10;4;4;4;3;4;3;4;3;3;4;4;3;4;overall good
17/08/2025 22.25;Bogor Tengah;Female;31;9;3;3;3;3;3;2;4;4;5;4;3;3;3;improve Mobile Banking
08/08/2025 08.23;Ciawi;Male;45;7;4;4;5;4;3;4;4;3;4;3;4;5;4;overall good
23/08/2025 07.20;Bojonggede;Female;62;8;4;4;5;4;4;5;4;5;4;3;5;5;3;overall good
20/08/2025 02.57;Tanah Sareal;Male;38;8;4;4;3;5;4;4;5;4;4;4;3;4;4;overall good
30/08/2025 09.51;Bogor Timur;Female;62;8;4;4;3;4;4;4;3;4;4;4;3;3;3;overall good
07/08/2025 06.47;Baranangsiang;Male;57;8;4;4;4;4;3;4;4;4;3;4;3;4;3;overall good
29/08/2025 08.59;Ciomas;Female;58;2;3;4;4;4;3;3;3;3;4;3;3;3;4;overall good
08/08/2025 17.27;Kemang;Male;46;9;4;4;4;3;4;3;3;4;4;3;3;4;4;overall good
24/08/2025 03.03;Cibinong;Female;27;8;4;4;5;5;4;4;5;5;3;5;4;4;4;overall good
12/08/2025 11.40;Ciomas;Male;35;6;3;3;4;5;3;3;3;4;4;4;3;4;2;improve Transaction Speed
21/08/2025 09.24;Bogor Selatan;Female;32;8;4;4;4;3;5;4;5;4;3;4;4;4;3;overall good
02/08/2025 19.35;Bogor Timur;Male;24;0;3;4;3;4;3;2;4;3;3;4;4;3;4;improve Mobile Banking
09/08/2025 10.48;Bogor Timur;Female;49;7;4;4;4;4;4;4;4;5;4;4;4;4;4;overall good
07/08/2025 11.12;Ciomas;Male;27;8;4;4;5;4;4;4;3;4;5;4;3;4;4;overall good
24/08/2025 20.10;Sukaraja;Female;56;10;3;3;3;4;3;3;2;4;4;3;3;3;4;improve Internet Banking
08/08/2025 20.50;Babakan Madang;Male;64;9;4;4;4;3;2;4;4;4;3;3;3;4;3;improve ATM Service
05/08/2025 04.13;Gunung Putri;Female;54;1;4;4;4;4;4;4;4;4;4;4;4;4;5;overall good
10/08/2025 21.08;Sukaraja;Male;22;7;4;3;3;4;2;4;4;4;2;4;4;4;3;improve ATM Service, Loan Application
20/08/2025 19.23;Bogor Barat;Female;29;8;5;4;4;5;5;4;4;5;4;4;5;3;5;overall good
09/08/2025 23.53;Sukaraja;Male;55;2;4;4;3;3;3;4;4;4;3;3;4;4;4;overall good
28/08/2025 16.31;Ciawi;Female;52;9;4;4;4;4;4;4;5;5;5;4;3;4;4;overall good
04/08/2025 06.14;Caringin;Male;53;9;4;4;4;3;3;4;5;3;4;5;4;4;5;overall good
04/08/2025 10.34;Babakan Madang;Female;48;6;3;3;3;4;3;3;3;4;4;3;4;4;4;overall good
05/08/2025 21.34;Sukaraja;Male;26;10;4;4;4;3;3;3;4;4;3;4;4;3;3;overall good
02/08/2025 02.15;Bogor Selatan;Female;52;10;4;4;4;5;4;4;4;4;5;3;4;4;4;overall good
19/08/2025 22.52;Cibinong;Male;39;2;4;4;4;4;4;4;4;3;4;4;4;4;4;overall good
14/08/2025 23.37;Bojonggede;Female;25;1;3;4;5;4;4;5;4;4;4;4;5;4;4;overall good
20/08/2025 09.07;Bogor Timur;Male;55;8;4;4;4;3;4;4;4;3;4;4;4;4;4;overall good
29/08/2025 06.58;Kemang;Female;24;7;4;4;3;4;4;4;4;4;5;3;4;4;5;overall good
17/08/2025 09.51;Caringin;Male;37;7;4;3;4;3;4;3;3;3;3;3;4;4;4;overall good
07/08/2025 18.16;Gunung Putri;Female;37;9;4;3;4;4;4;4;3;3;3;3;3;3;3;overall good
04/08/2025 00.37;Yasmin;Male;56;2;3;3;4;3;4;4;4;5;4;4;4;4;4;overall good
17/08/2025 18.56;Cibinong;Female;52;9;4;4;4;4;3;4;3;4;3;5;4;4;4;overall good
27/08/2025 18.27;Bogor Timur;Male;47;7;4;4;3;3;4;4;5;4;4;5;5;4;4;overall good
06/08/2025 01.14;Caringin;Female;29;9;4;4;5;4;4;4;4;4;4;4;5;5;4;overall good
21/08/2025 22.45;Bogor Barat;Male;52;8;4;4;4;3;4;4;4;4;4;4;4;4;4;overall good
02/08/2025 00.58;Caringin;Female;40;7;4;5;4;4;4;4;5;5;5;4;5;3;3;overall good
26/08/2025 22.22;Bogor Barat;Male;22;7;4;3;4;4;4;5;4;3;3;3;3;3;5;overall good
27/08/2025 19.42;Kemang;Female;45;7;5;3;4;3;3;4;4;4;4;4;3;4;4;overall good
07/08/2025 01.54;Caringin;Male;24;10;5;5;5;4;5;5;5;4;5;5;4;5;4;overall good
06/08/2025 14.39;Gunung Putri;Female;65;7;3;4;4;3;4;3;4;4;4;3;3;3;4;overall good
18/08/2025 01.51;Babakan Madang;Male;28;2;4;4;4;4;3;5;4;5;4;4;5;4;4;overall good
12/08/2025 13.29;Yasmin;Female;42;7;3;3;3;4;4;3;4;3;4;4;4;3;3;overall good
21/08/2025 01.15;Cibinong;Male;26;7;4;4;4;4;4;5;3;4;3;4;4;4;4;overall good
13/08/2025 03.10;Cijeruk;Female;57;9;4;4;4;4;4;3;3;3;3;3;4;4;3;overall good
09/08/2025 18.24;Bogor Barat;Male;25;10;4;4;4;4;4;5;4;4;4;4;4;5;4;overall good
15/08/2025 04.41;Dramaga;Female;23;9;4;4;4;3;3;4;3;4;5;4;4;3;3;overall good
04/08/2025 17.28;Tanah Sareal;Male;59;9;5;4;4;4;3;4;4;4;3;4;4;4;4;overall good
25/08/2025 00.38;Bogor Timur;Female;37;1;4;4;4;4;4;4;3;4;4;4;4;4;5;overall good
18/08/2025 19.30;Bojonggede;Male;35;10;4;4;4;5;3;5;4;4;4;4;5;4;3;overall good
26/08/2025 13.49;Cijeruk;Female;39;1;4;4;4;4;4;4;5;4;4;4;3;4;4;overall good
03/08/2025 14.54;Cileungsi;Male;41;7;5;4;4;4;3;4;4;4;4;4;4;4;4;overall good
14/08/2025 13.58;Bojonggede;Female;47;8;4;3;3;3;3;4;3;3;3;4;4;3;3;overall good
26/08/2025 07.00;Bogor Timur;Male;34;6;4;5;3;3;4;4;4;4;4;4;4;4;3;overall good
06/08/2025 23.00;Cibinong;Female;40;1;3;4;4;4;4;4;4;4;3;3;4;4;3;overall good
22/08/2025 08.57;Bojonggede;Male;30;9;5;5;4;5;5;5;5;4;4;4;4;5;4;overall good
14/08/2025 02.55;Babakan Madang;Female;28;9;4;4;4;3;4;4;3;5;3;4;3;3;4;overall good
03/08/2025 21.34;Cileungsi;Male;58;7;3;4;4;4;4;4;3;3;3;3;3;4;3;overall good
19/08/2025 13.44;Cileungsi;Female;60;9;4;4;3;4;3;4;4;3;3;4;4;3;4;overall good
19/09/2025 09.56;Leuwiliang;Male;49;9;4;5;4;4;4;5;4;4;4;4;4;4;4;overall good
15/09/2025 19.31;Baranangsiang;Female;63;9;4;5;5;4;5;4;5;3;4;4;4;5;4;overall good
30/09/2025 13.13;Bogor Barat;Male;55;0;3;3;3;3;4;3;4;3;3;4;4;3;3;overall good
11/09/2025 12.17;Ciomas;Female;37;4;4;4;3;5;4;3;3;4;4;4;3;3;4;overall good
21/09/2025 18.07;Bogor Tengah;Male;42;8;4;4;3;4;4;4;4;4;3;4;2;3;3;improve Branch Cleanliness
26/09/2025 23.02;Bogor Barat;Female;27;8;4;3;3;4;5;3;4;4;3;3;3;3;5;overall good
08/09/2025 21.22;Babakan Madang;Male;48;8;4;4;3;4;4;4;4;3;4;5;4;3;5;overall good
07/09/2025 09.38;Leuwiliang;Female;50;7;4;4;4;3;4;4;4;4;4;4;3;4;4;overall good
05/09/2025 03.39;Bogor Tengah;Male;38;8;4;3;3;4;3;4;3;2;4;3;2;3;3;improve Customer Service, Branch Cleanliness
02/09/2025 20.58;Cibinong;Female;55;10;4;4;4;4;4;4;4;4;5;4;3;4;4;overall good
30/09/2025 12.22;Kemang;Male;38;10;4;3;4;3;5;4;4;4;4;4;5;5;4;overall good
13/09/2025 20.11;Bogor Tengah;Female;28;10;4;3;4;5;4;3;4;4;3;4;4;4;4;overall good
01/09/2025 10.20;Baranangsiang;Male;49;10;4;4;4;3;3;3;4;4;5;3;3;4;5;overall good
28/09/2025 00.29;Babakan Madang;Female;23;3;3;3;4;3;5;4;3;4;3;3;3;4;4;overall good
14/09/2025 10.04;Yasmin;Male;47;9;3;3;3;3;4;5;4;3;3;3;4;4;3;overall good
22/09/2025 09.08;Kemang;Female;56;9;5;4;4;4;4;4;5;3;4;4;5;5;4;overall good
13/09/2025 14.23;Baranangsiang;Male;37;2;3;3;3;3;3;4;3;4;4;3;3;4;4;overall good
08/09/2025 03.09;Caringin;Female;29;9;5;5;5;5;5;5;5;4;4;4;5;4;5;overall good
02/09/2025 20.51;Kemang;Male;62;9;4;4;4;4;4;3;4;4;4;4;3;4;4;overall good
29/09/2025 03.37;Baranangsiang;Female;64;8;4;3;4;4;3;4;4;5;4;4;4;4;4;overall good
03/09/2025 22.51;Ciomas;Male;23;7;4;3;3;4;4;4;3;4;4;4;3;3;3;overall good
27/09/2025 05.39;Cileungsi;Female;37;10;5;4;4;4;4;4;4;4;5;3;3;4;4;overall good
04/09/2025 18.16;Bogor Barat;Male;59;9;4;4;4;5;4;4;4;5;4;4;4;4;4;overall good
12/09/2025 12.06;Ciawi;Female;49;9;3;4;3;3;3;3;4;3;4;4;4;3;4;overall good
04/09/2025 11.10;Yasmin;Male;41;8;3;3;3;3;3;3;3;4;3;4;3;3;4;overall good
30/09/2025 11.10;Gunung Putri;Female;39;10;4;4;4;4;4;4;5;4;3;3;4;5;4;overall good
19/09/2025 04.34;Bojonggede;Male;42;5;4;5;4;4;5;4;4;4;5;3;3;4;5;overall good
18/09/2025 21.06;Caringin;Female;39;1;3;4;3;4;4;4;4;4;4;4;4;3;4;overall good
02/09/2025 05.45;Bogor Barat;Male;39;4;3;4;3;3;3;4;4;5;3;3;3;4;3;overall good
25/09/2025 19.07;Bogor Selatan;Female;59;10;3;3;3;3;3;4;3;4;3;3;3;3;4;overall good
19/09/2025 09.22;Ciawi;Male;58;7;4;4;3;5;5;4;4;3;3;3;4;4;4;overall good
19/09/2025 12.00;Sukaraja;Female;23;7;4;3;5;4;4;4;4;4;5;4;4;5;3;overall good
28/09/2025 10.44;Bogor Timur;Male;25;1;4;3;4;4;4;4;3;4;4;4;5;3;4;overall good
27/09/2025 03.56;Ciawi;Female;57;8;4;5;4;4;4;4;3;5;3;5;4;4;3;overall good
26/09/2025 11.01;Bogor Selatan;Male;54;8;5;5;4;4;5;4;5;4;5;5;5;5;5;overall good
28/09/2025 22.12;Ciawi;Female;49;9;4;3;4;4;2;3;4;3;4;3;4;3;4;improve ATM Service
12/09/2025 05.00;Dramaga;Male;36;10;3;3;4;3;3;3;3;4;2;2;4;2;3;improve Loan Application, Complaint Handling, Staff Friendliness
12/09/2025 16.50;Babakan Madang;Female;41;7;4;3;4;4;3;4;4;3;4;4;3;4;3;overall good
28/09/2025 04.58;Babakan Madang;Male;47;8;3;3;3;2;2;4;3;3;3;4;3;3;2;improve Account Opening, ATM Service, Transaction Speed
24/09/2025 12.04;Ciawi;Female;25;5;4;4;4;4;4;3;5;4;4;4;4;4;5;overall good
12/09/2025 03.41;Kemang;Male;35;8;3;4;3;4;4;4;3;4;3;4;4;5;3;overall good
20/09/2025 18.54;Sukaraja;Female;29;1;4;4;3;3;3;3;3;5;4;4;4;4;4;overall good
14/09/2025 22.14;Sukaraja;Male;63;10;3;3;3;4;4;4;3;3;4;3;4;3;4;overall good
21/09/2025 10.31;Ciomas;Female;41;10;4;4;4;3;4;4;5;3;3;5;3;4;4;overall good
09/09/2025 17.37;Ciawi;Male;30;7;4;4;4;4;4;4;4;4;4;4;3;4;4;overall good
13/09/2025 18.51;Babakan Madang;Female;21;10;4;4;4;4;3;3;3;4;4;3;5;4;4;overall good
02/09/2025 15.42;Cijeruk;Male;51;1;3;4;3;4;4;3;3;3;4;4;4;3;3;overall good
07/09/2025 10.13;Gunung Putri;Female;22;7;4;3;3;3;4;3;4;4;4;4;4;4;4;overall good
18/09/2025 04.52;Ciawi;Male;54;3;4;3;4;3;4;3;3;3;4;3;4;4;3;overall good
15/09/2025 05.49;Tanah Sareal;Female;46;1;3;3;4;4;4;3;4;4;3;3;3;4;3;overall good
29/09/2025 17.07;Bogor Selatan;Male;42;2;4;3;4;3;3;4;3;5;4;2;4;4;4;improve Complaint Handling
04/09/2025 13.55;Kemang;Female;60;9;3;3;3;3;3;4;4;3;4;4;4;3;3;overall good
22/09/2025 20.00;Bojonggede;Male;49;5;4;4;4;4;4;5;3;3;4;4;3;4;4;overall good
09/09/2025 21.44;Gunung Putri;Female;39;7;4;3;3;5;4;4;3;4;4;4;3;4;4;overall good
29/09/2025 19.32;Sukaraja;Male;53;9;4;4;4;3;4;5;5;3;5;4;4;4;3;overall good
19/09/2025 10.00;Sukaraja;Female;44;8;4;3;3;4;3;4;3;4;4;3;4;3;4;overall good
05/09/2025 16.53;Ciomas;Male;49;10;3;4;3;3;4;2;4;4;3;2;4;3;4;improve Mobile Banking, Complaint Handling
28/09/2025 09.15;Cibinong;Female;40;7;4;4;4;4;4;5;3;5;4;4;4;3;4;overall good
14/09/2025 20.20;Ciawi;Male;54;8;3;3;3;3;3;3;3;3;3;3;2;3;3;improve Branch Cleanliness
07/09/2025 22.50;Ciomas;Female;45;9;4;5;4;4;4;3;5;4;4;4;4;4;4;overall good
28/09/2025 22.05;Bogor Barat;Male;34;10;4;3;5;4;4;4;3;4;4;4;5;5;3;overall good
09/09/2025 00.55;Kemang;Female;41;10;4;4;4;3;4;3;3;3;4;3;3;4;4;overall good
11/09/2025 20.33;Bogor Selatan;Male;39;10;4;4;4;4;4;3;4;4;4;4;4;4;3;overall good
30/09/2025 10.14;Baranangsiang;Female;39;2;4;4;4;5;5;3;4;4;5;4;4;4;5;overall good
05/09/2025 15.49;Bogor Selatan;Male;35;7;4;4;3;3;3;4;3;3;4;3;3;4;3;overall good
09/09/2025 04.43;Yasmin;Female;56;6;4;4;5;4;4;5;4;3;5;4;4;4;4;overall good
27/09/2025 02.43;Bogor Tengah;Male;59;4;3;4;4;4;5;4;4;4;4;5;3;5;5;overall good
18/09/2025 22.32;Yasmin;Female;21;7;4;3;5;3;5;4;5;4;3;4;3;5;4;overall good
21/09/2025 16.54;Yasmin;Male;39;4;4;4;4;4;5;3;4;4;4;3;3;3;5;overall good
15/09/2025 07.37;Babakan Madang;Female;54;10;4;4;4;5;5;4;4;4;4;4;4;4;3;overall good
24/09/2025 22.41;Bogor Selatan;Male;28;10;4;4;4;4;4;4;4;4;4;5;4;4;4;overall good
06/09/2025 15.41;Cileungsi;Female;26;2;4;4;4;4;5;4;4;4;4;4;3;4;4;overall good
04/09/2025 14.37;Bojonggede;Male;26;1;3;3;3;3;3;3;3;3;3;4;3;3;4;overall good
23/09/2025 00.19;Ciomas;Female;31;8;4;3;3;3;4;4;4;4;4;3;4;4;4;overall good
16/09/2025 06.46;Ciawi;Male;64;5;3;3;4;4;3;3;4;5;4;3;5;4;3;overall good
10/09/2025 05.49;Bogor Barat;Female;48;10;4;4;5;4;4;4;5;3;5;4;4;4;3;overall good
02/09/2025 17.31;Cijeruk;Male;63;5;4;4;3;3;4;4;4;3;3;4;3;4;3;overall good
11/09/2025 16.33;Bogor Tengah;Female;36;10;4;4;4;3;3;4;4;4;4;3;3;5;4;overall good
10/09/2025 01.59;Yasmin;Male;37;10;4;4;4;3;4;4;4;3;5;4;3;4;4;overall good
26/09/2025 01.32;Caringin;Female;39;9;4;4;3;3;5;4;4;4;3;4;4;4;5;overall good
28/09/2025 01.48;Yasmin;Male;21;8;3;4;4;4;3;3;4;4;3;4;4;4;3;overall good
21/09/2025 07.11;Kemang;Female;34;0;3;4;4;4;3;4;3;4;5;3;4;4;5;overall good
17/09/2025 22.16;Cileungsi;Male;60;9;4;4;4;4;4;4;4;3;4;4;4;4;5;overall good
15/09/2025 13.38;Caringin;Female;54;7;4;4;3;4;4;3;3;3;3;4;3;4;4;overall good
20/09/2025 00.57;Cibinong;Male;39;8;4;5;4;4;4;4;4;4;5;4;3;4;4;overall good
05/09/2025 16.28;Kemang;Female;43;8;4;4;4;4;3;4;4;4;3;4;5;4;4;overall good
14/09/2025 22.41;Cibinong;Male;28;6;3;4;4;3;4;2;4;4;5;4;4;4;4;improve Mobile Banking
06/09/2025 14.56;Gunung Putri;Female;49;10;3;4;4;5;3;3;4;4;4;4;5;4;4;overall good
06/09/2025 12.16;Baranangsiang;Male;50;5;4;4;3;3;4;4;3;4;4;4;4;4;4;overall good
24/09/2025 11.35;Bojonggede;Female;65;9;4;4;4;3;4;4;4;3;4;4;4;4;4;overall good
02/09/2025 09.44;Caringin;Male;59;9;4;3;4;4;3;3;4;3;4;4;4;3;4;overall good
03/09/2025 22.50;Dramaga;Female;38;8;4;3;4;3;4;3;3;4;3;3;4;3;4;overall good
20/09/2025 23.06;Cijeruk;Male;41;10;3;4;3;4;4;4;3;4;3;4;4;5;4;overall good
03/09/2025 15.39;Leuwiliang;Female;49;10;4;4;4;4;4;4;3;3;4;3;4;3;3;overall good
03/09/2025 05.09;Cileungsi;Male;52;8;4;4;4;3;4;3;4;4;3;5;3;4;4;overall good
27/09/2025 00.30;Dramaga;Female;49;9;4;3;5;4;4;4;3;3;4;3;4;4;4;overall good
07/09/2025 06.32;Yasmin;Male;61;10;4;3;3;4;5;3;4;4;4;4;4;5;4;overall good
19/09/2025 09.47;Kemang;Female;55;9;4;4;4;4;4;4;3;3;4;4;4;3;4;overall good
27/09/2025 20.10;Bogor Timur;Male;42;6;4;4;3;4;4;3;4;5;5;4;4;4;4;overall good
18/09/2025 13.52;Bogor Timur;Female;62;9;4;4;3;3;3;4;5;4;4;3;3;3;3;overall good
12/09/2025 03.11;Cijeruk;Male;33;8;5;4;4;4;4;4;3;5;4;5;4;4;4;overall good
21/09/2025 01.38;Dramaga;Female;31;2;4;4;3;4;4;4;4;4;3;4;3;4;4;overall good
02/09/2025 18.01;Yasmin;Male;56;7;4;4;4;3;4;4;4;4;4;4;4;4;5;overall good
24/09/2025 12.56;Bogor Tengah;Female;54;10;3;3;3;2;3;3;4;4;4;3;4;3;3;improve Account Opening
12/09/2025 03.58;Bogor Barat;Male;31;9;5;5;4;5;5;5;5;4;4;4;4;5;5;overall good
19/09/2025 08.14;Cibinong;Female;23;9;5;3;4;4;4;4;3;4;4;4;4;4;5;overall good
05/09/2025 02.56;Leuwiliang;Male;29;2;3;3;3;4;3;3;4;2;4;4;4;3;4;improve Customer Service
01/09/2025 23.28;Bogor Timur;Female;25;8;3;3;3;4;3;4;4;3;3;3;3;4;3;overall good
05/09/2025 15.19;Bogor Tengah;Male;55;7;4;4;4;4;4;3;4;3;3;4;3;4;5;overall good
16/09/2025 17.10;Sukaraja;Female;46;10;4;4;5;4;4;5;4;4;4;4;5;4;4;overall good
14/09/2025 07.17;Gunung Putri;Male;53;8;4;5;4;4;5;3;5;4;4;3;4;3;5;overall good
19/09/2025 06.44;Babakan Madang;Female;33;10;3;4;3;4;3;3;3;3;4;4;4;4;3;overall good
28/09/2025 05.36;Dramaga;Male;48;10;4;4;3;3;3;3;3;4;3;4;3;4;4;overall good
19/09/2025 13.32;Cileungsi;Female;51;9;4;3;4;3;3;4;3;4;4;3;4;4;3;overall good
27/09/2025 12.48;Bogor Tengah;Male;52;2;3;4;3;2;4;3;3;3;4;3;3;3;3;improve Account Opening
20/09/2025 06.56;Bogor Selatan;Female;49;9;3;3;3;3;3;3;4;3;3;4;3;2;3;improve Staff Friendliness
16/09/2025 01.53;Cibinong;Male;49;9;4;4;4;4;4;3;4;3;3;4;2;3;3;improve Branch Cleanliness
05/09/2025 15.08;Ciomas;Female;30;0;4;4;4;3;4;4;3;4;4;4;4;4;4;overall good
29/09/2025 19.22;Cijeruk;Male;31;10;4;4;4;4;3;4;4;4;3;3;4;4;5;overall good
26/09/2025 09.48;Cibinong;Female;26;10;3;4;4;3;4;4;4;5;3;4;4;3;4;overall good
13/09/2025 05.37;Sukaraja;Male;35;10;5;4;4;5;4;4;4;4;4;3;4;4;4;overall good
02/09/2025 18.32;Gunung Putri;Female;40;7;4;3;4;3;4;4;3;3;3;4;3;3;4;overall good
01/09/2025 06.29;Ciomas;Male;65;8;4;4;4;4;3;3;4;4;5;3;4;3;4;overall good
27/09/2025 11.39;Cileungsi;Female;65;10;3;4;5;4;4;5;3;3;4;4;4;4;4;overall good
16/09/2025 14.58;Caringin;Male;41;1;3;3;3;3;4;3;4;3;4;3;4;4;3;overall good
06/09/2025 02.23;Babakan Madang;Female;51;7;3;3;3;4;3;4;3;3;3;3;3;3;3;overall good
01/09/2025 15.52;Gunung Putri;Male;65;9;4;4;4;5;4;5;4;4;4;4;4;4;3;overall good
10/09/2025 13.56;Baranangsiang;Female;54;1;3;4;3;3;3;4;3;4;3;3;3;4;3;overall good
25/09/2025 00.55;Babakan Madang;Male;28;10;4;4;5;4;5;4;3;4;4;4;4;4;4;overall good
07/09/2025 18.57;Baranangsiang;Female;61;3;3;4;3;4;4;4;3;4;4;4;3;4;4;overall good
06/09/2025 16.59;Cijeruk;Male;47;10;4;4;4;4;4;4;5;5;4;5;4;4;4;overall good
14/09/2025 03.51;Gunung Putri;Female;39;5;3;3;3;4;3;3;3;3;3;3;2;3;3;improve Branch Cleanliness
28/09/2025 08.53;Ciawi;Male;41;2;3;4;4;4;4;3;3;4;3;3;4;3;4;overall good
30/09/2025 19.21;Baranangsiang;Female;30;9;3;3;3;2;3;4;3;4;3;3;3;4;4;improve Account Opening
23/09/2025 11.17;Bojonggede;Male;54;8;4;3;3;4;4;5;3;3;4;4;3;4;4;overall good
07/09/2025 13.40;Yasmin;Female;42;5;4;4;5;4;5;5;4;4;4;5;4;5;5;overall good
01/09/2025 11.26;Baranangsiang;Male;54;8;4;4;3;4;4;4;4;4;4;4;5;4;4;overall good
04/09/2025 06.06;Ciomas;Female;47;10;4;3;4;4;4;4;3;4;4;4;4;4;3;overall good
05/09/2025 13.20;Bogor Tengah;Male;40;7;5;5;4;5;4;4;5;5;5;4;5;4;5;overall good
23/09/2025 18.04;Cijeruk;Female;50;9;4;3;4;4;3;3;4;3;5;4;4;4;3;overall good
17/09/2025 17.54;Kemang;Male;31;9;4;4;4;4;5;5;3;3;4;3;4;4;4;overall good
29/09/2025 08.57;Bogor Tengah;Female;33;10;4;4;4;3;4;5;4;4;4;3;4;3;4;overall good
13/09/2025 08.48;Dramaga;Male;44;8;4;4;4;3;4;4;4;4;3;4;4;4;3;overall good
04/09/2025 18.15;Cijeruk;Female;55;7;4;4;4;4;4;4;4;4;5;4;4;3;5;overall good
14/09/2025 14.12;Sukaraja;Male;30;9;3;4;4;4;3;4;4;4;3;4;4;4;3;overall good
26/09/2025 08.32;Baranangsiang;Female;37;7;3;4;4;3;3;3;4;4;3;3;2;4;3;improve Branch Cleanliness
28/09/2025 22.41;Sukaraja;Male;62;8;4;3;4;3;5;4;4;3;4;3;3;4;4;overall good
11/09/2025 03.51;Sukaraja;Female;59;10;4;4;3;3;4;3;4;3;3;4;4;3;4;overall good
05/09/2025 10.25;Baranangsiang;Male;21;7;4;4;4;4;4;4;4;4;4;4;4;4;3;overall good
01/09/2025 00.17;Kemang;Female;30;10;3;4;4;4;3;3;3;3;4;4;4;4;4;overall good
07/09/2025 15.35;Ciomas;Male;25;0;4;4;3;5;3;4;4;5;4;4;4;4;4;overall good
16/09/2025 21.05;Ciawi;Female;49;10;5;5;4;4;5;4;4;5;4;3;5;5;5;overall good
28/09/2025 04.36;Dramaga;Male;53;7;4;4;4;4;4;5;4;4;4;4;4;3;4;overall good
18/09/2025 05.35;Leuwiliang;Female;45;8;4;4;3;4;4;3;4;4;3;4;4;3;4;overall good
30/09/2025 09.19;Dramaga;Male;54;9;4;4;4;3;4;4;4;4;4;4;3;4;3;overall good
14/09/2025 11.35;Yasmin;Female;31;6;4;4;4;4;4;3;3;4;3;4;4;4;4;overall good
13/09/2025 03.53;Tanah Sareal;Male;48;8;4;4;4;4;5;3;4;3;4;4;4;4;4;overall good
17/09/2025 21.39;Bogor Selatan;Female;56;5;4;4;3;3;3;3;4;4;4;2;3;4;3;improve Complaint Handling
17/09/2025 19.06;Baranangsiang;Male;22;8;5;5;4;4;4;3;4;4;4;4;4;5;4;overall good
19/09/2025 13.35;Gunung Putri;Female;34;7;4;4;4;4;4;4;3;3;3;4;3;4;4;overall good
10/09/2025 12.09;Bojonggede;Male;32;0;3;4;3;3;3;2;4;3;4;3;3;4;4;improve Mobile Banking
29/09/2025 10.57;Babakan Madang;Female;44;7;4;4;4;4;4;5;4;4;4;5;4;4;4;overall good
13/09/2025 07.39;Dramaga;Male;42;10;4;5;5;4;4;4;3;4;4;5;5;3;4;overall good
14/09/2025 08.20;Ciawi;Female;21;0;3;3;4;4;4;3;4;3;3;3;4;4;4;overall good
14/09/2025 07.26;Caringin;Male;46;10;3;3;4;5;4;4;3;3;3;3;3;3;4;overall good
23/09/2025 20.31;Bogor Barat;Female;57;6;4;3;4;3;4;4;4;3;3;4;4;3;4;overall good
23/09/2025 23.36;Kemang;Male;61;7;3;3;3;4;2;4;3;3;2;3;4;3;3;improve ATM Service, Loan Application
30/09/2025 18.06;Cijeruk;Female;27;9;3;3;4;4;4;3;4;4;3;4;3;3;4;overall good
05/09/2025 00.29;Tanah Sareal;Male;32;1;3;3;4;4;4;4;4;4;4;4;2;3;3;improve Branch Cleanliness
16/09/2025 06.06;Gunung Putri;Female;28;9;4;5;4;4;4;4;3;3;3;4;4;5;3;overall good
30/09/2025 19.21;Bogor Selatan;Male;55;9;5;5;4;4;5;4;4;4;4;4;5;4;4;overall good
16/09/2025 08.43;Bogor Tengah;Female;42;6;3;3;3;4;3;3;3;3;3;3;3;3;4;overall good
26/09/2025 01.34;Baranangsiang;Male;58;8;4;4;4;4;4;5;5;4;4;4;5;4;4;overall good
04/09/2025 03.40;Bogor Tengah;Female;63;7;3;4;4;4;4;4;3;4;4;4;3;4;3;overall good
05/09/2025 01.49;Yasmin;Male;53;10;3;3;4;3;3;3;3;4;3;2;3;3;3;improve Complaint Handling
25/09/2025 12.54;Baranangsiang;Female;49;9;3;3;4;3;3;2;4;3;3;3;4;3;3;improve Mobile Banking
16/09/2025 02.31;Gunung Putri;Male;32;7;4;4;4;4;4;5;3;4;3;4;4;4;5;overall good
23/09/2025 15.13;Cileungsi;Female;56;10;4;4;4;4;4;5;4;4;4;5;4;4;5;overall good
05/09/2025 06.42;Sukaraja;Male;65;10;4;4;4;5;4;4;4;3;4;3;4;4;4;overall good
10/09/2025 00.18;Bogor Selatan;Female;26;9;4;4;4;4;5;3;4;3;4;4;4;4;3;overall good
09/09/2025 05.17;Ciomas;Male;58;7;4;4;4;3;4;3;3;4;4;4;3;4;3;overall good
04/09/2025 22.41;Bogor Tengah;Female;34;8;4;4;4;4;4;5;5;5;4;4;5;5;4;overall good
10/09/2025 06.37;Cibinong;Male;40;5;4;4;4;4;4;4;5;4;3;4;4;5;4;overall good
09/09/2025 15.23;Tanah Sareal;Female;40;10;4;3;4;4;5;4;4;3;4;5;4;4;4;overall good
11/09/2025 23.15;Cileungsi;Male;29;8;4;4;4;3;4;3;4;4;4;3;5;4;4;overall good
15/09/2025 07.37;Yasmin;Female;38;1;4;3;5;5;5;5;4;4;4;4;4;4;4;overall good
24/09/2025 18.45;Cileungsi;Male;65;9;4;4;4;5;3;4;3;4;3;3;5;3;2;improve Transaction Speed
09/09/2025 06.37;Bojonggede;Female;58;10;4;4;5;4;4;4;4;3;4;4;4;4;4;overall good
22/09/2025 01.28;Bogor Barat;Male;58;9;4;4;4;5;4;4;4;3;4;3;4;4;5;overall good
15/09/2025 00.20;Bojonggede;Female;62;6;4;4;3;4;4;4;3;4;4;3;4;4;4;overall good
05/09/2025 09.44;Yasmin;Male;42;8;4;4;4;3;3;4;3;3;5;4;4;4;3;overall good
13/09/2025 15.54;Ciawi;Female;34;10;4;4;4;4;5;3;4;4;4;4;4;4;5;overall good
24/09/2025 01.39;Bogor Barat;Male;28;7;4;3;4;4;4;3;3;3;3;3;4;4;2;improve Transaction Speed
28/09/2025 08.50;Tanah Sareal;Female;50;8;3;3;3;4;4;3;3;3;4;4;4;3;3;overall good
16/09/2025 15.35;Leuwiliang;Male;63;7;4;5;3;4;3;3;3;4;3;5;4;4;4;overall good
08/09/2025 16.57;Bogor Selatan;Female;61;9;5;5;4;5;5;4;4;4;4;5;4;4;5;overall good
10/09/2025 02.00;Gunung Putri;Male;51;9;4;5;5;4;4;5;4;4;4;4;5;4;5;overall good
02/09/2025 01.20;Bojonggede;Female;40;9;4;3;4;3;4;4;4;5;5;4;5;4;4;overall good
20/09/2025 09.15;Babakan Madang;Male;60;10;4;4;3;4;3;4;3;4;4;4;3;3;4;overall good
30/09/2025 04.08;Caringin;Female;36;10;4;4;4;4;3;4;3;5;3;3;3;3;4;overall good
02/09/2025 22.45;Ciomas;Male;51;2;3;4;3;4;4;3;3;5;3;3;3;5;3;overall good
14/09/2025 01.49;Cibinong;Female;53;10;4;4;4;4;5;4;4;4;5;4;4;3;4;overall good
25/09/2025 20.45;Sukaraja;Male;46;7;4;4;5;4;5;4;4;4;4;4;4;4;4;overall good
26/09/2025 10.36;Baranangsiang;Female;40;5;4;4;3;4;4;4;3;4;4;4;3;3;4;overall good
17/09/2025 04.08;Yasmin;Male;57;7;4;4;4;4;4;4;4;4;4;5;4;4;4;overall good
17/09/2025 19.14;Bogor Barat;Female;26;9;4;4;4;4;2;4;4;4;4;4;3;4;4;improve ATM Service
08/09/2025 03.50;Babakan Madang;Male;46;9;4;4;4;4;3;4;4;5;4;4;3;4;5;overall good
09/09/2025 23.04;Yasmin;Female;32;9;4;4;4;3;4;3;4;4;4;4;4;4;5;overall good
08/09/2025 11.35;Cibinong;Male;34;9;4;3;4;4;3;4;3;3;3;5;4;3;4;overall good
17/09/2025 17.37;Cijeruk;Female;44;9;4;4;4;4;4;3;3;4;4;4;4;5;4;overall good
11/09/2025 07.34;Bogor Selatan;Male;51;8;3;5;3;3;4;4;5;4;4;4;4;3;4;overall good
12/09/2025 18.48;Caringin;Female;63;10;4;4;4;4;4;3;3;4;4;4;4;3;4;overall good
20/09/2025 09.53;Bogor Selatan;Male;45;9;4;4;4;4;3;3;4;4;4;4;3;4;5;overall good
21/09/2025 14.41;Ciomas;Female;39;5;4;4;3;4;4;3;4;4;4;3;5;3;4;overall good
24/09/2025 16.55;Kemang;Male;46;8;3;3;3;4;3;3;3;3;4;4;3;4;2;improve Transaction Speed
12/09/2025 09.58;Sukaraja;Female;22;9;4;5;5;5;4;4;5;3;4;4;4;4;5;overall good
30/09/2025 15.21;Bojonggede;Male;44;9;4;4;4;4;3;4;4;4;3;4;5;3;4;overall good
12/09/2025 04.03;Kemang;Female;46;5;4;3;3;4;4;4;4;4;4;3;4;4;4;overall good
15/09/2025 15.46;Tanah Sareal;Male;52;9;3;4;4;3;4;3;4;3;3;4;4;4;3;overall good
21/09/2025 15.59;Gunung Putri;Female;26;9;3;3;4;3;3;4;4;4;3;4;4;4;4;overall good
02/09/2025 16.34;Tanah Sareal;Male;39;10;3;4;4;4;3;4;4;4;4;4;3;3;3;overall good
26/09/2025 02.45;Cileungsi;Female;47;10;4;4;4;5;4;4;5;4;3;4;4;4;3;overall good
05/09/2025 22.08;Bogor Selatan;Male;50;2;4;4;3;4;4;4;4;4;4;4;4;4;4;overall good
28/09/2025 21.33;Leuwiliang;Female;21;9;4;4;4;4;4;4;4;4;4;3;4;4;4;overall good
24/09/2025 14.23;Ciawi;Male;45;7;4;4;4;4;4;4;3;3;3;4;4;3;3;overall good
21/09/2025 15.08;Leuwiliang;Female;48;8;4;4;4;5;4;3;4;3;5;5;3;3;4;overall good
25/09/2025 08.56;Cileungsi;Male;61;10;4;3;4;4;5;4;3;4;4;3;4;4;4;overall good
06/09/2025 10.06;Bojonggede;Female;51;8;4;4;4;4;4;4;5;5;3;4;4;4;3;overall good
04/09/2025 21.13;Baranangsiang;Male;48;8;3;4;3;4;3;4;4;3;4;4;5;3;3;overall good
10/09/2025 14.14;Tanah Sareal;Female;21;10;3;4;4;4;4;3;3;3;3;3;4;4;4;overall good
22/09/2025 02.40;Ciawi;Male;60;8;4;4;4;5;4;5;5;4;4;4;4;4;4;overall good
24/09/2025 18.27;Bogor Barat;Female;50;9;4;4;5;4;5;4;5;5;4;4;5;4;4;overall good
13/09/2025 05.58;Babakan Madang;Male;44;10;4;4;4;3;4;4;4;5;4;3;4;4;4;overall good
27/09/2025 08.20;Gunung Putri;Female;42;7;4;3;4;4;4;4;4;3;3;3;3;3;4;overall good
01/09/2025 20.24;Cileungsi;Male;32;10;4;4;3;3;4;3;4;4;3;5;4;3;4;overall good
29/09/2025 22.07;Babakan Madang;Female;41;9;4;4;3;3;3;4;3;4;3;4;4;4;3;overall good
13/09/2025 01.40;Bogor Selatan;Male;43;8;4;5;4;3;4;4;4;4;5;3;3;3;4;overall good
08/09/2025 00.31;Baranangsiang;Female;26;7;4;3;4;3;4;4;4;3;4;4;3;4;3;overall good
23/09/2025 05.38;Caringin;Male;48;2;4;5;4;4;4;4;4;3;4;5;4;4;4;overall good
26/09/2025 09.59;Kemang;Female;36;6;4;4;4;4;4;3;3;4;4;4;4;4;3;overall good
19/09/2025 02.20;Sukaraja;Male;50;10;3;3;3;3;5;4;3;4;5;4;5;4;4;overall good
05/09/2025 21.48;Bogor Barat;Female;30;5;3;4;4;3;4;4;3;3;3;4;3;3;3;overall good
17/09/2025 09.32;Leuwiliang;Male;53;0;4;3;4;4;4;5;4;3;4;4;3;3;4;overall good
13/09/2025 11.15;Dramaga;Female;48;9;4;4;4;4;4;4;3;4;4;4;4;5;3;overall good
10/09/2025 07.16;Bogor Timur;Male;48;6;4;4;3;4;4;5;3;4;3;4;4;4;3;overall good
25/09/2025 22.53;Sukaraja;Female;37;4;4;3;3;3;4;4;4;3;4;4;4;4;4;overall good
19/09/2025 04.01;Cijeruk;Male;36;7;4;4;4;3;5;4;5;4;4;5;5;4;4;overall good
14/09/2025 08.08;Sukaraja;Female;51;10;4;4;3;4;4;4;2;4;4;3;4;4;3;improve Internet Banking
30/09/2025 08.26;Baranangsiang;Male;38;7;4;4;3;4;3;4;4;4;5;5;3;4;3;overall good
01/09/2025 05.53;Leuwiliang;Female;32;8;5;5;5;3;4;4;5;5;5;3;5;5;5;overall good
07/09/2025 07.11;Gunung Putri;Male;34;10;4;4;3;4;4;4;5;4;4;4;4;4;4;overall good
05/09/2025 17.11;Cileungsi;Female;38;8;3;3;3;3;3;3;4;4;4;4;3;4;4;overall good
11/09/2025 17.33;Cibinong;Male;35;10;4;4;4;3;4;3;4;4;3;4;4;4;4;overall good
29/09/2025 12.58;Bogor Timur;Female;60;10;4;4;3;4;4;3;4;4;4;4;4;4;4;overall good
24/09/2025 02.07;Gunung Putri;Male;61;8;3;4;4;4;4;4;2;4;4;4;4;3;3;improve Internet Banking
17/09/2025 19.32;Cijeruk;Female;21;10;4;4;4;4;4;4;5;4;4;4;4;4;4;overall good
11/09/2025 05.24;Babakan Madang;Male;30;10;4;3;3;4;4;3;4;5;4;3;4;3;3;overall good
13/09/2025 09.54;Cijeruk;Female;65;10;3;3;4;3;3;4;4;3;3;3;4;4;4;overall good
04/09/2025 19.35;Leuwiliang;Male;23;4;3;4;4;3;3;4;2;4;3;3;4;3;3;improve Internet Banking
11/09/2025 01.48;Caringin;Female;56;0;4;4;3;3;3;4;4;5;3;4;3;4;4;overall good
22/09/2025 22.02;Ciawi;Male;44;10;4;4;3;4;4;4;4;4;4;5;3;3;4;overall good
18/09/2025 01.40;Babakan Madang;Female;22;9;4;4;4;4;3;3;4;3;4;4;4;4;3;overall good
14/09/2025 18.45;Sukaraja;Male;48;7;3;4;4;3;3;3;4;3;4;4;3;4;3;overall good
27/09/2025 02.20;Cijeruk;Female;52;3;4;4;4;3;4;4;4;4;3;4;4;3;4;overall good
05/09/2025 16.59;Tanah Sareal;Male;45;7;4;4;4;4;4;4;4;4;4;4;4;4;3;overall good
28/09/2025 16.57;Leuwiliang;Female;34;9;4;4;4;4;3;3;4;4;4;4;3;4;4;overall good
27/09/2025 16.52;Dramaga;Male;32;8;5;4;5;3;4;4;4;4;4;4;4;4;4;overall good
30/09/2025 02.10;Gunung Putri;Female;43;8;5;4;4;4;4;4;4;4;5;4;4;4;4;overall good
16/09/2025 10.14;Cileungsi;Male;41;7;4;4;4;4;4;4;5;4;5;4;5;4;4;overall good
20/09/2025 14.39;Ciawi;Female;55;7;4;4;3;4;5;4;4;4;4;4;5;3;3;overall good
08/09/2025 14.52;Caringin;Male;50;10;3;4;4;4;4;3;4;4;4;3;4;4;4;overall good
23/09/2025 12.37;Baranangsiang;Female;46;10;4;4;4;4;4;3;4;4;3;3;4;3;3;overall good
29/09/2025 03.55;Baranangsiang;Male;64;3;3;3;4;3;4;4;4;4;3;3;4;4;3;overall good
11/09/2025 21.12;Gunung Putri;Female;47;9;4;4;4;4;4;4;4;4;4;4;4;3;5;overall good
30/09/2025 02.32;Tanah Sareal;Male;60;7;4;4;4;3;4;4;4;4;4;3;4;3;3;overall good
30/09/2025 14.28;Sukaraja;Female;47;2;4;4;4;4;4;4;4;4;3;4;4;3;5;overall good
05/09/2025 09.59;Cibinong;Male;31;8;4;4;4;3;4;4;3;3;4;3;5;4;5;overall good
27/09/2025 19.11;Bojonggede;Female;22;8;4;4;4;3;4;4;4;4;4;4;4;4;3;overall good
23/09/2025 05.20;Ciawi;Male;33;7;5;4;5;5;5;4;5;5;4;5;5;5;5;overall good
16/09/2025 16.00;Bojonggede;Female;36;9;4;4;4;4;3;4;4;4;4;3;5;5;3;overall good
11/09/2025 01.10;Tanah Sareal;Male;39;9;4;3;4;3;4;4;3;4;3;3;3;3;3;overall good
12/09/2025 17.48;Sukaraja;Female;50;10;4;4;4;4;4;3;4;4;5;4;4;4;4;overall good
30/09/2025 07.43;Baranangsiang;Male;50;7;4;4;4;4;4;4;3;3;4;4;3;5;3;overall good
01/09/2025 08.01;Ciomas;Female;31;9;3;3;3;4;3;3;4;3;4;2;4;4;3;improve Complaint Handling
19/09/2025 16.55;Bogor Barat;Male;64;8;4;4;4;5;4;4;4;4;4;4;3;4;4;overall good
27/09/2025 02.02;Bogor Timur;Female;47;5;3;4;3;2;3;4;4;3;3;3;4;4;3;improve Account Opening
02/09/2025 03.38;Bogor Selatan;Male;59;4;3;4;3;3;3;3;3;3;3;3;4;3;3;overall good
15/09/2025 05.19;Babakan Madang;Female;51;0;3;4;4;3;3;3;3;3;3;3;4;3;4;overall good
21/09/2025 19.20;Leuwiliang;Male;23;10;5;4;5;5;4;4;5;5;4;5;5;5;5;overall good
29/09/2025 03.31;Bogor Selatan;Female;27;10;3;3;3;2;3;3;2;3;3;3;3;2;3;improve Account Opening, Internet Banking, Staff Friendliness
07/09/2025 21.23;Bogor Selatan;Male;31;8;3;4;3;4;3;4;3;4;4;3;3;4;3;overall good
17/09/2025 00.30;Cibinong;Female;51;9;4;4;4;3;5;4;3;3;4;4;3;4;4;overall good
12/09/2025 21.07;Bogor Timur;Male;50;3;3;3;3;3;3;3;3;3;3;3;4;4;4;overall good
17/09/2025 01.14;Cileungsi;Female;42;10;3;4;4;4;3;4;4;3;3;4;4;3;4;overall good
29/09/2025 20.33;Babakan Madang;Male;65;10;4;4;5;4;5;4;3;4;4;4;3;4;4;overall good
02/09/2025 06.13;Bogor Barat;Female;29;10;3;3;3;4;4;3;3;3;4;4;4;3;4;overall good
15/09/2025 21.17;Cibinong;Male;44;8;4;4;4;4;3;3;3;3;3;3;4;4;4;overall good
22/09/2025 08.28;Baranangsiang;Female;57;3;3;3;4;4;3;4;4;4;4;4;4;2;3;improve Staff Friendliness
08/09/2025 02.42;Dramaga;Male;30;7;4;4;4;3;4;4;4;4;3;4;4;3;3;overall good
12/09/2025 01.32;Kemang;Female;39;2;3;3;3;3;3;4;3;4;3;2;2;3;4;improve Complaint Handling, Branch Cleanliness
29/10/2025 08.40;Bogor Tengah;Male;34;7;4;3;3;4;4;4;3;3;4;4;4;4;3;overall good
24/10/2025 03.42;Bogor Tengah;Female;37;10;4;4;5;4;4;4;5;4;5;4;5;4;5;overall good
08/10/2025 13.36;Kemang;Male;31;5;4;4;4;4;4;3;4;4;4;4;4;3;4;overall good
19/10/2025 08.22;Sukaraja;Female;53;10;4;3;4;3;4;4;3;4;4;3;3;3;3;overall good
09/10/2025 12.20;Caringin;Male;62;10;4;4;3;3;3;4;3;3;4;4;3;3;3;overall good
17/10/2025 14.53;Caringin;Female;45;9;4;4;4;4;5;5;5;4;4;5;5;4;4;overall good
14/10/2025 12.15;Cibinong;Male;40;9;4;4;4;4;4;4;3;3;4;4;3;4;4;overall good
25/10/2025 05.07;Kemang;Female;28;2;3;3;3;3;3;4;3;4;3;4;2;4;3;improve Branch Cleanliness
26/10/2025 10.38;Babakan Madang;Male;57;0;4;4;3;5;3;3;5;4;3;4;4;3;3;overall good
20/10/2025 08.16;Cibinong;Female;33;9;4;4;4;3;4;4;4;4;3;4;4;4;4;overall good
27/10/2025 20.37;Bogor Selatan;Male;42;8;4;4;3;4;5;3;4;4;4;3;3;4;4;overall good
03/10/2025 17.12;Cijeruk;Female;55;6;3;3;3;3;4;3;3;3;3;2;3;3;4;improve Complaint Handling
13/10/2025 10.20;Babakan Madang;Male;57;7;3;4;4;5;4;3;4;4;4;4;4;4;4;overall good
12/10/2025 21.32;Baranangsiang;Female;65;6;3;4;4;3;5;4;4;4;4;3;4;3;4;overall good
02/10/2025 22.52;Cibinong;Male;65;7;4;4;4;4;4;3;4;3;4;3;3;3;3;overall good
10/10/2025 05.22;Kemang;Female;38;7;4;4;3;4;4;4;4;4;4;4;4;4;4;overall good
11/10/2025 02.01;Bogor Timur;Male;29;7;3;3;4;3;4;3;4;4;3;4;3;4;3;overall good
23/10/2025 12.54;Cibinong;Female;36;8;4;4;4;4;3;4;3;4;3;4;4;3;4;overall good
16/10/2025 11.29;Bogor Selatan;Male;55;0;4;4;4;3;3;3;4;4;4;4;4;3;4;overall good
05/10/2025 01.09;Bogor Timur;Female;33;10;4;4;4;4;4;3;4;4;4;3;3;4;3;overall good
30/10/2025 01.03;Caringin;Male;33;9;4;4;4;4;4;3;4;4;4;3;3;4;3;overall good
06/10/2025 09.56;Caringin;Female;40;8;4;4;4;4;4;5;4;4;3;4;4;3;3;overall good
01/10/2025 00.34;Babakan Madang;Male;62;10;3;4;4;3;4;3;3;3;4;4;4;4;3;overall good
31/10/2025 15.19;Cileungsi;Female;47;8;4;4;4;3;3;4;4;3;3;4;3;4;3;overall good
15/10/2025 13.06;Baranangsiang;Male;42;8;4;4;4;3;4;4;3;4;4;4;4;3;4;overall good
28/10/2025 05.55;Cileungsi;Female;55;10;5;5;4;5;5;4;4;4;4;5;5;4;4;overall good
09/10/2025 20.15;Ciawi;Male;40;7;4;3;4;5;3;4;5;4;4;4;4;4;4;overall good
25/10/2025 01.38;Caringin;Female;21;10;4;4;4;3;4;4;4;4;5;4;4;3;4;overall good
15/10/2025 18.55;Baranangsiang;Male;32;10;4;4;4;4;5;4;2;3;4;4;4;3;4;improve Internet Banking
10/10/2025 09.33;Bogor Selatan;Female;49;9;4;3;4;3;4;4;3;3;4;4;4;4;4;overall good
16/10/2025 12.50;Bogor Selatan;Male;35;10;4;3;4;4;3;4;4;4;4;4;3;4;4;overall good
30/10/2025 14.09;Ciawi;Female;51;10;4;3;4;4;3;5;4;4;4;3;5;5;4;overall good
08/10/2025 14.12;Yasmin;Male;57;8;4;3;4;4;4;4;4;4;5;4;4;4;4;overall good
30/10/2025 14.50;Yasmin;Female;46;7;4;4;4;3;4;3;4;4;4;4;4;4;3;overall good
29/10/2025 21.29;Baranangsiang;Male;41;8;5;5;4;4;4;4;5;4;5;5;4;4;4;overall good
23/10/2025 21.53;Gunung Putri;Female;38;10;4;4;4;4;4;4;4;4;3;4;4;4;5;overall good
18/10/2025 04.21;Dramaga;Male;44;10;4;3;4;4;3;3;3;4;3;3;3;5;3;overall good
21/10/2025 05.59;Ciomas;Female;49;10;4;4;4;4;4;4;5;3;4;3;3;3;3;overall good
18/10/2025 03.59;Bogor Tengah;Male;46;10;4;3;5;4;4;5;4;4;3;4;3;5;3;overall good
10/10/2025 19.35;Tanah Sareal;Female;50;0;3;3;4;4;3;5;4;4;2;4;5;4;3;improve Loan Application
19/10/2025 03.07;Yasmin;Male;63;2;3;4;4;4;4;4;4;3;4;4;5;4;5;overall good
16/10/2025 19.27;Bogor Tengah;Female;41;10;4;4;5;4;3;4;3;3;4;3;4;4;4;overall good
30/10/2025 23.30;Cijeruk;Male;56;7;4;3;3;4;3;3;3;4;4;4;3;3;4;overall good
04/10/2025 14.42;Ciawi;Female;49;7;5;5;4;5;3;4;4;4;4;5;5;4;4;overall good
29/10/2025 18.49;Cibinong;Male;31;10;3;3;4;3;4;4;4;4;4;4;3;4;5;overall good
24/10/2025 15.26;Caringin;Female;23;3;3;4;3;3;3;2;3;4;3;2;4;4;4;improve Mobile Banking, Complaint Handling
19/10/2025 04.55;Cibinong;Male;38;4;4;4;4;3;3;4;4;4;4;4;4;3;3;overall good
14/10/2025 09.37;Bogor Barat;Female;27;10;3;4;4;4;3;4;4;4;3;4;4;4;4;overall good
06/10/2025 09.21;Cijeruk;Male;44;10;4;4;4;4;4;5;4;4;5;4;4;4;4;overall good
16/10/2025 18.07;Caringin;Female;29;0;4;4;4;4;5;4;4;4;4;4;4;4;4;overall good
15/10/2025 12.11;Gunung Putri;Male;30;4;4;3;5;4;4;5;5;5;4;5;4;5;5;overall good
12/10/2025 21.42;Sukaraja;Female;33;8;4;3;4;4;4;3;3;4;5;4;4;3;4;overall good
28/10/2025 00.34;Ciomas;Male;57;8;4;4;4;4;3;3;3;4;3;3;4;2;4;improve Staff Friendliness
04/10/2025 07.13;Ciawi;Female;39;1;3;3;3;3;4;3;4;4;3;4;4;4;3;overall good
11/10/2025 10.16;Ciomas;Male;44;3;4;4;4;5;3;4;3;3;4;4;4;4;4;overall good
18/10/2025 13.59;Baranangsiang;Female;41;10;4;4;4;4;4;4;3;4;3;4;4;3;3;overall good
13/10/2025 13.47;Ciomas;Male;33;5;3;4;4;4;4;4;4;3;4;3;4;4;4;overall good
07/10/2025 19.25;Cileungsi;Female;59;7;4;4;4;4;5;4;4;4;4;3;4;4;4;overall good
24/10/2025 14.38;Bogor Selatan;Male;62;10;4;3;4;4;3;4;3;3;5;4;3;3;4;overall good
01/10/2025 18.52;Bogor Barat;Female;54;10;4;4;4;4;4;4;5;3;4;5;4;4;5;overall good
16/10/2025 21.03;Sukaraja;Male;48;4;4;5;4;4;5;4;4;4;5;4;4;4;4;overall good
31/10/2025 19.05;Cijeruk;Female;52;10;4;4;5;4;5;5;5;5;4;4;4;4;4;overall good
26/10/2025 19.32;Bogor Timur;Male;25;7;3;3;3;3;4;3;3;3;3;3;2;4;3;improve Branch Cleanliness
28/10/2025 20.40;Baranangsiang;Female;53;0;4;4;3;4;4;5;4;4;5;4;5;3;4;overall good
04/10/2025 13.08;Babakan Madang;Male;60;1;3;4;4;3;4;3;3;3;3;4;3;3;3;overall good
17/10/2025 00.58;Gunung Putri;Female;38;9;4;4;4;5;5;4;4;4;4;5;4;5;4;overall good
23/10/2025 01.00;Bogor Timur;Male;32;8;4;4;4;3;3;4;4;3;3;4;4;4;4;overall good
02/10/2025 01.01;Ciawi;Female;65;8;4;4;4;4;4;4;5;4;4;4;4;3;4;overall good
01/10/2025 21.59;Leuwiliang;Male;57;10;3;3;3;3;3;2;4;3;4;3;3;3;3;improve Mobile Banking
13/10/2025 13.35;Bogor Tengah;Female;35;9;4;4;3;4;4;5;4;3;4;4;4;5;4;overall good
26/10/2025 20.14;Cibinong;Male;58;8;4;4;4;4;4;4;4;4;3;4;4;3;4;overall good
29/10/2025 00.05;Babakan Madang;Female;62;8;4;5;4;4;4;4;3;3;4;4;4;4;4;overall good
15/10/2025 23.24;Tanah Sareal;Male;33;1;3;3;3;3;3;5;4;4;3;4;3;5;3;overall good
07/10/2025 04.20;Baranangsiang;Female;27;9;3;4;4;4;3;3;4;5;4;4;3;3;3;overall good
16/10/2025 07.23;Cijeruk;Male;43;2;4;4;4;4;4;3;5;4;4;4;4;3;4;overall good
08/10/2025 22.14;Cibinong;Female;63;10;5;4;4;5;5;4;4;4;4;5;4;4;4;overall good
18/10/2025 06.00;Gunung Putri;Male;38;9;4;4;4;4;3;4;5;3;4;4;4;4;3;overall good
06/10/2025 23.26;Bogor Tengah;Female;29;3;4;4;4;4;3;4;4;4;4;4;3;4;4;overall good
19/10/2025 11.13;Leuwiliang;Male;22;9;4;5;4;5;4;5;4;4;4;5;4;3;4;overall good
10/10/2025 23.34;Bogor Barat;Female;49;9;4;4;4;5;3;4;4;4;4;5;4;5;3;overall good
09/10/2025 12.00;Leuwiliang;Male;58;0;4;4;3;3;4;4;4;5;4;4;4;3;4;overall good
08/10/2025 21.46;Ciawi;Female;58;0;3;3;3;4;4;3;3;2;3;4;4;3;4;improve Customer Service
30/10/2025 08.41;Yasmin;Male;28;5;4;4;3;5;4;5;3;5;4;4;4;4;4;overall good
05/10/2025 09.46;Bojonggede;Female;41;7;3;3;4;3;3;3;4;3;4;3;4;4;5;overall good
23/10/2025 04.23;Ciawi;Male;44;9;4;4;4;3;4;4;3;3;4;4;4;3;3;overall good
20/10/2025 10.23;Bogor Tengah;Female;21;8;3;4;5;4;4;3;4;4;4;4;4;4;3;overall good
04/10/2025 04.05;Bogor Selatan;Male;43;10;4;4;4;3;4;3;4;3;3;3;4;3;4;overall good
19/10/2025 22.01;Gunung Putri;Female;62;9;4;4;3;4;4;5;3;3;4;3;3;3;3;overall good
16/10/2025 16.38;Caringin;Male;22;2;3;3;3;4;3;3;4;4;3;4;4;3;4;overall good
28/10/2025 09.46;Bogor Barat;Female;30;1;4;3;3;4;4;3;4;3;3;4;3;3;4;overall good
23/10/2025 19.22;Bogor Tengah;Male;29;7;4;4;3;3;4;4;4;4;3;4;3;4;4;overall good
15/10/2025 05.28;Bogor Barat;Female;24;7;4;4;4;3;4;4;3;3;3;5;3;4;3;overall good
21/10/2025 08.26;Bojonggede;Male;60;7;3;4;3;4;4;4;4;5;4;3;4;4;5;overall good
09/10/2025 19.35;Baranangsiang;Female;32;1;4;4;5;4;5;4;4;4;3;4;4;4;4;overall good
25/10/2025 03.41;Bojonggede;Male;28;7;4;4;4;3;4;5;4;3;4;4;4;4;4;overall good
13/10/2025 20.57;Yasmin;Female;40;10;4;4;4;4;4;4;4;4;3;4;4;4;5;overall good
17/10/2025 02.19;Kemang;Male;41;9;4;4;4;5;4;4;3;4;4;4;5;4;4;overall good
20/10/2025 18.57;Bogor Tengah;Female;51;9;3;4;4;3;4;4;3;4;4;4;5;4;4;overall good
08/10/2025 16.17;Bogor Barat;Male;55;9;4;4;4;2;4;3;4;4;4;5;3;5;5;improve Account Opening
05/10/2025 11.19;Bogor Selatan;Female;21;9;5;4;3;4;3;4;4;4;5;4;4;4;4;overall good
23/10/2025 13.06;Gunung Putri;Male;25;10;3;3;3;4;3;5;4;4;3;4;3;4;4;overall good
16/10/2025 02.50;Gunung Putri;Female;55;9;4;4;4;3;4;4;5;4;4;4;4;4;4;overall good
07/10/2025 05.21;Caringin;Male;51;2;3;3;3;3;4;3;3;4;4;4;4;4;3;overall good
24/10/2025 04.39;Ciomas;Female;63;7;4;4;4;5;4;3;4;4;4;5;4;4;4;overall good
25/10/2025 23.42;Caringin;Male;57;9;3;4;4;4;5;5;4;3;5;4;4;4;3;overall good
05/10/2025 14.26;Tanah Sareal;Female;30;9;4;4;3;4;4;4;4;3;4;4;4;3;5;overall good
13/10/2025 03.00;Leuwiliang;Male;39;0;4;4;3;2;4;3;4;4;3;4;3;4;4;improve Account Opening
16/10/2025 22.52;Cibinong;Female;37;10;4;4;4;5;3;4;3;3;3;4;4;4;5;overall good
07/10/2025 09.26;Babakan Madang;Male;63;8;4;4;4;3;4;5;3;5;4;4;4;4;3;overall good
29/10/2025 03.00;Ciomas;Female;48;7;3;3;4;4;4;4;4;4;3;3;3;4;4;overall good
09/10/2025 20.14;Bogor Barat;Male;45;7;5;4;4;5;5;5;4;5;4;5;5;4;5;overall good
12/10/2025 13.05;Bogor Tengah;Female;30;6;3;3;3;3;3;3;3;3;3;3;4;3;3;overall good
24/10/2025 11.43;Baranangsiang;Male;46;10;4;4;4;4;4;4;3;3;4;5;4;4;3;overall good
22/10/2025 22.44;Bojonggede;Female;33;8;4;3;4;3;3;4;4;4;4;4;4;3;4;overall good
22/10/2025 08.28;Yasmin;Male;50;4;3;4;3;3;4;3;4;4;4;3;3;4;4;overall good
17/10/2025 08.55;Bogor Selatan;Female;38;8;4;3;3;3;4;4;3;4;4;3;4;3;4;overall good
27/10/2025 15.30;Baranangsiang;Male;37;10;4;4;4;4;3;3;3;3;3;3;4;3;4;overall good
26/10/2025 04.45;Babakan Madang;Female;63;10;4;4;5;4;4;4;5;3;3;4;4;4;3;overall good
02/10/2025 05.36;Cileungsi;Male;25;8;4;3;4;4;4;3;4;3;4;4;5;4;4;overall good
06/10/2025 09.29;Cijeruk;Female;29;10;4;4;4;4;4;3;4;4;3;3;4;4;3;overall good
17/10/2025 21.00;Bogor Selatan;Male;56;7;4;4;4;4;4;5;4;4;5;4;5;4;4;overall good
25/10/2025 12.02;Dramaga;Female;49;7;3;5;4;3;3;4;3;4;4;4;4;3;4;overall good
10/10/2025 11.02;Baranangsiang;Male;46;4;4;5;4;3;4;4;4;4;3;4;4;4;5;overall good
10/10/2025 15.28;Tanah Sareal;Female;64;9;4;4;4;4;2;4;4;4;3;4;3;4;3;improve ATM Service
28/10/2025 07.48;Bojonggede;Male;54;1;3;3;4;3;3;3;3;4;4;4;4;4;3;overall good
27/10/2025 04.30;Ciawi;Female;54;10;4;4;4;4;3;4;3;4;3;4;4;4;4;overall good
09/10/2025 02.16;Cibinong;Male;65;4;3;4;4;4;4;5;4;4;3;4;5;5;4;overall good
31/10/2025 19.43;Bojonggede;Female;31;9;4;5;4;4;3;5;4;4;5;4;5;5;5;overall good
08/10/2025 09.09;Kemang;Male;35;6;4;4;3;4;4;4;4;4;4;3;3;3;4;overall good
14/10/2025 12.23;Cijeruk;Female;60;9;4;5;4;4;4;5;5;4;4;2;3;3;3;improve Complaint Handling
24/10/2025 03.12;Bogor Barat;Male;46;10;4;4;4;5;4;5;4;3;5;5;4;5;4;overall good
01/10/2025 00.24;Babakan Madang;Female;41;10;4;4;4;4;3;4;3;4;3;5;4;3;4;overall good
11/10/2025 03.13;Bogor Timur;Male;37;8;4;4;4;3;4;4;3;4;4;4;4;5;4;overall good
20/10/2025 22.07;Kemang;Female;59;0;4;5;4;4;3;4;4;3;4;4;4;4;4;overall good
12/10/2025 18.29;Tanah Sareal;Male;30;7;4;3;4;4;3;4;4;4;4;3;3;3;4;overall good
29/10/2025 17.03;Leuwiliang;Female;31;8;4;4;4;4;4;4;5;4;4;4;5;3;4;overall good
11/10/2025 23.39;Yasmin;Male;36;0;3;4;3;4;3;4;4;4;2;4;4;4;3;improve Loan Application
29/10/2025 10.39;Cileungsi;Female;29;0;4;4;4;4;4;4;4;4;4;4;4;4;4;overall good
16/10/2025 21.31;Tanah Sareal;Male;34;10;5;4;4;4;4;4;3;4;4;4;4;4;4;overall good
26/10/2025 10.47;Bogor Tengah;Female;61;10;4;5;4;4;4;3;4;4;4;5;5;4;4;overall good
22/10/2025 06.37;Bogor Selatan;Male;61;7;4;3;3;4;4;3;4;4;4;4;4;4;3;overall good
08/10/2025 11.02;Dramaga;Female;28;8;4;5;4;4;4;3;4;4;4;4;4;3;4;overall good
19/10/2025 12.28;Bogor Timur;Male;42;0;4;4;4;3;3;5;4;4;4;5;4;3;4;overall good
29/10/2025 09.32;Cileungsi;Female;28;3;3;3;4;3;4;3;4;3;4;3;3;4;3;overall good
15/10/2025 03.09;Baranangsiang;Male;65;3;4;4;4;4;3;4;4;4;4;5;4;3;4;overall good
12/10/2025 17.07;Cibinong;Female;54;10;4;4;4;4;4;4;4;5;4;4;5;4;3;overall good
03/10/2025 18.00;Caringin;Male;65;8;5;4;5;4;5;5;4;4;5;4;4;5;4;overall good
14/10/2025 09.24;Bogor Selatan;Female;38;5;4;4;3;4;4;4;4;4;4;4;4;5;3;overall good
13/10/2025 04.43;Cileungsi;Male;61;8;4;4;4;5;4;5;4;4;3;5;4;4;4;overall good
12/10/2025 18.49;Bojonggede;Female;26;10;4;5;4;5;4;4;4;4;3;4;5;3;4;overall good
13/10/2025 21.37;Sukaraja;Male;52;10;3;4;4;4;5;4;4;3;3;4;3;4;4;overall good
30/10/2025 10.46;Bogor Selatan;Female;52;8;4;3;3;4;4;4;4;4;4;4;4;3;3;overall good
29/10/2025 15.47;Ciawi;Male;63;9;4;4;3;5;4;4;5;3;4;5;5;4;4;overall good
18/10/2025 12.14;Bogor Selatan;Female;57;9;4;4;3;4;4;4;4;3;4;4;4;2;4;improve Staff Friendliness
20/10/2025 02.44;Sukaraja;Male;64;8;4;5;5;4;5;4;4;4;4;5;4;5;4;overall good
23/10/2025 08.48;Bogor Barat;Female;43;8;5;4;4;4;4;4;4;4;4;4;4;4;4;overall good
31/10/2025 11.48;Sukaraja;Male;54;10;3;4;3;5;4;4;4;4;3;3;4;4;4;overall good
28/10/2025 12.31;Gunung Putri;Female;63;1;4;4;4;4;4;4;4;3;5;5;3;4;5;overall good
05/10/2025 19.06;Baranangsiang;Male;22;8;4;4;4;4;4;4;4;5;4;4;4;3;4;overall good
23/10/2025 04.00;Dramaga;Female;47;5;4;5;4;5;4;4;4;4;4;4;4;4;5;overall good
18/10/2025 02.33;Cileungsi;Male;43;2;3;4;3;2;3;3;3;3;4;5;3;4;4;improve Account Opening
16/10/2025 18.05;Cibinong;Female;38;9;4;5;4;4;4;4;4;4;3;4;4;4;4;overall good
08/10/2025 19.06;Babakan Madang;Male;65;2;4;4;3;4;4;3;4;4;5;4;4;4;3;overall good
20/10/2025 11.34;Yasmin;Female;56;8;4;4;4;4;3;4;3;3;3;3;4;3;4;overall good
05/10/2025 07.32;Bojonggede;Male;32;6;4;3;4;4;4;4;4;3;4;3;4;4;3;overall good
16/10/2025 08.47;Ciomas;Female;43;7;4;5;4;4;4;4;4;4;5;5;4;4;4;overall good
20/10/2025 17.06;Dramaga;Male;27;0;4;4;4;3;4;4;4;5;4;4;5;4;4;overall good
19/10/2025 13.52;Ciomas;Female;60;7;4;4;4;4;4;3;4;4;3;3;3;4;4;overall good
18/10/2025 00.28;Yasmin;Male;37;3;4;2;4;3;5;3;4;3;3;3;5;3;3;overall good
08/10/2025 17.30;Ciomas;Female;49;6;3;4;4;4;3;4;4;4;4;4;3;4;4;overall good
29/10/2025 05.54;Baranangsiang;Male;41;9;4;3;4;3;3;3;4;4;4;4;4;5;4;overall good
28/10/2025 04.21;Dramaga;Female;53;8;4;5;4;4;4;4;5;4;5;4;5;4;4;overall good
10/10/2025 15.24;Cijeruk;Male;32;9;4;5;3;4;4;4;3;4;4;3;4;4;3;overall good
13/10/2025 18.50;Bogor Timur;Female;26;8;4;4;4;4;4;4;4;4;5;4;3;4;3;overall good
07/10/2025 10.59;Tanah Sareal;Male;42;8;4;2;3;3;3;2;4;4;3;4;4;4;3;improve Mobile Banking
15/10/2025 06.25;Leuwiliang;Female;27;5;4;3;3;4;3;3;4;3;3;3;3;4;4;overall good
11/10/2025 21.56;Kemang;Male;57;2;4;4;4;4;3;3;4;3;3;4;4;5;4;overall good
14/10/2025 06.59;Babakan Madang;Female;23;9;4;3;4;4;4;4;4;4;4;3;4;4;5;overall good
12/10/2025 21.51;Bogor Tengah;Male;52;9;4;3;4;4;4;4;4;4;4;4;4;4;4;overall good
08/10/2025 01.22;Cibinong;Female;49;7;4;4;4;3;2;3;3;3;3;3;4;4;4;improve ATM Service
30/10/2025 17.17;Bogor Tengah;Male;39;9;4;4;4;4;3;4;4;3;3;3;4;3;4;overall good
21/10/2025 00.23;Caringin;Female;49;7;3;3;4;3;3;3;4;3;3;3;4;4;3;overall good
13/10/2025 16.39;Baranangsiang;Male;54;8;3;4;4;4;3;4;3;3;4;4;4;3;3;overall good
12/10/2025 09.27;Bojonggede;Female;37;10;4;4;4;4;4;4;3;4;4;4;3;4;3;overall good
16/10/2025 14.45;Ciomas;Male;55;9;4;4;4;4;3;3;4;4;4;4;3;4;3;overall good
25/10/2025 15.13;Cibinong;Female;55;7;3;4;4;4;4;4;4;4;3;3;5;5;4;overall good
17/10/2025 21.50;Caringin;Male;55;9;4;4;4;4;5;4;4;4;4;5;4;4;4;overall good
23/10/2025 08.13;Cijeruk;Female;35;7;3;4;4;4;3;4;5;4;5;4;3;4;3;overall good
04/10/2025 03.19;Kemang;Male;49;8;4;4;4;3;4;4;4;4;4;3;4;3;4;overall good
17/10/2025 20.59;Baranangsiang;Female;22;7;4;4;4;4;5;4;4;3;4;4;4;4;4;overall good
04/10/2025 04.12;Caringin;Male;30;10;4;5;5;5;5;5;5;5;5;4;4;5;3;overall good
30/10/2025 00.24;Cileungsi;Female;57;9;4;4;4;4;4;3;4;4;4;4;3;4;4;overall good
20/10/2025 05.39;Caringin;Male;48;7;4;4;4;4;3;4;4;3;3;5;4;3;4;overall good
17/10/2025 01.05;Yasmin;Female;63;10;4;4;3;3;5;4;4;3;4;4;5;4;4;overall good
08/10/2025 00.02;Cibinong;Male;57;8;4;4;4;4;4;3;3;4;4;4;4;4;4;overall good
30/10/2025 14.13;Cijeruk;Female;64;7;4;4;3;4;5;4;4;4;4;4;5;4;4;overall good
30/10/2025 19.11;Bogor Barat;Male;43;7;3;3;3;3;4;3;3;3;3;3;3;3;4;overall good
10/10/2025 10.44;Bogor Timur;Female;54;7;3;3;4;3;3;3;3;5;2;3;4;3;3;improve Loan Application
09/10/2025 19.09;Cibinong;Male;59;1;3;4;4;4;4;4;4;4;4;4;4;4;3;overall good
06/10/2025 19.13;Bogor Tengah;Female;62;5;4;4;4;4;4;4;3;4;4;4;4;5;4;overall good
28/10/2025 20.45;Ciomas;Male;26;10;5;5;4;4;5;5;4;5;5;4;4;4;4;overall good
07/10/2025 17.22;Leuwiliang;Female;47;10;4;4;4;4;4;4;4;4;4;4;4;4;4;overall good
09/10/2025 14.41;Ciomas;Male;32;10;4;4;3;3;5;3;4;3;3;3;4;3;4;overall good
13/10/2025 15.30;Gunung Putri;Female;37;7;3;4;3;5;4;3;4;3;3;3;3;3;4;overall good
17/10/2025 11.48;Leuwiliang;Male;33;9;4;4;4;4;5;3;4;5;5;4;5;4;5;overall good
30/10/2025 10.13;Babakan Madang;Female;27;7;4;4;4;4;5;4;3;4;4;4;5;4;4;overall good
05/10/2025 15.15;Bogor Barat;Male;56;10;4;5;3;4;4;3;4;4;5;5;4;4;3;overall good
01/10/2025 14.39;Baranangsiang;Female;21;4;4;3;4;3;3;4;4;4;4;4;4;4;3;overall good
28/10/2025 13.51;Bogor Tengah;Male;41;9;4;4;4;4;5;5;4;4;4;4;4;3;4;overall good
10/10/2025 03.35;Sukaraja;Female;44;1;4;4;4;4;4;4;4;4;4;3;4;4;5;overall good
17/10/2025 18.14;Kemang;Male;52;9;4;3;3;4;3;3;3;3;3;4;3;2;3;improve Staff Friendliness
28/10/2025 20.44;Bogor Selatan;Female;64;8;5;4;4;4;4;3;4;4;4;4;4;4;4;overall good
09/10/2025 14.47;Baranangsiang;Male;49;6;3;4;3;5;3;4;3;3;4;3;4;4;4;overall good
02/10/2025 11.21;Ciawi;Female;30;3;4;4;3;4;3;4;4;4;5;4;4;4;4;overall good
06/10/2025 20.08;Kemang;Male;23;6;4;5;4;4;4;3;4;4;4;4;4;3;4;overall good
29/10/2025 15.31;Dramaga;Female;39;9;4;4;4;4;4;4;4;4;4;4;4;4;3;overall good
10/10/2025 09.02;Ciawi;Male;31;3;4;5;3;4;4;5;3;3;5;4;3;5;3;overall good
23/10/2025 01.43;Kemang;Female;30;2;4;4;4;4;4;5;4;5;4;5;3;4;4;overall good
27/10/2025 21.59;Cijeruk;Male;45;7;4;3;3;4;3;4;4;4;4;4;4;3;4;overall good
12/10/2025 14.58;Bogor Timur;Female;42;9;5;4;4;4;4;5;5;5;3;3;5;4;5;overall good
18/10/2025 09.28;Caringin;Male;33;7;4;5;4;4;4;4;4;5;4;3;4;5;4;overall good
29/10/2025 16.43;Bogor Barat;Female;51;5;3;4;3;4;3;4;3;3;4;4;4;4;4;overall good
26/10/2025 14.23;Bogor Selatan;Male;54;10;4;4;4;3;5;5;4;4;4;4;5;5;4;overall good
27/10/2025 12.34;Sukaraja;Female;57;8;5;4;4;4;3;3;5;4;3;3;4;4;4;overall good
10/10/2025 14.44;Yasmin;Male;39;10;4;4;4;4;4;4;3;4;4;5;4;4;4;overall good
19/10/2025 07.18;Dramaga;Female;61;10;4;3;4;3;4;4;4;4;4;4;4;4;3;overall good
16/10/2025 14.35;Bogor Timur;Male;52;9;4;4;3;4;4;3;4;4;4;4;4;4;4;overall good
25/10/2025 03.45;Cijeruk;Female;51;8;5;4;4;5;4;5;4;4;4;4;4;4;4;overall good
10/10/2025 03.07;Dramaga;Male;64;7;4;4;4;4;3;4;3;3;4;3;4;4;3;overall good
28/10/2025 17.35;Bogor Timur;Female;40;5;4;4;4;3;3;3;3;3;5;4;4;3;3;overall good
26/10/2025 22.29;Cijeruk;Male;32;7;4;4;4;3;4;4;3;3;3;3;4;4;4;overall good
10/10/2025 03.18;Bogor Tengah;Female;24;3;4;4;4;5;4;4;4;5;4;4;5;4;4;overall good
25/10/2025 16.17;Bojonggede;Male;55;10;4;3;3;3;3;4;4;4;4;4;3;4;3;overall good
11/10/2025 09.54;Ciawi;Female;32;7;4;3;4;4;4;3;4;4;5;5;3;4;3;overall good
16/10/2025 13.11;Bogor Selatan;Male;50;1;4;4;3;4;4;2;4;3;3;5;4;3;4;improve Mobile Banking
03/10/2025 04.42;Bogor Timur;Female;34;7;3;3;3;3;3;4;2;3;3;4;4;3;3;improve Internet Banking
15/10/2025 02.23;Leuwiliang;Male;34;0;3;4;4;4;4;4;5;4;4;4;3;3;3;overall good
09/10/2025 14.17;Bogor Tengah;Female;36;8;4;4;4;4;5;4;4;4;5;4;5;4;3;overall good
03/10/2025 04.08;Leuwiliang;Male;35;10;4;4;3;4;3;4;4;4;4;5;4;4;4;overall good
21/10/2025 12.38;Tanah Sareal;Female;30;8;4;3;4;4;4;4;3;4;4;3;4;4;4;overall good
20/10/2025 20.45;Sukaraja;Male;61;10;3;4;4;4;4;4;4;3;3;3;4;4;3;overall good
14/10/2025 11.59;Bogor Tengah;Female;47;3;4;4;4;4;4;3;4;4;4;4;4;4;5;overall good
31/10/2025 09.58;Yasmin;Male;52;9;3;4;3;4;4;3;3;3;3;3;4;3;4;overall good
07/10/2025 06.09;Leuwiliang;Female;23;8;4;4;4;4;4;4;4;3;5;4;3;4;4;overall good
08/10/2025 17.09;Cibinong;Male;25;7;4;3;4;4;4;5;5;4;3;3;4;4;4;overall good
09/10/2025 02.59;Caringin;Female;25;10;4;4;4;3;4;3;4;3;3;4;4;3;4;overall good
14/10/2025 19.49;Cileungsi;Male;64;8;4;4;3;5;3;4;4;3;3;3;5;3;3;overall good
06/10/2025 06.24;Cijeruk;Female;39;10;4;5;5;3;4;5;4;4;4;4;4;5;4;overall good
05/10/2025 04.47;Bogor Selatan;Male;46;1;4;3;4;3;3;3;3;4;4;4;4;4;4;overall good
23/10/2025 18.22;Cijeruk;Female;52;9;5;4;5;3;4;4;4;5;5;4;5;4;4;overall good
19/10/2025 20.07;Caringin;Male;27;9;4;4;4;4;3;3;4;4;4;4;4;4;4;overall good
12/10/2025 17.39;Baranangsiang;Female;26;7;4;3;4;3;3;3;4;4;3;4;4;4;4;overall good
22/10/2025 10.59;Gunung Putri;Male;60;7;3;3;3;3;4;3;4;3;3;4;4;3;3;overall good
11/10/2025 05.10;Kemang;Female;23;7;4;4;4;3;4;4;4;3;5;4;4;3;5;overall good
17/10/2025 13.41;Ciomas;Male;23;7;4;4;3;4;4;3;4;4;4;4;4;5;4;overall good
03/10/2025 17.44;Cileungsi;Female;32;9;4;4;4;4;4;3;3;4;3;3;3;4;4;overall good
25/10/2025 13.03;Leuwiliang;Male;45;10;4;4;4;4;3;4;4;4;4;4;4;4;4;overall good
17/10/2025 07.20;Bogor Timur;Female;35;9;4;4;4;5;4;4;4;4;4;4;3;4;3;overall good
12/10/2025 22.20;Babakan Madang;Male;22;0;4;4;4;3;4;3;4;4;3;4;4;3;4;overall good
07/10/2025 23.01;Kemang;Female;54;9;4;3;4;2;4;4;3;3;4;4;3;5;4;improve Account Opening
20/10/2025 21.35;Cijeruk;Male;41;9;4;5;4;4;4;4;3;4;4;4;5;5;4;overall good
16/10/2025 14.45;Ciawi;Female;55;9;4;5;4;4;4;4;4;5;4;3;3;4;4;overall good
12/10/2025 08.14;Bojonggede;Male;23;9;5;4;4;4;4;5;4;5;4;5;4;3;4;overall good
19/10/2025 19.30;Bogor Tengah;Female;45;9;4;4;4;4;4;4;4;4;3;4;4;4;5;overall good
31/10/2025 12.00;Sukaraja;Male;28;6;4;4;4;4;4;4;4;5;4;4;4;5;4;overall good
24/10/2025 03.04;Bogor Barat;Female;57;7;4;5;4;5;4;5;5;4;4;4;4;3;4;overall good
22/10/2025 19.54;Sukaraja;Male;62;10;4;3;4;5;5;4;3;4;4;5;5;3;4;overall good
17/10/2025 18.07;Cibinong;Female;64;8;4;3;3;3;4;3;3;4;4;5;4;3;4;overall good
23/10/2025 01.12;Babakan Madang;Male;51;1;4;4;5;4;4;4;4;3;4;4;4;4;3;overall good
31/10/2025 22.16;Cijeruk;Female;44;10;3;4;4;5;4;3;4;4;5;4;5;4;5;overall good
18/10/2025 20.50;Baranangsiang;Male;45;1;4;4;3;4;4;4;3;4;4;5;4;4;3;overall good
03/10/2025 01.34;Bogor Tengah;Female;48;1;4;4;4;4;3;5;4;3;4;3;4;5;3;overall good
20/10/2025 12.37;Babakan Madang;Male;47;7;4;3;4;3;4;4;4;3;4;4;5;4;4;overall good
21/10/2025 10.39;Tanah Sareal;Female;61;10;4;3;4;4;4;5;3;4;4;4;5;4;4;overall good
19/10/2025 20.34;Gunung Putri;Male;50;3;3;4;4;4;5;4;3;5;4;4;4;4;3;overall good
07/10/2025 11.05;Babakan Madang;Female;44;10;3;4;4;3;4;4;4;4;4;3;3;3;3;overall good
28/10/2025 14.13;Ciawi;Male;34;9;4;3;4;4;3;5;5;4;3;4;2;4;2;improve Branch Cleanliness, Transaction Speed
23/10/2025 11.52;Yasmin;Female;63;8;4;4;3;4;4;4;4;4;4;4;4;4;3;overall good
11/10/2025 08.45;Cijeruk;Male;47;10;5;4;4;5;4;4;4;5;5;4;5;4;4;overall good
15/10/2025 13.53;Leuwiliang;Female;30;10;4;4;4;3;3;4;4;3;4;4;4;4;4;overall good
17/10/2025 09.25;Kemang;Male;47;9;4;3;4;3;4;3;3;4;3;4;4;4;4;overall good
09/10/2025 18.04;Cijeruk;Female;31;8;4;4;5;3;3;3;3;3;4;4;4;3;4;overall good
28/10/2025 13.03;Babakan Madang;Male;22;8;4;4;4;4;4;4;4;4;4;4;3;5;4;overall good
28/10/2025 08.21;Baranangsiang;Female;38;5;4;4;4;5;4;5;4;5;3;4;3;4;4;overall good
08/10/2025 07.33;Tanah Sareal;Male;62;9;4;4;4;5;4;5;4;5;5;4;5;5;5;overall good
24/10/2025 15.01;Gunung Putri;Female;41;9;4;3;4;4;4;3;4;4;4;4;3;4;4;overall good
26/10/2025 18.10;Ciomas;Male;60;4;3;4;4;3;3;4;4;4;3;4;3;3;4;overall good
05/10/2025 03.54;Bogor Barat;Female;64;9;4;4;4;4;4;3;4;4;3;4;4;2;4;improve Staff Friendliness
03/10/2025 13.27;Bogor Tengah;Male;21;6;4;4;4;4;4;3;5;4;4;3;4;4;4;overall good
10/10/2025 20.31;Ciomas;Female;26;10;3;3;2;4;3;3;4;3;4;3;3;2;3;improve Staff Friendliness
18/10/2025 14.51;Tanah Sareal;Male;34;9;4;4;3;4;4;4;4;3;4;5;5;4;4;overall good
24/10/2025 01.31;Kemang;Female;41;8;4;3;4;3;3;4;3;4;3;3;3;4;3;overall good
28/10/2025 06.38;Ciomas;Male;32;9;4;4;3;4;5;4;4;4;5;5;5;3;3;overall good
26/10/2025 20.10;Baranangsiang;Female;30;9;4;4;4;3;4;5;3;4;5;4;4;4;4;overall good
14/10/2025 15.39;Kemang;Male;47;10;4;4;4;4;4;4;3;5;4;5;5;4;3;overall good
22/10/2025 14.21;Cibinong;Female;28;1;3;3;4;4;3;3;3;4;3;4;4;3;3;overall good
23/10/2025 22.52;Bogor Selatan;Male;23;10;4;4;4;4;4;4;4;4;3;4;3;4;4;overall good
29/10/2025 10.56;Leuwiliang;Female;51;9;4;4;5;4;4;4;4;4;4;5;3;5;4;overall good
22/10/2025 17.10;Bojonggede;Male;49;7;4;4;4;4;4;5;4;4;3;4;5;4;5;overall good
17/10/2025 16.35;Bogor Tengah;Female;52;4;4;4;4;4;4;5;4;4;3;4;4;4;3;overall good
09/11/2025 14.29;Ciomas;Male;26;0;4;4;4;4;3;4;3;3;3;4;4;4;3;overall good
08/11/2025 06.09;Tanah Sareal;Female;60;10;4;4;4;3;3;5;4;5;4;4;4;3;5;overall good
15/11/2025 04.36;Bogor Selatan;Male;63;10;4;4;4;4;4;4;4;3;4;4;3;4;4;overall good
01/11/2025 18.35;Bogor Timur;Female;43;8;4;3;4;4;4;4;4;4;3;4;4;4;4;overall good
18/11/2025 17.30;Kemang;Male;58;9;4;4;4;3;5;5;4;4;4;4;4;4;3;overall good
24/11/2025 18.26;Cileungsi;Female;33;7;4;3;4;4;4;4;4;4;4;4;5;4;4;overall good
15/11/2025 21.15;Ciomas;Male;31;9;4;4;4;5;3;4;4;4;3;3;4;4;4;overall good
02/11/2025 23.08;Cileungsi;Female;49;2;3;3;3;3;4;3;4;3;3;3;3;3;3;overall good
17/11/2025 03.52;Cileungsi;Male;63;9;4;4;4;4;5;5;5;5;3;3;5;5;5;overall good
28/11/2025 20.21;Cijeruk;Female;23;9;3;3;3;4;5;3;4;3;3;4;3;4;4;overall good
19/11/2025 10.45;Bogor Tengah;Male;40;10;4;3;3;4;3;4;4;4;4;4;3;3;4;overall good
19/11/2025 05.04;Leuwiliang;Female;23;8;4;5;3;4;4;3;5;4;4;4;3;3;5;overall good
21/11/2025 14.35;Ciomas;Male;44;6;3;4;4;4;3;4;3;4;4;4;4;5;3;overall good
13/11/2025 16.46;Gunung Putri;Female;42;10;4;4;3;4;4;3;4;3;4;4;3;3;3;overall good
05/11/2025 01.03;Cijeruk;Male;33;8;4;4;4;5;5;5;5;4;4;5;4;5;4;overall good
25/11/2025 16.47;Babakan Madang;Female;63;10;4;3;4;4;3;4;4;4;4;3;5;4;4;overall good
06/11/2025 04.43;Bogor Selatan;Male;22;6;4;5;4;4;4;4;4;5;5;5;4;5;5;overall good
08/11/2025 11.25;Cibinong;Female;25;9;4;4;4;5;4;4;5;4;4;5;5;4;4;overall good
01/11/2025 11.14;Sukaraja;Male;36;7;4;4;4;4;4;3;3;4;3;4;3;4;4;overall good
04/11/2025 10.00;Bogor Tengah;Female;42;4;3;3;4;3;4;4;3;3;3;4;4;3;5;overall good
17/11/2025 01.31;Tanah Sareal;Male;58;8;5;3;4;3;4;4;4;4;4;4;3;5;3;overall good
10/11/2025 16.27;Bogor Selatan;Female;60;9;4;4;4;4;4;3;4;3;3;4;3;4;5;overall good
01/11/2025 04.28;Bogor Timur;Male;32;9;4;4;4;4;5;4;5;4;5;4;3;4;5;overall good
04/11/2025 20.31;Gunung Putri;Female;64;9;4;4;4;5;4;4;4;5;4;4;4;4;5;overall good
24/11/2025 02.37;Leuwiliang;Male;41;7;4;4;4;4;4;4;3;4;4;4;4;4;4;overall good
23/11/2025 18.40;Yasmin;Female;52;7;4;4;4;5;4;4;4;5;3;4;4;4;4;overall good
22/11/2025 11.34;Dramaga;Male;64;7;4;3;4;4;3;4;4;3;3;3;4;4;4;overall good
10/11/2025 14.21;Baranangsiang;Female;53;9;3;4;3;3;3;2;4;4;4;5;4;4;4;improve Mobile Banking
10/11/2025 04.36;Cileungsi;Male;30;4;4;3;4;4;5;4;3;3;4;4;4;4;4;overall good
10/11/2025 01.55;Bogor Selatan;Female;65;7;4;4;4;4;4;5;5;4;4;4;4;5;3;overall good
30/11/2025 04.51;Ciomas;Male;35;10;4;4;3;3;3;3;3;4;4;4;4;4;3;overall good
21/11/2025 16.56;Gunung Putri;Female;53;1;3;3;3;3;2;3;2;3;4;3;3;4;4;improve ATM Service, Internet Banking
13/11/2025 05.12;Cileungsi;Male;43;7;5;5;5;4;5;3;5;5;4;5;4;4;5;overall good
24/11/2025 23.27;Dramaga;Female;31;9;4;4;4;3;4;4;4;4;4;4;4;4;4;overall good
04/11/2025 21.09;Bojonggede;Male;24;8;4;4;4;4;3;3;4;4;4;3;4;4;4;overall good
05/11/2025 06.47;Babakan Madang;Female;21;5;3;4;4;4;4;4;4;5;4;4;4;4;3;overall good
30/11/2025 09.27;Ciomas;Male;58;8;4;5;4;4;5;5;4;5;4;3;3;4;5;overall good
22/11/2025 21.12;Bogor Timur;Female;57;10;5;5;4;5;3;5;4;4;5;5;4;5;5;overall good
24/11/2025 17.49;Bojonggede;Male;51;10;4;5;4;4;4;4;4;4;4;3;5;4;3;overall good
12/11/2025 01.46;Ciomas;Female;55;7;5;5;5;5;4;4;4;4;4;4;4;4;4;overall good
20/11/2025 21.22;Sukaraja;Male;31;10;4;4;4;3;4;4;4;4;4;4;4;3;3;overall good
23/11/2025 12.09;Babakan Madang;Female;50;10;4;3;4;3;3;3;3;3;3;3;2;4;4;improve Branch Cleanliness
21/11/2025 08.51;Babakan Madang;Male;49;10;3;3;3;4;3;4;3;3;3;3;3;4;3;overall good
08/11/2025 06.02;Bogor Tengah;Female;29;3;3;4;4;3;3;4;4;3;3;3;4;4;4;overall good
08/11/2025 07.58;Leuwiliang;Male;44;9;4;4;4;4;5;5;5;5;5;4;5;4;4;overall good
19/11/2025 23.53;Sukaraja;Female;32;9;3;4;4;3;4;3;3;3;3;3;4;4;5;overall good
02/11/2025 01.15;Caringin;Male;30;9;4;4;4;4;4;3;3;3;3;4;3;3;4;overall good
12/11/2025 01.20;Caringin;Female;46;10;4;5;4;4;3;4;3;3;3;3;4;4;4;overall good
22/11/2025 00.18;Yasmin;Male;52;8;4;4;4;4;4;3;4;4;4;4;4;4;4;overall good
18/11/2025 03.42;Gunung Putri;Female;31;7;4;3;4;4;3;4;3;4;5;4;4;4;4;overall good
24/11/2025 03.23;Bogor Selatan;Male;25;5;4;3;4;3;4;3;3;4;4;4;3;4;3;overall good
11/11/2025 12.07;Kemang;Female;39;10;4;3;4;4;4;4;4;5;4;3;5;3;4;overall good
08/11/2025 16.47;Gunung Putri;Male;52;10;4;3;3;2;4;4;4;4;3;3;3;3;4;improve Account Opening
30/11/2025 16.35;Ciomas;Female;61;10;3;3;4;3;4;3;2;4;4;3;4;4;4;improve Internet Banking
17/11/2025 13.24;Bogor Selatan;Male;59;10;4;4;4;5;4;4;4;4;4;5;5;4;5;overall good
28/11/2025 10.39;Bojonggede;Female;65;2;3;4;4;5;3;4;4;3;3;3;3;4;5;overall good
21/11/2025 05.50;Caringin;Male;25;10;4;3;3;3;4;5;3;3;3;4;4;4;3;overall good
12/11/2025 07.58;Cibinong;Female;34;5;4;4;4;4;4;4;4;4;3;4;4;4;5;overall good
14/11/2025 14.50;Ciomas;Male;61;8;5;4;4;4;3;4;4;4;3;4;3;4;4;overall good
10/11/2025 10.27;Cijeruk;Female;42;8;3;4;4;4;4;4;3;4;3;4;4;4;3;overall good
29/11/2025 18.42;Tanah Sareal;Male;41;7;4;4;4;4;4;4;4;3;3;4;4;3;4;overall good
24/11/2025 17.14;Kemang;Female;36;1;4;5;5;4;4;4;4;4;3;3;4;5;3;overall good
25/11/2025 19.18;Sukaraja;Male;51;2;4;4;4;3;3;3;3;3;4;3;4;4;3;overall good
04/11/2025 22.43;Bogor Selatan;Female;45;8;4;4;4;4;4;4;4;4;4;4;4;4;4;overall good
04/11/2025 05.58;Ciawi;Male;52;10;4;3;4;3;3;4;3;5;4;3;4;4;3;overall good
07/11/2025 22.42;Babakan Madang;Female;45;8;4;4;4;4;4;4;3;4;4;4;4;3;4;overall good
01/11/2025 03.33;Bojonggede;Male;24;9;4;5;4;5;5;4;4;4;4;4;3;5;4;overall good
28/11/2025 06.38;Ciomas;Female;43;3;4;3;3;3;4;4;3;4;4;4;4;4;5;overall good
16/11/2025 06.01;Tanah Sareal;Male;38;3;4;4;4;4;4;4;4;4;4;4;3;4;4;overall good
30/11/2025 00.14;Kemang;Female;55;9;4;3;4;4;4;3;4;5;5;3;4;4;4;overall good
10/11/2025 11.07;Kemang;Male;28;9;4;4;4;3;4;3;4;4;4;3;4;4;3;overall good
21/11/2025 12.49;Ciawi;Female;53;10;4;4;4;4;4;4;3;4;4;4;4;5;4;overall good
15/11/2025 08.59;Bogor Tengah;Male;40;9;4;4;3;3;3;4;4;3;2;3;4;4;3;improve Loan Application
04/11/2025 19.42;Bogor Tengah;Female;22;8;4;4;3;4;4;4;4;5;5;3;4;4;5;overall good
22/11/2025 16.25;Bojonggede;Male;50;7;4;4;3;3;3;4;3;4;3;4;3;3;4;overall good
16/11/2025 05.56;Leuwiliang;Female;56;10;4;4;5;4;5;4;4;4;4;5;5;4;4;overall good
30/11/2025 10.40;Bogor Selatan;Male;38;9;4;3;4;3;4;4;4;4;5;4;5;5;5;overall good
16/11/2025 16.05;Babakan Madang;Female;39;9;4;4;4;4;2;4;3;4;4;3;4;3;4;improve ATM Service
27/11/2025 19.47;Bogor Tengah;Male;28;10;4;4;3;4;4;4;3;4;4;3;4;4;4;overall good
27/11/2025 16.56;Caringin;Female;44;10;4;4;4;3;4;4;4;4;3;4;3;4;5;overall good
20/11/2025 04.50;Bogor Tengah;Male;61;10;4;3;3;4;4;4;4;3;3;3;4;3;2;improve Transaction Speed
02/11/2025 16.14;Baranangsiang;Female;41;6;3;4;3;4;3;3;3;3;3;2;4;2;3;improve Complaint Handling, Staff Friendliness
25/11/2025 20.11;Dramaga;Male;41;7;4;4;4;5;4;4;5;4;4;4;4;4;5;overall good
07/11/2025 19.00;Bogor Barat;Female;29;7;4;4;4;4;4;4;3;4;3;4;3;3;3;overall good
05/11/2025 11.01;Tanah Sareal;Male;27;7;4;5;4;4;4;4;3;3;4;4;4;4;4;overall good
17/11/2025 16.17;Bojonggede;Female;43;10;5;4;3;4;4;4;4;3;4;4;4;5;4;overall good
26/11/2025 11.17;Bogor Timur;Male;52;9;4;4;5;5;4;4;4;5;4;4;5;4;4;overall good
27/11/2025 14.34;Gunung Putri;Female;62;7;4;5;4;4;4;5;4;4;4;3;4;4;3;overall good
13/11/2025 15.48;Bogor Timur;Male;34;9;4;4;3;4;4;4;3;4;4;4;5;3;4;overall good
03/11/2025 13.08;Cibinong;Female;36;9;4;3;4;5;3;3;3;4;4;4;4;4;4;overall good
12/11/2025 07.04;Cibinong;Male;51;9;4;4;3;4;4;5;4;4;4;4;5;3;3;overall good
19/11/2025 19.29;Tanah Sareal;Female;29;8;4;4;4;4;4;4;4;4;5;3;4;3;4;overall good
24/11/2025 21.29;Leuwiliang;Male;22;8;4;4;4;4;5;4;4;5;3;4;3;4;4;overall good
27/11/2025 16.49;Bogor Tengah;Female;63;8;4;4;4;4;4;4;4;5;4;4;5;4;3;overall good
11/11/2025 03.18;Bogor Timur;Male;23;9;4;4;4;4;3;4;2;5;5;4;5;5;4;improve Internet Banking
04/11/2025 21.56;Cibinong;Female;58;8;4;5;3;4;4;4;4;5;4;4;4;4;4;overall good
20/11/2025 06.44;Sukaraja;Male;44;7;4;3;4;5;3;4;4;4;3;3;4;3;3;overall good
13/11/2025 21.30;Yasmin;Female;30;8;4;4;4;5;5;4;4;4;4;4;5;5;4;overall good
10/11/2025 18.51;Cijeruk;Male;44;7;4;3;4;3;4;4;3;3;4;3;3;4;3;overall good
13/11/2025 15.19;Kemang;Female;37;10;4;4;4;4;4;4;5;4;4;4;4;5;4;overall good
02/11/2025 09.34;Leuwiliang;Male;28;8;4;3;4;5;4;4;4;3;5;3;4;3;3;overall good
25/11/2025 20.17;Babakan Madang;Female;59;5;4;5;3;4;3;4;5;5;4;3;3;4;4;overall good
19/11/2025 19.24;Leuwiliang;Male;34;9;5;4;4;3;4;4;4;4;4;4;4;4;4;overall good
11/11/2025 09.43;Bogor Selatan;Female;34;10;3;4;3;4;4;4;4;3;4;3;4;4;3;overall good
12/11/2025 03.44;Sukaraja;Male;40;7;3;3;3;4;3;4;4;3;3;3;4;3;3;overall good
16/11/2025 01.03;Sukaraja;Female;37;9;4;4;4;4;5;4;4;4;4;4;5;4;5;overall good
17/11/2025 05.03;Bogor Tengah;Male;34;6;3;4;3;4;4;5;5;4;4;4;3;4;4;overall good
16/11/2025 21.24;Yasmin;Female;52;3;3;4;3;4;3;4;4;3;3;4;3;4;4;overall good
24/11/2025 20.51;Babakan Madang;Male;46;7;4;4;4;4;4;4;4;4;3;3;3;3;4;overall good
04/11/2025 18.29;Caringin;Female;56;7;4;4;4;4;4;3;3;4;4;4;4;5;4;overall good
03/11/2025 10.17;Kemang;Male;27;7;5;4;4;3;3;4;4;5;4;4;5;5;4;overall good
22/11/2025 14.31;Bogor Tengah;Female;38;2;4;4;4;4;4;3;3;4;4;3;4;4;4;overall good
03/11/2025 14.22;Leuwiliang;Male;57;0;4;4;4;4;5;5;4;4;4;3;5;4;3;overall good
19/11/2025 02.22;Bojonggede;Female;34;8;4;4;3;4;4;4;3;4;3;3;4;4;4;overall good
15/11/2025 10.34;Bogor Timur;Male;38;9;4;4;5;5;4;4;4;5;4;3;3;4;4;overall good
23/11/2025 04.21;Bogor Barat;Female;28;10;3;3;3;3;4;3;4;4;4;4;3;3;5;overall good
02/11/2025 11.22;Yasmin;Male;28;5;3;3;3;3;4;3;3;3;3;4;3;3;2;improve Transaction Speed
12/11/2025 09.33;Caringin;Female;32;9;4;4;3;4;4;3;3;3;5;4;4;2;3;improve Staff Friendliness
14/11/2025 02.39;Babakan Madang;Male;58;8;4;4;4;4;4;4;4;5;4;3;4;4;4;overall good
08/11/2025 10.36;Bogor Tengah;Female;65;7;4;4;4;5;4;4;4;4;4;5;4;4;4;overall good
02/11/2025 10.50;Yasmin;Male;25;10;4;4;4;4;3;3;3;3;4;5;4;4;4;overall good
21/11/2025 00.30;Bogor Barat;Female;52;10;4;4;4;4;4;4;4;4;3;4;4;4;4;overall good
04/11/2025 01.24;Baranangsiang;Male;21;7;4;5;4;4;4;4;4;4;5;4;4;4;4;overall good
13/11/2025 23.24;Cileungsi;Female;39;7;4;4;3;4;4;4;4;5;4;3;4;4;3;overall good
12/11/2025 09.35;Bogor Tengah;Male;63;9;4;4;4;4;4;3;3;4;3;4;4;4;4;overall good
28/11/2025 08.11;Babakan Madang;Female;21;0;4;4;4;4;4;4;4;5;5;3;4;4;4;overall good
12/11/2025 05.44;Gunung Putri;Male;56;3;3;4;3;4;3;4;4;4;4;3;4;4;3;overall good
23/11/2025 03.34;Bogor Barat;Female;39;8;3;3;3;3;3;3;3;3;4;3;4;4;3;overall good
27/11/2025 17.59;Caringin;Male;55;10;4;4;3;3;4;3;3;4;4;4;4;5;4;overall good
20/11/2025 18.11;Cijeruk;Female;30;10;4;4;4;4;4;3;4;3;4;3;5;4;4;overall good
17/11/2025 20.47;Baranangsiang;Male;58;10;4;3;4;4;4;5;4;3;4;3;4;4;4;overall good
25/11/2025 00.08;Dramaga;Female;30;6;3;3;3;3;4;4;4;3;3;3;4;3;4;overall good
05/11/2025 04.42;Cijeruk;Male;47;10;4;4;4;4;4;4;3;4;4;4;4;4;4;overall good
18/11/2025 09.52;Kemang;Female;37;2;3;3;3;3;2;3;3;3;4;4;3;3;4;improve ATM Service
08/11/2025 23.23;Babakan Madang;Male;49;6;3;4;4;3;3;3;4;4;4;4;3;3;3;overall good
30/11/2025 01.38;Bogor Barat;Female;42;7;4;4;4;4;4;4;3;4;4;4;3;4;3;overall good
08/11/2025 17.44;Ciomas;Male;55;5;3;3;3;3;4;2;4;4;3;3;3;3;4;improve Mobile Banking
10/11/2025 23.47;Sukaraja;Female;29;6;4;4;5;4;5;4;4;4;4;4;4;4;4;overall good
25/11/2025 08.09;Leuwiliang;Male;26;0;4;4;4;4;4;4;3;4;4;4;5;4;5;overall good
13/11/2025 08.46;Cijeruk;Female;23;7;4;4;3;5;4;4;4;4;3;3;4;4;4;overall good
12/11/2025 00.13;Cijeruk;Male;63;5;4;4;4;3;3;4;4;4;4;4;4;4;4;overall good
27/11/2025 14.59;Ciomas;Female;52;10;3;4;3;3;2;4;4;3;3;3;4;3;4;improve ATM Service
11/11/2025 15.14;Leuwiliang;Male;54;3;3;3;4;4;4;4;3;3;4;4;4;4;4;overall good
11/11/2025 23.05;Sukaraja;Female;43;7;4;4;4;4;4;4;4;4;4;5;3;3;4;overall good
10/11/2025 03.25;Babakan Madang;Male;30;6;4;3;4;4;3;4;3;3;3;3;3;3;3;overall good
08/11/2025 00.11;Bogor Tengah;Female;53;8;4;5;4;5;5;3;5;5;4;4;4;5;4;overall good
20/11/2025 17.09;Bogor Timur;Male;65;1;4;4;4;5;4;3;4;4;4;5;4;4;4;overall good
10/11/2025 06.32;Dramaga;Female;34;9;5;4;4;4;4;4;4;4;4;4;5;4;4;overall good
11/11/2025 01.16;Bogor Tengah;Male;22;9;4;5;4;4;5;4;5;4;4;5;5;4;4;overall good
22/11/2025 23.18;Baranangsiang;Female;64;10;4;4;4;4;4;4;4;4;3;5;5;4;5;overall good
20/11/2025 13.31;Bogor Selatan;Male;48;5;3;4;4;3;3;4;4;4;4;5;4;3;4;overall good
19/11/2025 19.45;Bogor Tengah;Female;65;8;4;3;3;3;4;4;4;4;4;3;3;3;4;overall good
30/11/2025 20.17;Bojonggede;Male;34;10;4;4;3;4;4;4;4;4;4;3;4;4;4;overall good
25/11/2025 06.32;Sukaraja;Female;23;7;4;4;3;4;4;3;3;4;3;4;4;4;4;overall good
19/11/2025 15.06;Ciomas;Male;43;10;3;3;3;4;3;4;3;4;4;3;3;4;3;overall good
24/11/2025 19.15;Cijeruk;Female;27;10;4;5;4;4;4;4;4;4;3;4;3;5;4;overall good
05/11/2025 05.09;Bogor Tengah;Male;45;10;4;3;4;4;4;3;4;4;4;4;3;4;3;overall good
12/11/2025 21.53;Caringin;Female;37;7;4;4;4;3;3;4;3;4;4;4;4;3;3;overall good
12/11/2025 17.13;Bogor Selatan;Male;50;8;3;4;4;4;5;4;4;4;4;4;4;4;3;overall good
27/11/2025 19.51;Kemang;Female;51;10;4;4;4;4;4;4;4;4;4;4;5;4;4;overall good
01/11/2025 11.59;Babakan Madang;Male;34;7;4;4;4;4;4;4;3;4;4;4;4;4;4;overall good
02/11/2025 08.53;Tanah Sareal;Female;58;6;4;4;4;4;4;4;3;4;3;3;4;4;4;overall good
23/11/2025 11.38;Ciawi;Male;49;9;3;3;3;3;3;3;3;3;3;3;4;3;3;overall good
13/11/2025 07.00;Cileungsi;Female;65;7;4;3;4;4;4;4;3;4;3;3;4;4;4;overall good
09/11/2025 10.37;Sukaraja;Male;28;8;4;4;4;4;4;4;3;4;4;5;4;4;5;overall good
15/11/2025 02.12;Babakan Madang;Female;39;0;3;4;3;3;4;4;4;3;4;2;3;4;3;improve Complaint Handling
04/11/2025 17.30;Kemang;Male;42;9;4;3;4;4;4;3;3;4;4;4;4;4;4;overall good
19/11/2025 19.14;Yasmin;Female;51;7;4;4;4;3;4;4;3;4;4;4;4;4;4;overall good
11/11/2025 20.18;Baranangsiang;Male;45;9;4;3;4;4;4;4;4;4;3;3;3;4;4;overall good
12/11/2025 02.29;Ciomas;Female;64;8;4;4;4;3;4;4;5;4;4;4;4;4;4;overall good
05/11/2025 22.18;Babakan Madang;Male;65;0;4;4;5;4;4;5;4;4;4;5;4;4;5;overall good
22/11/2025 06.25;Baranangsiang;Female;29;9;4;5;4;4;5;4;4;3;5;4;3;5;4;overall good
01/11/2025 23.55;Caringin;Male;44;8;4;4;4;3;4;5;4;4;3;3;4;4;5;overall good
21/11/2025 07.43;Ciawi;Female;65;9;4;3;4;4;3;4;4;4;4;5;4;3;3;overall good
04/11/2025 05.59;Caringin;Male;23;10;4;4;3;4;4;3;4;4;4;3;4;4;5;overall good
24/11/2025 00.58;Bogor Timur;Female;26;10;4;4;3;4;5;4;4;4;4;4;4;3;4;overall good
06/11/2025 20.59;Leuwiliang;Male;53;1;3;4;4;4;4;4;4;4;3;5;4;4;4;overall good
10/11/2025 12.57;Bogor Tengah;Female;31;9;4;4;4;3;4;3;4;4;4;4;4;4;4;overall good
28/11/2025 01.22;Babakan Madang;Male;63;2;4;3;3;4;3;4;4;5;4;4;4;3;4;overall good
29/11/2025 06.13;Cileungsi;Female;51;9;4;3;3;3;3;3;3;4;4;4;4;4;3;overall good
10/11/2025 19.52;Gunung Putri;Male;28;7;4;4;4;4;4;4;5;4;4;3;3;3;4;overall good
01/11/2025 13.02;Tanah Sareal;Female;40;10;4;4;4;4;4;3;4;5;3;4;4;3;4;overall good
06/11/2025 11.21;Bojonggede;Male;24;7;4;3;3;4;3;3;4;3;3;4;2;4;3;improve Branch Cleanliness
15/11/2025 17.25;Ciawi;Female;63;9;4;4;4;4;3;4;4;4;3;2;4;4;4;improve Complaint Handling
24/11/2025 07.41;Tanah Sareal;Male;41;6;4;3;4;3;4;5;3;3;4;4;4;4;4;overall good
24/11/2025 05.45;Yasmin;Female;33;3;3;3;3;4;3;4;3;3;3;4;4;3;4;overall good
08/11/2025 02.13;Yasmin;Male;27;9;4;4;3;4;4;4;4;3;4;3;3;3;4;overall good
24/11/2025 04.32;Tanah Sareal;Female;53;9;4;4;4;4;4;3;4;4;4;5;4;3;4;overall good
21/11/2025 01.46;Ciawi;Male;25;7;3;4;4;5;5;3;4;4;3;4;4;4;4;overall good
03/11/2025 21.31;Bojonggede;Female;35;3;4;3;5;4;4;4;5;4;3;4;3;4;5;overall good
20/11/2025 03.46;Gunung Putri;Male;23;6;3;4;3;4;4;4;3;2;3;3;4;3;3;improve Customer Service
19/11/2025 23.17;Bogor Tengah;Female;33;2;3;4;4;4;4;4;5;4;4;5;4;4;4;overall good
07/11/2025 04.20;Babakan Madang;Male;59;1;4;4;4;4;3;3;4;3;4;4;4;4;4;overall good
20/11/2025 17.38;Caringin;Female;60;4;3;4;4;4;4;5;4;4;4;4;4;4;4;overall good
25/11/2025 03.12;Baranangsiang;Male;36;8;4;4;4;4;4;3;4;4;4;4;3;4;5;overall good
04/11/2025 05.17;Bogor Timur;Female;48;8;3;3;4;3;3;4;4;3;4;3;4;4;3;overall good
02/11/2025 22.32;Cijeruk;Male;26;7;4;4;4;4;4;4;4;4;5;3;5;4;4;overall good
17/11/2025 13.51;Bojonggede;Female;38;10;4;4;5;4;5;4;4;4;5;5;4;4;4;overall good
23/11/2025 19.29;Dramaga;Male;55;2;3;4;4;4;4;4;3;4;4;3;3;3;4;overall good
23/11/2025 18.48;Ciawi;Female;52;7;3;3;3;3;3;4;3;4;3;3;3;4;4;overall good
26/11/2025 20.41;Ciomas;Male;26;8;4;4;4;4;5;4;4;5;4;4;5;4;4;overall good
14/11/2025 00.29;Ciawi;Female;60;8;4;4;4;4;3;4;3;4;3;4;4;4;4;overall good
16/11/2025 04.43;Cileungsi;Male;39;7;4;4;4;5;4;4;4;3;4;4;4;4;4;overall good
15/11/2025 20.55;Ciomas;Female;36;8;4;5;4;3;4;4;4;4;4;4;4;4;4;overall good
14/11/2025 12.30;Yasmin;Male;42;8;4;4;4;3;3;4;4;4;5;4;3;4;3;overall good
30/11/2025 18.15;Cileungsi;Female;59;9;4;3;4;4;3;4;5;5;4;4;4;4;4;overall good
27/11/2025 08.22;Tanah Sareal;Male;65;10;4;5;4;4;4;5;4;4;4;5;4;4;4;overall good
29/11/2025 05.47;Cijeruk;Female;41;10;4;3;4;4;5;3;4;5;4;4;3;5;4;overall good
12/11/2025 23.48;Ciawi;Male;32;10;3;4;4;2;4;4;4;3;3;4;4;3;3;improve Account Opening
09/11/2025 21.18;Yasmin;Female;59;8;4;4;4;4;4;4;4;3;4;5;4;5;4;overall good
14/11/2025 03.26;Caringin;Male;44;10;4;4;4;4;4;4;4;3;4;4;3;4;4;overall good
13/11/2025 08.46;Sukaraja;Female;50;7;4;4;4;4;4;4;4;4;3;4;5;4;4;overall good
27/11/2025 17.35;Kemang;Male;25;10;4;5;3;3;4;4;3;3;3;3;3;3;3;overall good
25/11/2025 00.46;Leuwiliang;Female;21;10;3;3;3;3;4;3;4;3;4;4;4;3;3;overall good
25/11/2025 19.29;Babakan Madang;Male;56;8;4;4;3;4;3;4;4;4;3;3;3;5;4;overall good
21/11/2025 18.18;Sukaraja;Female;47;9;4;4;4;5;4;4;4;4;4;4;4;4;4;overall good
19/11/2025 18.45;Caringin;Male;59;10;5;4;4;3;4;4;4;5;4;4;5;4;4;overall good
18/11/2025 12.59;Ciomas;Female;28;9;3;3;3;4;4;3;3;4;4;3;5;3;4;overall good
06/11/2025 05.12;Bogor Barat;Male;23;2;3;4;4;4;3;4;4;4;5;4;4;4;3;overall good
21/11/2025 13.08;Cijeruk;Female;55;9;4;4;5;4;5;4;4;4;4;5;5;4;5;overall good
03/11/2025 21.45;Yasmin;Male;23;4;4;5;5;4;4;3;4;4;3;4;4;4;4;overall good
14/11/2025 19.06;Bogor Tengah;Female;28;10;4;4;3;4;3;3;4;5;4;4;3;3;3;overall good
27/11/2025 19.50;Gunung Putri;Male;36;10;4;4;4;5;4;4;5;4;3;4;4;4;5;overall good
11/11/2025 16.10;Bojonggede;Female;36;10;3;3;4;4;5;4;4;3;4;3;4;4;2;improve Transaction Speed
08/11/2025 18.52;Baranangsiang;Male;45;9;4;4;4;3;4;5;4;4;3;4;4;4;4;overall good
24/11/2025 14.31;Bogor Timur;Female;57;8;4;4;4;4;4;4;4;3;4;5;5;3;4;overall good
11/11/2025 17.27;Bogor Selatan;Male;27;10;4;3;4;4;4;4;4;3;4;3;4;4;4;overall good
11/11/2025 16.42;Cibinong;Female;50;7;4;4;4;4;4;4;5;5;4;5;5;4;4;overall good
22/11/2025 03.02;Cileungsi;Male;27;10;3;3;3;3;4;3;4;3;2;3;3;3;4;improve Loan Application
11/11/2025 08.36;Sukaraja;Female;59;3;4;4;4;5;4;4;4;5;4;4;4;4;5;overall good
22/11/2025 13.27;Cibinong;Male;27;3;4;4;4;4;4;4;5;4;4;4;3;4;5;overall good
30/11/2025 20.35;Babakan Madang;Female;30;8;4;4;4;4;4;3;4;4;3;4;4;3;4;overall good
10/11/2025 22.59;Leuwiliang;Male;22;8;3;3;3;3;3;3;4;3;3;3;3;3;4;overall good
16/11/2025 15.15;Caringin;Female;48;8;4;4;4;4;3;4;4;4;4;3;4;5;4;overall good
22/11/2025 11.11;Bogor Tengah;Male;52;8;3;3;3;3;4;4;3;3;4;3;4;3;3;overall good
30/11/2025 04.09;Kemang;Female;34;7;3;3;4;4;3;3;3;4;3;4;3;4;3;overall good
11/11/2025 13.54;Leuwiliang;Male;31;7;4;5;4;3;5;4;4;2;4;3;4;4;4;improve Customer Service
15/11/2025 02.39;Ciomas;Female;43;9;4;4;5;4;4;4;4;5;5;4;4;4;4;overall good
02/11/2025 04.17;Cibinong;Male;45;8;4;4;4;4;3;5;4;4;4;5;4;4;4;overall good
22/11/2025 22.54;Sukaraja;Female;36;0;3;4;4;4;4;4;3;4;4;4;4;4;5;overall good
19/11/2025 11.51;Bogor Tengah;Male;45;8;4;4;3;3;4;4;4;4;5;4;4;4;5;overall good
21/11/2025 14.09;Bogor Tengah;Female;52;10;4;3;3;3;4;3;3;3;4;3;3;3;4;overall good
14/11/2025 01.32;Bogor Timur;Male;48;9;3;4;4;3;4;3;4;4;4;3;3;4;3;overall good
11/11/2025 15.18;Bojonggede;Female;37;7;3;3;3;3;3;3;3;3;2;3;3;3;2;improve Loan Application, Transaction Speed
02/11/2025 18.17;Sukaraja;Male;62;7;4;5;4;3;3;4;4;4;4;4;4;4;4;overall good
05/11/2025 08.49;Leuwiliang;Female;44;9;4;3;4;4;4;5;2;4;4;4;4;4;4;improve Internet Banking
13/11/2025 03.43;Baranangsiang;Male;26;7;4;4;4;4;4;5;3;4;4;4;4;5;4;overall good
08/11/2025 05.37;Bogor Timur;Female;54;8;5;4;4;4;4;3;4;5;4;4;5;4;4;overall good
10/11/2025 00.43;Dramaga;Male;30;2;4;4;4;4;4;3;4;4;5;4;3;4;5;overall good
12/11/2025 06.05;Cibinong;Female;47;9;4;4;4;3;4;4;3;4;3;3;4;4;4;overall good
14/11/2025 23.49;Bogor Timur;Male;60;9;3;4;4;3;3;3;4;2;3;3;3;3;3;improve Customer Service
12/11/2025 11.14;Cijeruk;Female;51;1;3;3;3;3;3;3;3;3;4;3;3;4;3;overall good
04/11/2025 06.30;Bogor Tengah;Male;33;7;4;3;4;4;4;4;4;4;4;3;3;4;3;overall good
26/11/2025 22.06;Bogor Selatan;Female;38;1;4;4;4;4;3;3;5;3;4;4;3;3;3;overall good
09/11/2025 16.27;Bogor Selatan;Male;50;8;4;5;4;4;4;4;4;4;4;5;3;5;4;overall good
01/11/2025 10.11;Tanah Sareal;Female;55;1;4;4;3;4;4;5;3;4;4;3;3;4;4;overall good
02/11/2025 00.08;Ciomas;Male;31;4;3;3;4;4;5;4;4;4;4;4;4;3;4;overall good
07/11/2025 13.13;Ciawi;Female;53;3;4;3;4;4;4;4;4;4;3;3;4;3;3;overall good
12/11/2025 17.51;Baranangsiang;Male;24;9;4;4;4;4;4;5;4;5;4;4;4;4;4;overall good
23/11/2025 10.44;Kemang;Female;44;8;4;4;4;3;3;4;3;3;5;5;4;4;4;overall good
13/11/2025 01.11;Cibinong;Male;50;9;4;4;4;4;3;5;5;3;4;5;4;4;3;overall good
04/11/2025 06.08;Baranangsiang;Female;61;7;4;4;4;4;4;4;4;4;4;4;4;3;4;overall good
26/11/2025 16.12;Leuwiliang;Male;29;10;3;4;4;4;4;4;4;4;4;5;4;4;3;overall good
27/11/2025 06.51;Caringin;Female;64;4;3;3;3;3;3;3;4;3;3;4;3;3;3;overall good
30/11/2025 09.28;Leuwiliang;Male;54;10;4;5;4;4;4;4;5;4;4;4;5;5;4;overall good
09/11/2025 02.26;Sukaraja;Female;46;8;5;4;4;4;5;3;4;5;4;4;4;5;4;overall good
11/11/2025 01.02;Ciawi;Male;52;9;3;4;4;3;4;3;3;4;5;3;4;4;4;overall good
15/11/2025 11.42;Bogor Timur;Female;59;6;3;4;3;3;3;3;4;3;3;4;4;4;3;overall good
19/11/2025 06.00;Bogor Selatan;Male;59;3;4;4;4;3;3;3;4;3;4;3;4;3;4;overall good
10/11/2025 15.30;Dramaga;Female;44;10;4;3;4;3;4;4;4;4;3;4;3;4;3;overall good
22/11/2025 20.13;Bogor Tengah;Male;34;9;4;3;4;4;4;4;4;3;4;5;3;4;4;overall good
20/11/2025 05.47;Sukaraja;Female;29;8;4;4;4;4;3;4;4;3;4;4;4;5;5;overall good
22/11/2025 07.30;Cibinong;Male;30;9;5;4;4;3;5;5;4;5;3;5;4;5;5;overall good
19/11/2025 00.54;Cileungsi;Female;52;10;4;4;3;4;3;4;5;4;3;3;4;4;4;overall good
12/11/2025 21.52;Yasmin;Male;50;9;4;4;4;4;5;4;4;5;4;4;5;4;3;overall good
19/11/2025 03.46;Tanah Sareal;Female;61;2;4;4;4;4;4;4;4;3;3;3;4;3;5;overall good
22/11/2025 00.55;Bogor Barat;Male;43;10;4;4;4;3;4;4;4;4;3;3;3;4;4;overall good
02/11/2025 23.12;Bogor Timur;Female;59;10;4;4;4;3;4;4;3;4;3;3;3;4;4;overall good
16/11/2025 01.34;Caringin;Male;25;9;4;4;4;4;3;3;3;4;4;3;3;4;3;overall good
08/11/2025 02.01;Ciawi;Female;31;9;4;4;4;4;4;3;4;3;2;3;4;4;3;improve Loan Application
26/11/2025 07.06;Cijeruk;Male;38;9;4;4;4;3;4;4;4;4;4;4;5;4;3;overall good
30/11/2025 18.06;Bojonggede;Female;22;8;3;3;4;3;3;3;4;3;3;4;3;3;4;overall good
18/11/2025 20.42;Babakan Madang;Male;43;8;4;4;4;4;4;5;5;4;4;4;4;3;4;overall good
24/11/2025 15.59;Bogor Barat;Female;54;8;4;4;4;4;5;5;5;4;3;4;5;4;3;overall good
08/11/2025 10.38;Gunung Putri;Male;53;9;4;4;4;4;4;4;3;4;3;4;4;3;3;overall good
13/11/2025 23.12;Leuwiliang;Female;42;8;4;4;4;3;4;4;3;3;4;4;4;4;4;overall good
05/11/2025 12.34;Tanah Sareal;Male;30;1;3;4;4;3;4;3;4;4;4;4;4;3;3;overall good
03/11/2025 00.48;Kemang;Female;45;9;4;3;4;4;4;4;4;4;4;4;4;3;4;overall good
10/11/2025 10.36;Bogor Barat;Male;40;9;3;4;3;3;4;3;4;3;4;4;3;4;3;overall good
21/11/2025 17.23;Gunung Putri;Female;57;9;4;5;4;5;5;4;3;4;4;4;4;4;4;overall good
01/11/2025 00.39;Cijeruk;Male;57;9;3;4;4;4;4;3;3;5;4;3;4;3;3;overall good
24/11/2025 10.20;Bogor Timur;Female;31;2;4;4;4;4;4;5;3;5;4;4;4;4;4;overall good
24/11/2025 22.56;Bogor Timur;Male;35;7;3;3;4;4;4;4;4;4;3;3;3;4;4;overall good
30/11/2025 22.37;Bogor Selatan;Female;26;8;4;4;4;4;4;4;3;4;4;4;4;4;4;overall good
29/11/2025 00.18;Bojonggede;Male;51;2;3;3;4;5;4;4;4;3;4;4;4;4;4;overall good
17/11/2025 01.10;Cijeruk;Female;56;6;4;3;4;4;4;3;3;4;3;4;4;4;3;overall good
29/11/2025 19.53;Ciomas;Male;54;10;4;3;4;4;5;4;4;5;4;4;4;4;3;overall good
24/11/2025 11.11;Cibinong;Female;35;3;4;4;4;4;5;4;4;4;3;4;4;3;4;overall good
25/11/2025 05.13;Cileungsi;Male;42;2;4;3;5;4;4;5;4;3;4;5;4;4;4;overall good
13/11/2025 12.10;Leuwiliang;Female;24;2;3;4;4;4;4;4;3;3;4;3;3;3;2;improve Transaction Speed
13/12/2025 01.48;Bogor Selatan;Male;30;7;4;4;4;3;3;3;4;4;4;4;3;4;3;overall good
27/12/2025 07.43;Babakan Madang;Female;30;5;4;4;4;4;5;4;5;4;5;4;4;4;4;overall good
21/12/2025 08.30;Ciawi;Male;44;10;4;4;3;4;4;5;3;3;4;3;3;4;4;overall good
08/12/2025 21.15;Sukaraja;Female;42;9;4;4;4;4;4;4;3;4;4;4;4;3;3;overall good
04/12/2025 05.16;Kemang;Male;51;5;4;4;4;4;4;4;3;4;4;3;3;4;5;overall good
08/12/2025 11.28;Ciomas;Female;24;8;3;3;3;3;3;3;3;3;3;3;3;3;4;overall good
18/12/2025 23.31;Gunung Putri;Male;51;2;4;4;4;4;4;3;4;2;5;4;4;5;3;improve Customer Service
20/12/2025 05.46;Bogor Selatan;Female;40;10;5;5;5;4;4;4;5;4;4;4;5;5;5;overall good
14/12/2025 21.45;Sukaraja;Male;34;9;4;4;4;5;4;4;5;4;4;4;5;3;5;overall good
08/12/2025 17.28;Cibinong;Female;60;2;3;3;3;3;3;3;3;3;4;3;3;4;2;improve Transaction Speed
05/12/2025 21.16;Kemang;Male;41;7;3;3;3;2;3;3;3;2;4;3;2;3;4;improve Account Opening, Customer Service, Branch Cleanliness
08/12/2025 06.48;Bogor Timur;Female;26;0;3;3;3;4;4;4;3;3;3;4;4;4;4;overall good
08/12/2025 08.57;Cijeruk;Male;48;7;4;3;4;3;4;4;5;4;4;4;3;3;4;overall good
07/12/2025 11.31;Bogor Barat;Female;21;7;3;3;4;3;4;3;3;4;3;4;3;3;4;overall good
28/12/2025 18.25;Dramaga;Male;44;8;4;4;4;4;3;4;4;3;4;4;4;4;3;overall good
17/12/2025 00.38;Bogor Timur;Female;23;10;4;4;4;4;4;5;5;4;4;5;4;5;5;overall good
02/12/2025 22.02;Bogor Selatan;Male;23;0;3;4;3;3;3;4;4;3;5;4;4;4;3;overall good
09/12/2025 05.59;Kemang;Female;21;1;4;3;3;3;4;4;4;3;4;4;3;5;4;overall good
30/12/2025 21.02;Leuwiliang;Male;52;10;3;3;3;2;3;3;4;4;3;3;4;3;3;improve Account Opening
07/12/2025 17.29;Ciawi;Female;25;2;4;3;3;3;3;3;4;4;4;4;3;3;4;overall good
08/12/2025 15.22;Bogor Timur;Male;50;8;4;3;3;4;4;4;3;4;4;4;4;5;3;overall good
14/12/2025 18.31;Ciawi;Female;27;7;4;4;4;4;4;4;4;4;4;4;4;4;4;overall good
08/12/2025 21.41;Bogor Barat;Male;46;5;4;4;4;4;3;5;4;3;4;4;3;5;3;overall good
15/12/2025 06.07;Caringin;Female;49;10;4;4;4;4;5;3;4;4;4;4;3;4;5;overall good
16/12/2025 00.23;Leuwiliang;Male;47;1;4;3;4;5;4;5;4;4;4;4;3;4;5;overall good
08/12/2025 12.50;Ciomas;Female;34;9;4;4;4;4;4;4;3;3;5;4;3;4;3;overall good
08/12/2025 04.03;Bogor Barat;Male;26;9;4;4;4;4;4;4;4;4;4;5;4;2;4;improve Staff Friendliness
14/12/2025 17.06;Bogor Selatan;Female;49;9;4;4;4;4;5;4;4;5;4;3;3;4;3;overall good
24/12/2025 09.06;Ciomas;Male;65;9;4;4;4;3;4;5;3;4;4;4;5;4;5;overall good
11/12/2025 04.24;Gunung Putri;Female;47;10;4;4;4;4;4;3;3;4;4;4;3;4;5;overall good
19/12/2025 23.18;Caringin;Male;62;9;4;4;5;5;3;3;4;4;5;5;4;4;5;overall good
13/12/2025 05.48;Yasmin;Female;43;9;4;4;5;4;3;3;3;4;3;3;4;4;5;overall good
20/12/2025 07.06;Leuwiliang;Male;32;3;3;3;4;3;4;4;3;4;2;2;3;3;4;improve Loan Application, Complaint Handling
21/12/2025 12.04;Ciomas;Female;49;10;3;4;4;4;3;4;4;4;3;3;3;3;3;overall good
01/12/2025 08.40;Ciomas;Male;57;1;3;4;3;4;3;4;4;3;3;3;4;4;3;overall good
17/12/2025 05.47;Baranangsiang;Female;37;8;3;4;3;4;4;3;3;3;3;4;4;5;3;overall good
25/12/2025 21.26;Tanah Sareal;Male;23;1;4;3;3;4;3;4;3;3;3;4;3;4;2;improve Transaction Speed
09/12/2025 18.18;Kemang;Female;52;1;3;3;3;4;3;3;3;3;4;4;3;2;3;improve Staff Friendliness
17/12/2025 15.34;Gunung Putri;Male;23;8;4;3;5;3;3;4;4;4;3;3;3;4;4;overall good
24/12/2025 10.30;Kemang;Female;44;9;4;4;4;4;4;5;3;4;4;4;4;4;4;overall good
25/12/2025 12.20;Ciawi;Male;33;10;4;4;3;5;5;4;4;4;3;3;3;4;4;overall good
22/12/2025 02.44;Cileungsi;Female;54;9;4;4;4;4;4;4;3;5;4;3;4;4;3;overall good
27/12/2025 13.26;Bogor Barat;Male;50;4;4;4;4;5;5;5;5;5;4;4;3;4;4;overall good
03/12/2025 03.51;Dramaga;Female;55;3;4;4;3;3;3;5;3;4;4;3;3;4;4;overall good
24/12/2025 00.51;Dramaga;Male;42;9;4;4;4;4;4;4;5;4;4;5;4;5;5;overall good
28/12/2025 18.18;Gunung Putri;Female;50;4;4;4;4;4;4;4;3;4;4;4;4;4;4;overall good
22/12/2025 19.26;Cibinong;Male;41;1;4;4;4;4;4;4;4;5;4;5;4;4;4;overall good
02/12/2025 21.06;Cileungsi;Female;40;6;4;4;4;4;4;4;4;3;4;4;4;4;4;overall good
20/12/2025 03.59;Cibinong;Male;63;2;3;4;4;4;3;3;4;4;4;2;4;4;3;improve Complaint Handling
11/12/2025 18.25;Cileungsi;Female;21;7;4;3;4;4;4;4;4;4;4;3;4;4;5;overall good
03/12/2025 07.38;Babakan Madang;Male;36;8;3;3;3;2;2;3;3;3;3;3;3;3;3;improve Account Opening, ATM Service
01/12/2025 19.02;Bogor Timur;Female;38;8;4;3;3;3;4;4;3;4;4;4;4;5;3;overall good
30/12/2025 03.20;Ciawi;Male;61;6;3;4;3;3;3;4;3;3;2;3;3;4;3;improve Loan Application
26/12/2025 22.15;Bogor Barat;Female;52;1;4;4;5;5;5;4;4;4;4;4;4;4;4;overall good
19/12/2025 21.14;Cijeruk;Male;39;7;4;5;4;4;4;4;5;4;3;4;3;4;4;overall good
01/12/2025 16.33;Cijeruk;Female;42;9;3;4;4;3;4;3;4;3;3;4;2;4;4;improve Branch Cleanliness
24/12/2025 07.04;Gunung Putri;Male;26;9;4;4;4;4;4;4;4;4;4;4;4;5;4;overall good
09/12/2025 04.55;Bogor Tengah;Female;27;10;3;3;4;4;4;4;4;4;4;4;4;3;3;overall good
21/12/2025 16.50;Dramaga;Male;63;9;4;4;4;4;3;4;4;4;3;4;4;4;4;overall good
16/12/2025 00.35;Yasmin;Female;31;10;4;4;5;4;4;5;4;4;5;4;4;4;4;overall good
04/12/2025 16.48;Cijeruk;Male;65;7;4;4;4;3;5;4;4;4;3;4;3;3;3;overall good
12/12/2025 15.05;Tanah Sareal;Female;28;0;3;3;3;3;3;3;3;3;3;3;3;3;3;overall good
22/12/2025 21.47;Bogor Timur;Male;38;0;3;4;4;3;3;3;4;3;3;4;3;3;3;overall good
25/12/2025 19.06;Ciomas;Female;28;8;4;3;3;4;5;4;4;4;3;4;4;4;4;overall good
05/12/2025 01.00;Bogor Selatan;Male;51;8;4;4;3;3;3;4;4;4;2;3;4;4;4;improve Loan Application
10/12/2025 04.33;Bojonggede;Female;26;10;3;3;3;3;4;4;3;4;3;3;4;4;3;overall good
04/12/2025 01.54;Cijeruk;Male;37;7;4;4;3;4;4;3;4;3;4;3;4;4;3;overall good
24/12/2025 05.42;Baranangsiang;Female;30;9;3;4;4;3;3;3;3;4;3;4;3;4;2;improve Transaction Speed
21/12/2025 23.47;Bojonggede;Male;22;10;3;3;4;3;3;3;3;3;4;3;4;3;4;overall good
11/12/2025 07.25;Bogor Selatan;Female;53;8;4;3;4;3;4;4;4;3;3;3;4;4;4;overall good
29/12/2025 11.09;Baranangsiang;Male;33;8;4;4;4;5;4;5;4;4;4;3;4;4;5;overall good
24/12/2025 23.59;Bogor Timur;Female;35;6;3;3;4;3;3;3;2;3;3;4;2;4;4;improve Internet Banking, Branch Cleanliness
10/12/2025 15.59;Cijeruk;Male;50;8;3;4;3;3;5;3;3;3;3;4;2;2;3;improve Branch Cleanliness, Staff Friendliness
28/12/2025 17.11;Bogor Barat;Female;23;9;4;3;4;4;3;3;3;4;4;3;4;3;3;overall good
17/12/2025 10.38;Bojonggede;Male;22;2;4;4;3;4;5;4;4;3;4;3;3;3;3;overall good
23/12/2025 11.59;Gunung Putri;Female;21;6;3;3;4;4;4;4;3;3;4;3;2;3;4;improve Branch Cleanliness
26/12/2025 06.26;Bogor Timur;Male;29;4;3;3;3;3;3;3;3;4;4;3;3;4;3;overall good
24/12/2025 23.57;Cijeruk;Female;28;8;3;3;4;4;3;4;3;2;4;2;4;4;3;improve Customer Service, Complaint Handling
06/12/2025 19.31;Cijeruk;Male;56;8;4;4;4;4;2;4;4;4;4;5;4;4;3;improve ATM Service
16/12/2025 09.24;Kemang;Female;23;5;3;3;2;3;3;3;3;2;4;3;4;3;3;improve Customer Service
15/12/2025 05.53;Cibinong;Male;40;8;3;3;3;3;3;3;3;3;4;3;4;3;3;overall good
07/12/2025 15.31;Bogor Barat;Female;27;10;4;4;4;3;4;4;4;4;4;4;4;4;4;overall good
17/12/2025 12.03;Cileungsi;Male;45;2;4;4;3;4;3;4;4;4;3;4;3;4;3;overall good
04/12/2025 15.30;Gunung Putri;Female;25;2;3;4;3;4;3;4;3;3;3;3;3;3;3;overall good
02/12/2025 02.29;Caringin;Male;40;8;4;3;4;4;4;3;4;4;4;4;4;3;3;overall good
07/12/2025 16.06;Bogor Tengah;Female;39;9;3;3;4;5;4;4;5;4;4;4;3;4;5;overall good
18/12/2025 14.22;Ciawi;Male;59;7;4;4;4;4;4;4;5;4;4;4;5;5;4;overall good
17/12/2025 04.53;Bogor Selatan;Female;27;6;4;3;4;3;4;4;4;4;4;3;4;3;4;overall good
29/12/2025 06.20;Ciomas;Male;28;9;3;4;4;5;4;5;3;4;3;4;5;5;4;overall good
27/12/2025 17.02;Bogor Timur;Female;35;10;4;4;4;4;4;4;4;3;4;4;3;4;3;overall good
29/12/2025 00.40;Cijeruk;Male;26;4;4;4;4;5;5;4;4;4;4;4;4;5;5;overall good
15/12/2025 10.39;Cijeruk;Female;40;5;3;3;3;3;4;3;2;4;3;3;4;4;3;improve Internet Banking
16/12/2025 03.22;Bogor Selatan;Male;46;7;4;3;4;3;4;4;4;3;4;4;3;4;3;overall good
03/12/2025 12.38;Gunung Putri;Female;26;2;3;4;3;3;3;4;4;3;3;4;4;3;4;overall good
06/12/2025 04.27;Tanah Sareal;Male;25;9;4;4;4;4;3;4;4;4;4;5;4;4;3;overall good
20/12/2025 17.00;Caringin;Female;23;10;4;4;4;4;3;4;4;3;4;4;4;3;3;overall good
04/12/2025 23.32;Cijeruk;Male;27;9;3;3;3;2;4;3;3;3;2;4;4;3;3;improve Account Opening, Loan Application
31/12/2025 14.58;Ciomas;Female;31;9;4;4;3;4;3;2;3;4;4;3;4;3;3;improve Mobile Banking
09/12/2025 05.19;Bogor Tengah;Male;51;9;4;4;4;4;5;4;4;3;4;3;3;4;4;overall good
26/12/2025 09.18;Ciawi;Female;36;0;4;4;4;4;3;3;3;4;3;4;4;4;3;overall good
24/12/2025 21.58;Cileungsi;Male;57;7;4;5;3;4;4;3;5;5;3;4;5;5;4;overall good
30/12/2025 18.29;Cijeruk;Female;36;9;4;5;4;4;3;3;4;5;4;3;4;5;4;overall good
17/12/2025 17.06;Leuwiliang;Male;33;2;4;4;4;4;4;4;4;4;3;4;4;4;4;overall good
29/12/2025 01.48;Tanah Sareal;Female;46;3;4;4;4;4;4;4;4;5;4;4;4;3;4;overall good
21/12/2025 09.35;Dramaga;Male;38;9;3;4;3;3;4;5;3;3;3;4;3;3;3;overall good
06/12/2025 13.31;Cileungsi;Female;62;7;4;4;4;4;4;3;5;3;4;4;4;4;5;overall good
07/12/2025 05.21;Leuwiliang;Male;58;10;4;4;4;4;5;4;4;4;4;5;4;4;5;overall good
06/12/2025 19.47;Sukaraja;Female;32;4;4;5;5;4;4;5;5;4;5;4;5;3;5;overall good
13/12/2025 03.15;Cibinong;Male;29;1;3;3;3;4;3;3;3;4;4;4;4;4;3;overall good
11/12/2025 14.08;Bogor Barat;Female;25;7;4;4;4;4;5;4;4;4;4;5;4;4;4;overall good
06/12/2025 09.03;Cileungsi;Male;28;7;3;3;3;3;4;3;3;2;3;3;4;4;3;improve Customer Service
22/12/2025 16.52;Bogor Tengah;Female;47;9;4;4;4;4;4;4;4;5;4;4;5;4;5;overall good
18/12/2025 21.37;Tanah Sareal;Male;30;7;4;4;4;4;5;4;4;4;4;4;5;4;4;overall good
22/12/2025 12.36;Ciomas;Female;47;10;4;4;3;4;3;3;4;4;4;4;4;4;3;overall good
18/12/2025 03.28;Yasmin;Male;61;10;4;4;3;4;3;4;3;3;3;3;4;4;3;overall good
12/12/2025 18.50;Yasmin;Female;63;5;4;4;4;4;4;5;5;4;4;4;4;3;4;overall good
03/12/2025 09.00;Caringin;Male;52;3;4;4;5;4;3;3;4;4;4;5;4;4;3;overall good
03/12/2025 23.32;Cileungsi;Female;21;9;4;5;4;5;3;4;3;4;3;4;3;5;4;overall good
21/12/2025 01.39;Bogor Barat;Male;50;7;3;3;4;4;4;4;3;4;4;4;4;4;4;overall good
09/12/2025 14.17;Bogor Selatan;Female;39;10;4;4;5;4;4;4;5;4;4;5;4;5;5;overall good
29/12/2025 11.18;Gunung Putri;Male;21;7;3;4;3;2;3;4;4;3;4;3;4;4;4;improve Account Opening
22/12/2025 19.31;Babakan Madang;Female;43;9;4;4;4;4;4;4;4;4;4;4;4;3;4;overall good
24/12/2025 03.33;Yasmin;Male;65;6;4;3;5;4;5;4;3;4;5;4;4;3;3;overall good
22/12/2025 06.27;Leuwiliang;Female;38;9;4;5;4;3;4;4;4;4;4;4;4;5;4;overall good
19/12/2025 16.04;Tanah Sareal;Male;22;8;4;4;4;3;3;3;5;4;4;4;4;4;3;overall good
06/12/2025 07.57;Cibinong;Female;56;7;3;3;3;3;3;3;4;4;3;3;2;4;3;improve Branch Cleanliness
14/12/2025 04.41;Cileungsi;Male;44;7;4;4;3;3;4;3;3;4;3;3;3;4;3;overall good
04/12/2025 01.21;Ciawi;Female;40;0;3;3;4;4;3;3;4;4;3;2;3;3;3;improve Complaint Handling
13/12/2025 05.42;Sukaraja;Male;27;10;3;4;3;3;3;3;3;4;3;3;3;4;4;overall good
30/12/2025 18.53;Cibinong;Female;63;6;4;3;4;4;4;3;4;3;4;4;4;3;4;overall good
25/12/2025 03.05;Sukaraja;Male;54;5;3;4;3;3;4;3;3;5;4;4;4;4;4;overall good
16/12/2025 21.25;Ciawi;Female;21;9;4;4;4;4;4;5;4;4;4;4;4;3;4;overall good
24/12/2025 08.25;Cijeruk;Male;47;7;4;4;4;3;3;4;4;4;4;3;4;4;4;overall good
21/12/2025 14.59;Yasmin;Female;32;10;4;4;4;5;4;4;4;4;4;4;4;5;5;overall good
10/12/2025 16.23;Cileungsi;Male;65;4;4;3;3;3;3;3;4;3;3;3;3;3;4;overall good
28/12/2025 10.31;Leuwiliang;Female;63;4;4;4;4;4;4;4;4;4;4;4;4;5;3;overall good
31/12/2025 07.44;Sukaraja;Male;43;10;4;4;4;5;5;4;4;4;4;4;4;4;4;overall good
18/12/2025 07.47;Yasmin;Female;36;10;4;4;3;5;4;3;4;4;4;4;4;5;4;overall good
12/12/2025 01.08;Caringin;Male;36;8;4;5;4;4;4;4;4;4;4;5;4;5;4;overall good
06/12/2025 00.13;Gunung Putri;Female;56;9;4;3;3;5;4;4;5;4;5;4;4;4;5;overall good
10/12/2025 22.47;Sukaraja;Male;29;9;3;4;4;3;3;4;4;4;3;3;3;4;3;overall good
05/12/2025 23.33;Babakan Madang;Female;47;7;4;4;4;4;5;4;4;4;5;4;4;4;4;overall good
11/12/2025 09.56;Cijeruk;Male;49;1;3;4;3;4;4;3;5;5;5;4;3;4;4;overall good
01/12/2025 13.37;Yasmin;Female;44;10;3;3;4;4;3;4;2;4;4;4;4;4;4;improve Internet Banking
29/12/2025 13.47;Sukaraja;Male;47;10;3;4;3;3;4;3;4;3;4;3;4;4;3;overall good
30/12/2025 16.46;Babakan Madang;Female;34;9;4;4;3;4;4;4;4;3;3;4;4;4;4;overall good
03/12/2025 03.27;Bogor Selatan;Male;26;7;5;5;4;5;5;4;5;5;5;4;5;4;4;overall good
01/12/2025 07.24;Caringin;Female;65;9;4;3;3;4;4;3;3;2;3;3;3;3;3;improve Customer Service
05/12/2025 20.37;Caringin;Male;34;8;4;3;4;4;4;4;4;4;4;4;4;4;4;overall good
01/12/2025 00.06;Bogor Timur;Female;53;8;3;4;4;3;4;3;4;4;3;4;4;4;3;overall good
22/12/2025 23.01;Gunung Putri;Male;65;10;4;4;4;5;3;5;4;4;3;3;4;4;4;overall good
31/12/2025 10.44;Cijeruk;Female;65;9;4;4;4;5;3;4;4;4;4;5;3;4;4;overall good
09/12/2025 08.28;Sukaraja;Male;22;7;4;4;3;3;3;4;4;4;3;3;3;3;4;overall good
09/12/2025 17.00;Baranangsiang;Female;35;5;3;3;3;4;4;4;4;3;3;4;3;5;4;overall good
23/12/2025 08.56;Yasmin;Male;34;10;4;5;4;4;4;4;4;3;3;3;4;4;4;overall good
02/12/2025 12.41;Bogor Barat;Female;63;9;4;4;3;3;3;3;3;4;3;3;4;3;3;overall good
21/12/2025 23.06;Bogor Selatan;Male;34;10;4;4;4;5;5;4;4;4;5;4;4;4;5;overall good
23/12/2025 23.56;Tanah Sareal;Female;65;9;4;4;4;3;3;4;4;3;2;4;3;4;4;improve Loan Application
26/12/2025 21.01;Leuwiliang;Male;21;9;4;4;3;4;4;3;4;4;4;4;4;5;4;overall good
06/12/2025 06.26;Baranangsiang;Female;64;8;5;4;3;4;5;4;5;4;4;4;4;5;5;overall good
21/12/2025 03.34;Bogor Timur;Male;31;9;4;4;3;4;3;4;4;3;3;3;4;3;4;overall good
13/12/2025 22.04;Bogor Selatan;Female;48;9;4;4;4;4;4;5;4;3;4;4;4;5;4;overall good
29/12/2025 17.21;Ciawi;Male;56;4;4;4;4;4;4;3;3;4;5;4;4;5;4;overall good
29/12/2025 20.22;Sukaraja;Female;42;7;5;4;4;4;5;4;4;4;4;4;4;5;3;overall good
21/12/2025 15.01;Cijeruk;Male;63;8;3;3;4;3;3;3;4;3;3;3;3;3;4;overall good
14/12/2025 13.15;Baranangsiang;Female;60;3;4;4;3;4;3;3;4;3;3;3;3;3;3;overall good
10/12/2025 12.40;Ciomas;Male;37;7;4;3;3;4;3;5;4;4;3;3;3;4;4;overall good
05/12/2025 10.03;Leuwiliang;Female;39;10;4;4;4;4;4;4;4;5;3;4;4;3;4;overall good
03/12/2025 14.40;Sukaraja;Male;28;7;4;4;4;4;4;4;4;4;4;4;4;4;3;overall good
28/12/2025 04.31;Cibinong;Female;65;7;3;4;4;4;4;4;5;4;5;4;3;4;4;overall good
07/12/2025 13.32;Caringin;Male;46;4;3;3;4;3;4;4;4;4;3;5;3;3;4;overall good
07/12/2025 03.17;Bogor Barat;Female;54;9;5;4;4;4;5;5;4;5;4;4;5;4;5;overall good
12/12/2025 17.21;Cibinong;Male;24;7;4;5;3;5;4;3;3;3;4;4;4;3;4;overall good
13/12/2025 14.31;Cijeruk;Female;56;9;4;3;4;3;2;4;4;3;2;4;3;4;3;improve ATM Service, Loan Application
03/12/2025 03.17;Cileungsi;Male;42;7;4;3;4;4;5;4;4;3;5;3;4;4;3;overall good
07/12/2025 18.46;Gunung Putri;Female;52;1;4;4;4;4;4;5;4;4;4;5;5;4;4;overall good
31/12/2025 07.59;Cibinong;Male;65;7;4;4;4;4;4;3;4;5;3;4;4;3;5;overall good
16/12/2025 14.58;Babakan Madang;Female;25;9;4;3;3;3;3;3;3;3;4;3;3;3;4;overall good
17/12/2025 09.25;Babakan Madang;Male;31;6;3;4;4;4;4;4;4;4;4;4;3;4;5;overall good
02/12/2025 04.12;Bogor Tengah;Female;23;7;4;5;4;3;4;4;4;3;4;4;4;3;4;overall good
05/12/2025 00.16;Bogor Tengah;Male;26;9;4;5;5;4;4;4;4;4;4;5;5;5;5;overall good
22/12/2025 07.26;Yasmin;Female;51;7;5;4;5;5;4;4;5;5;5;4;4;3;5;overall good
08/12/2025 06.30;Cijeruk;Male;62;9;4;4;4;3;4;5;4;4;4;4;4;4;5;overall good
25/12/2025 11.13;Bojonggede;Female;41;9;4;4;4;3;4;3;3;4;4;4;3;4;3;overall good
27/12/2025 11.52;Dramaga;Male;39;9;3;4;4;4;3;3;4;3;3;4;3;4;4;overall good
14/12/2025 22.35;Tanah Sareal;Female;59;8;4;5;4;5;4;4;4;3;4;4;4;3;3;overall good
08/12/2025 07.26;Caringin;Male;54;0;4;4;4;4;4;4;5;4;3;4;4;4;4;overall good
16/12/2025 05.58;Baranangsiang;Female;39;7;3;4;4;4;4;4;3;4;4;4;4;3;5;overall good
23/12/2025 16.27;Leuwiliang;Male;51;10;4;5;5;5;4;4;4;4;5;5;4;3;5;overall good
13/12/2025 16.25;Bogor Tengah;Female;23;9;5;4;3;4;4;4;5;4;4;4;5;4;4;overall good
05/12/2025 07.19;Cibinong;Male;45;10;4;3;4;4;4;3;3;3;4;3;4;4;3;overall good
20/12/2025 16.04;Bojonggede;Female;54;9;4;4;3;4;4;4;3;3;4;4;3;4;4;overall good
08/12/2025 05.54;Leuwiliang;Male;57;10;4;5;4;4;3;4;4;4;4;5;3;4;4;overall good
18/12/2025 22.34;Cileungsi;Female;53;10;4;4;4;3;4;4;4;4;4;4;4;5;3;overall good
29/12/2025 00.03;Bogor Barat;Male;44;9;3;3;3;4;3;4;3;3;3;3;2;2;2;improve Branch Cleanliness, Staff Friendliness, Transaction Speed
31/12/2025 08.11;Leuwiliang;Female;23;7;4;4;4;5;5;4;4;4;4;4;4;4;3;overall good
20/12/2025 21.53;Caringin;Male;24;9;5;4;5;4;4;4;5;4;5;4;4;5;5;overall good
01/12/2025 19.47;Kemang;Female;60;8;3;3;4;4;4;4;4;4;3;4;4;3;4;overall good
07/12/2025 02.31;Kemang;Male;61;7;5;4;5;5;5;5;5;5;4;5;4;4;4;overall good
06/12/2025 22.37;Bogor Timur;Female;24;9;3;3;3;4;4;3;4;4;4;3;4;4;3;overall good
27/12/2025 23.32;Leuwiliang;Male;37;0;4;5;5;5;5;5;4;5;5;4;5;5;5;overall good
09/12/2025 14.44;Ciawi;Female;21;10;4;4;3;4;4;4;4;4;4;5;4;4;3;overall good
26/12/2025 00.47;Cijeruk;Male;51;7;4;4;4;4;4;4;4;4;4;4;4;4;4;overall good
26/12/2025 15.32;Yasmin;Female;45;7;4;5;4;4;4;4;4;4;4;2;4;4;3;improve Complaint Handling
04/12/2025 04.20;Bogor Timur;Male;46;9;4;4;4;4;4;4;4;5;4;4;3;4;5;overall good
09/12/2025 07.04;Tanah Sareal;Female;65;8;3;3;4;3;4;4;3;4;4;2;2;3;4;improve Complaint Handling, Branch Cleanliness
20/12/2025 18.56;Ciawi;Male;57;8;4;4;4;5;4;3;3;4;4;4;4;4;3;overall good
07/12/2025 08.03;Dramaga;Female;31;10;4;4;4;4;5;4;4;3;5;4;5;5;5;overall good
16/12/2025 00.41;Bojonggede;Male;54;9;4;5;4;4;4;3;3;5;3;4;4;5;3;overall good
19/12/2025 22.35;Cileungsi;Female;26;9;4;3;3;4;4;4;4;4;3;4;4;3;5;overall good
19/12/2025 03.21;Dramaga;Male;61;10;4;3;3;3;4;3;3;3;3;3;3;3;4;overall good
18/12/2025 21.58;Dramaga;Female;23;9;5;5;5;5;5;5;5;4;5;5;5;4;4;overall good
10/12/2025 07.18;Ciomas;Male;55;8;4;4;4;3;3;4;4;4;4;4;4;4;3;overall good
15/12/2025 22.31;Bogor Tengah;Female;63;10;4;3;4;4;3;3;4;4;3;3;4;4;4;overall good
28/12/2025 22.45;Gunung Putri;Male;38;4;4;4;4;4;4;5;4;4;4;4;4;4;4;overall good
11/12/2025 23.09;Ciawi;Female;53;0;4;4;3;3;4;4;4;3;3;4;4;4;4;overall good
14/12/2025 08.54;Bogor Selatan;Male;44;9;4;4;4;4;4;4;4;4;4;3;4;3;3;overall good
17/12/2025 12.02;Ciomas;Female;29;9;4;4;4;4;4;5;4;5;4;4;5;3;4;overall good
15/12/2025 03.28;Bogor Barat;Male;39;0;3;3;4;4;3;2;3;3;4;3;4;3;3;improve Mobile Banking
18/12/2025 05.40;Cibinong;Female;34;1;4;4;3;4;4;4;2;4;4;5;4;4;4;improve Internet Banking
06/12/2025 22.21;Yasmin;Male;54;10;4;4;3;4;4;4;4;4;5;4;3;4;4;overall good
05/12/2025 23.02;Leuwiliang;Female;35;6;4;3;4;4;4;3;3;4;4;3;4;3;4;overall good
26/12/2025 13.04;Bogor Timur;Male;27;8;4;4;4;4;4;4;4;3;4;4;4;4;4;overall good
12/12/2025 16.53;Babakan Madang;Female;28;7;4;5;4;4;4;4;4;4;4;3;4;4;5;overall good
24/12/2025 21.53;Sukaraja;Male;26;7;5;4;4;4;5;5;4;4;5;4;4;4;4;overall good
11/12/2025 22.58;Yasmin;Female;29;8;3;3;3;3;3;4;4;4;3;3;3;4;3;overall good
04/12/2025 17.31;Bogor Barat;Male;47;5;4;5;4;4;3;3;4;5;4;4;4;4;4;overall good
16/12/2025 21.29;Bogor Timur;Female;60;3;3;4;4;4;3;3;4;4;4;3;4;4;4;overall good
27/12/2025 19.46;Leuwiliang;Male;27;10;4;4;3;4;5;5;4;3;4;4;4;4;4;overall good
11/12/2025 03.09;Ciawi;Female;21;9;4;4;3;3;3;4;3;3;4;3;4;4;3;overall good
21/12/2025 03.32;Bogor Tengah;Male;22;8;3;4;3;3;3;4;4;5;3;4;4;4;2;improve Transaction Speed
12/12/2025 20.43;Bogor Selatan;Female;56;9;4;4;4;3;5;4;3;4;4;4;3;4;4;overall good
13/12/2025 19.27;Leuwiliang;Male;42;10;4;3;4;4;5;4;4;4;3;5;4;4;3;overall good
01/12/2025 03.34;Dramaga;Female;59;10;4;3;3;4;4;3;4;4;5;4;4;4;4;overall good
30/12/2025 14.24;Kemang;Male;64;10;4;4;4;5;4;4;5;4;4;5;4;4;4;overall good
16/12/2025 02.36;Bojonggede;Female;29;0;4;3;4;4;4;4;3;4;4;3;4;3;4;overall good
26/12/2025 12.47;Kemang;Male;25;6;4;4;4;4;3;4;4;3;4;4;5;5;4;overall good
11/12/2025 23.07;Sukaraja;Female;39;10;4;4;4;4;4;5;4;4;3;5;4;5;4;overall good
02/12/2025 06.43;Cibinong;Male;46;8;4;4;4;3;4;4;4;4;3;5;3;3;4;overall good
10/12/2025 10.50;Sukaraja;Female;29;8;4;4;4;3;4;4;4;4;4;5;3;3;3;overall good
04/12/2025 13.38;Baranangsiang;Male;31;7;5;5;4;4;4;5;4;4;4;5;4;4;4;overall good
21/12/2025 07.19;Cibinong;Female;49;10;4;4;4;4;4;5;4;4;5;5;5;4;4;overall good
15/12/2025 06.28;Bogor Timur;Male;26;9;4;4;5;4;4;5;4;3;4;5;4;4;5;overall good
18/12/2025 19.23;Tanah Sareal;Female;54;7;4;4;4;4;3;3;3;4;4;4;4;4;3;overall good
21/12/2025 19.26;Bogor Tengah;Male;42;10;3;3;3;3;3;3;4;4;3;3;2;4;3;improve Branch Cleanliness
06/12/2025 15.44;Gunung Putri;Female;23;7;3;4;4;4;4;4;4;4;4;5;4;4;4;overall good
03/12/2025 01.07;Tanah Sareal;Male;48;7;4;4;5;4;4;4;4;4;4;3;5;4;4;overall good
18/12/2025 12.58;Yasmin;Female;24;7;4;4;5;5;3;4;4;4;4;4;3;5;5;overall good
02/12/2025 07.46;Leuwiliang;Male;46;0;4;4;5;4;4;4;4;4;4;4;4;4;4;overall good
16/12/2025 13.16;Leuwiliang;Female;30;7;4;4;3;4;3;3;3;3;4;4;4;4;4;overall good
11/12/2025 14.41;Yasmin;Male;27;6;3;4;3;2;4;3;3;3;4;3;3;3;3;improve Account Opening
25/12/2025 17.06;Cileungsi;Female;42;10;4;4;4;4;4;3;4;4;3;4;4;4;3;overall good
24/12/2025 13.30;Cijeruk;Male;32;9;4;4;4;4;4;4;3;3;3;4;4;4;4;overall good
07/12/2025 22.08;Caringin;Female;48;5;3;4;4;3;4;4;3;4;4;4;4;5;3;overall good
13/12/2025 19.19;Kemang;Male;34;6;3;4;4;3;4;4;4;4;5;4;4;4;3;overall good
27/12/2025 22.04;Dramaga;Female;23;10;4;4;3;4;4;4;4;4;4;4;4;4;4;overall good
10/12/2025 10.06;Bogor Tengah;Male;54;6;4;3;3;4;3;4;3;4;4;3;4;4;3;overall good
20/12/2025 18.43;Ciomas;Female;40;9;4;3;3;4;3;4;3;3;5;4;4;3;3;overall good
30/12/2025 19.57;Bogor Barat;Male;34;10;4;4;4;4;4;4;4;4;4;4;3;4;4;overall good
22/12/2025 22.04;Bogor Selatan;Female;24;10;3;4;4;4;4;4;3;4;3;3;4;3;4;overall good
18/12/2025 21.02;Bogor Tengah;Male;59;4;4;3;4;3;3;4;4;4;4;4;3;4;4;overall good
14/12/2025 20.56;Sukaraja;Female;58;8;4;3;3;4;4;3;3;3;4;4;4;3;4;overall good
22/12/2025 23.54;Sukaraja;Male;32;5;4;4;4;4;3;4;4;4;3;4;4;4;3;overall good
30/12/2025 00.32;Cileungsi;Female;58;3;3;3;3;3;3;3;2;3;3;3;3;4;3;improve Internet Banking
31/12/2025 07.34;Sukaraja;Male;60;3;4;4;4;4;3;4;4;5;4;4;5;4;4;overall good
15/12/2025 09.20;Sukaraja;Female;45;5;4;5;5;4;5;4;5;5;5;5;4;5;4;overall good
05/12/2025 08.27;Cijeruk;Male;62;8;4;4;5;4;4;4;4;4;5;4;4;4;5;overall good
29/12/2025 02.54;Ciawi;Female;39;10;4;4;4;4;4;4;3;3;4;4;4;3;3;overall good
08/12/2025 03.11;Leuwiliang;Male;61;1;4;4;4;4;4;4;4;3;4;4;3;4;4;overall good
25/12/2025 07.03;Ciomas;Female;57;9;4;5;5;4;4;4;3;3;3;4;4;5;3;overall good
09/12/2025 12.02;Dramaga;Male;57;7;4;4;4;4;4;4;4;5;4;4;3;4;5;overall good
15/12/2025 07.02;Yasmin;Female;27;9;3;3;3;3;4;3;3;4;4;3;4;3;3;overall good
20/12/2025 19.08;Tanah Sareal;Male;48;9;4;4;4;5;5;4;4;4;4;5;4;4;4;overall good
08/12/2025 12.35;Kemang;Female;65;10;4;3;3;3;3;4;3;3;4;4;4;4;4;overall good
02/12/2025 11.33;Leuwiliang;Male;61;10;3;3;4;5;3;3;4;3;3;3;3;4;4;overall good
28/12/2025 06.22;Babakan Madang;Female;32;2;3;3;3;3;3;3;3;3;4;3;3;3;3;overall good
30/12/2025 05.50;Cibinong;Male;54;8;4;4;4;3;5;5;4;5;3;3;3;4;4;overall good
28/12/2025 05.47;Bojonggede;Female;62;9;3;5;4;4;4;3;4;4;4;4;5;3;4;overall good
20/12/2025 18.44;Bogor Tengah;Male;39;2;3;3;4;3;4;3;5;4;3;4;4;4;4;overall good
30/12/2025 14.42;Bogor Selatan;Female;30;4;4;3;4;4;3;4;3;3;3;3;4;2;4;improve Staff Friendliness
20/12/2025 17.17;Gunung Putri;Male;42;9;4;4;4;4;4;4;3;3;4;3;4;3;3;overall good
22/12/2025 01.48;Sukaraja;Female;43;7;3;4;4;3;3;4;3;4;4;3;3;3;3;overall good
28/12/2025 19.29;Cileungsi;Male;26;8;4;4;4;4;4;4;5;3;4;3;4;3;5;overall good
11/12/2025 12.23;Leuwiliang;Female;43;9;4;4;4;4;4;4;5;5;4;4;4;5;4;overall good
05/12/2025 18.28;Bogor Tengah;Male;56;8;4;4;4;4;4;4;5;4;4;5;5;5;3;overall good
28/12/2025 17.51;Tanah Sareal;Female;33;2;4;4;4;4;4;5;4;4;4;4;3;3;4;overall good
13/12/2025 23.07;Ciomas;Male;28;9;3;4;4;4;3;4;3;4;4;4;4;4;3;overall good
25/12/2025 17.03;Leuwiliang;Female;55;10;3;3;3;3;4;4;4;4;4;3;4;2;4;improve Staff Friendliness
02/12/2025 10.18;Cileungsi;Male;61;6;4;4;3;3;4;4;5;3;4;5;4;3;5;overall good
01/12/2025 07.35;Baranangsiang;Female;51;7;4;5;5;5;4;4;5;5;4;4;4;3;5;overall good
04/12/2025 00.56;Ciawi;Male;48;3;3;4;4;3;3;4;4;3;4;4;3;4;4;overall good
19/12/2025 19.06;Bogor Barat;Female;28;6;4;4;4;3;4;4;4;3;4;4;4;4;4;overall good
30/12/2025 16.54;Ciawi;Male;33;9;4;4;4;4;4;4;4;3;4;4;4;3;4;overall good
19/12/2025 05.07;Ciomas;Female;22;9;4;5;4;4;4;4;5;4;4;4;4;3;5;overall good
04/12/2025 21.19;Ciawi;Male;24;8;4;4;4;3;4;3;4;4;3;3;4;3;4;overall good
03/12/2025 15.17;Dramaga;Female;61;8;4;4;4;4;4;3;4;3;4;4;3;4;4;overall good
29/12/2025 06.37;Babakan Madang;Male;47;7;4;4;4;3;4;4;4;4;4;5;3;4;3;overall good
03/12/2025 10.36;Babakan Madang;Female;62;7;3;4;4;4;4;4;4;4;4;4;5;3;4;overall good
01/12/2025 19.35;Bojonggede;Male;35;8;4;3;3;3;5;4;4;5;4;5;4;4;5;overall good
19/12/2025 23.14;Caringin;Female;49;10;4;5;4;4;4;3;4;4;3;4;4;4;5;overall good
